Depth,Stratigraphy,Temp,GR,CAL,PHIN,RHOB,VSH,Lithology,Rock_type,model_number_TC,uncertainty_TC,model_number_raw_TC,model_number_SHC,uncertainty_SHC,model_number_raw_SHC,model_number_TD,uncertainty_TD,model_number_raw_TD,TC_prediction,TC_prediction_raw,SHC_prediction,SHC_prediction_raw,TD_prediction,TD_prediction_raw
      0.25, Quaternary-Saale,   -999.25,   8.59859,      -999,,,0.065429,              S,3,3,21.2,3,3,9.6,3,3,30.9,3,2.9057378220795536,2.9057378220795536,1556.528329346603,1556.528329346603,1.1672070596388664,1.1672070596388664
      0.50, Quaternary-Saale,   -999.25,   7.65106,      -999,,,0.0482012,              S,3,3,21.2,3,3,9.6,3,3,30.9,3,2.936654567460207,2.936654567460207,1556.1477558604286,1556.1477558604286,1.1795667158104295,1.1795667158104295
      0.75, Quaternary-Saale,   -999.25,   7.70233,      -999,,,0.0491333,              S,3,3,21.2,3,3,9.6,3,3,30.9,3,2.934981835110789,2.934981835110789,1556.1683465653625,1556.1683465653625,1.1788980038728918,1.1788980038728918
      1.00, Quaternary-Saale,   -999.25,   9.43716,      -999,,,0.0806757,              S,3,3,21.2,3,3,9.6,3,3,30.9,3,2.8783763283429646,2.8783763283429646,1556.8651390246614,1556.8651390246614,1.1562686943367981,1.1562686943367981
      1.25, Quaternary-Saale,   -999.25,   10.4574,      -999,,,0.0992253,              S,3,3,21.2,3,3,9.6,3,3,30.9,3,2.8450875009759784,2.8450875009759784,1557.2749119462846,1557.2749119462846,1.142960745665463,1.142960745665463
      1.50, Quaternary-Saale,   -999.25,   10.6241,      -999,,,0.102256,              S,3,3,21.2,3,3,9.6,3,3,30.9,3,2.8396486532864795,2.8396486532864795,1557.3418621119788,1557.3418621119788,1.1407864454089498,1.1407864454089498
      1.75, Quaternary-Saale,   -999.25,   10.6241,      -999,,,0.102256,              S,3,3,21.2,3,3,9.6,3,3,30.9,3,2.8396486532864795,2.8396486532864795,1557.3418621119788,1557.3418621119788,1.1407864454089498,1.1407864454089498
      2.00, Quaternary-Saale,   -999.25,    11.215,      -999,,,0.112999,              S,3,3,21.2,3,3,9.6,3,3,30.9,3,2.8203694304243405,2.8203694304243405,1557.579182080981,1557.579182080981,1.133079147538583,1.133079147538583
      2.25, Quaternary-Saale,   -999.25,   7.30656,      -999,,,0.0419375,              S,3,3,21.2,3,3,9.6,3,3,30.9,3,2.947895307313282,2.947895307313282,1556.0093865883596,1556.0093865883596,1.1840604514215824,1.1840604514215824
      2.50, Quaternary-Saale,   -999.25,   7.50927,      -999,,,0.0456231,              S,3,3,21.2,3,3,9.6,3,3,30.9,3,2.9412811861384984,2.9412811861384984,1556.0908039278133,1556.0908039278133,1.1814163094657952,1.1814163094657952
      2.75, Quaternary-Saale,   -999.25,   7.45242,      -999,,,0.0445894,              S,3,3,21.2,3,3,9.6,3,3,30.9,3,2.943136248288046,2.943136248288046,1556.0679688117418,1556.0679688117418,1.1821579117936922,1.1821579117936922
      3.00, Quaternary-Saale,      9.79,   5.80017,      -999,,,0.0145486,              S,3,3,21.2,3,3,9.6,3,3,30.9,3,2.9970470067500163,2.9970470067500163,1555.404347688704,1555.404347688704,1.2037099357966814,1.2037099357966814
      3.25, Quaternary-Saale,      9.79,   5.80017,      -999,,,0.0145486,              S,3,3,21.2,3,3,9.6,3,3,30.9,3,2.9970470067500163,2.9970470067500163,1555.404347688704,1555.404347688704,1.2037099357966814,1.2037099357966814
      3.50, Quaternary-Saale,   9.78667,    5.6811,      -999,,,0.0123837,              S,3,3,21.2,3,3,9.6,3,3,30.9,3,3.0009321030521896,3.0009321030521896,1555.3565236171328,1555.3565236171328,1.2052630893999166,1.2052630893999166
      3.75, Quaternary-Saale,    9.7875,   6.58151,      -999,,,0.0287547,              S,3,3,21.2,3,3,9.6,3,3,30.9,3,2.9715529577970394,2.9715529577970394,1555.7181698251316,1555.7181698251316,1.1935181230557135,1.1935181230557135
      4.00, Quaternary-Saale,      9.79,   6.67828,      -999,,,0.0305142,              S,3,3,21.2,3,3,9.6,3,3,30.9,3,2.968395386110738,2.968395386110738,1555.7570383428135,1555.7570383428135,1.1922558135888133,1.1922558135888133
      4.25, Quaternary-Saale,      9.79,   8.32893,      -999,,,0.060526,              S,3,3,21.2,3,3,9.6,3,3,30.9,3,2.914536670603529,2.914536670603529,1556.4200188366879,1556.4200188366879,1.170724594913781,1.170724594913781
      4.50, Quaternary-Saale,      9.79,   9.77744,      -999,,,0.0868625,              S,3,3,21.2,3,3,9.6,3,3,30.9,3,2.8672735920492403,2.8672735920492403,1557.0018095249147,1557.0018095249147,1.151830128715986,1.151830128715986
      4.75, Quaternary-Saale,      9.79,   9.77744,      -999,,,0.0868625,              S,3,3,21.2,3,3,9.6,3,3,30.9,3,2.8672735920492403,2.8672735920492403,1557.0018095249147,1557.0018095249147,1.151830128715986,1.151830128715986
      5.00, Quaternary-Saale,       9.8,   9.33473,      -999,,,0.0788133,              S,3,3,21.2,3,3,9.6,3,3,30.9,3,2.8817185627894366,2.8817185627894366,1556.8239973779828,1556.8239973779828,1.15760482684669,1.15760482684669
      5.25, Quaternary-Saale,       9.8,    8.4785,      -999,,,0.0632455,              S,3,3,21.2,3,3,9.6,3,3,30.9,3,2.90965629765616,2.90965629765616,1556.4800943887406,1556.4800943887406,1.1687735573489981,1.1687735573489981
      5.50, Quaternary-Saale,       9.8,   9.62577,      -999,,,0.084105,              S,3,3,21.2,3,3,9.6,3,3,30.9,3,2.8722221592131936,2.8722221592131936,1556.9408945277517,1556.9408945277517,1.1538084284346433,1.1538084284346433
      5.75, Quaternary-Saale,      9.81,   7.57386,      -999,,,0.0467974,              S,3,3,21.2,3,3,9.6,3,3,30.9,3,2.9391738053875898,2.9391738053875898,1556.116744990794,1556.116744990794,1.1805738371685623,1.1805738371685623
      6.00, Quaternary-Saale,      9.81,   5.79222,      -999,,,0.014404,              S,3,3,21.2,3,3,9.6,3,3,30.9,3,2.997306503689965,2.997306503689965,1555.4011533791522,1555.4011533791522,1.2038136754664248,1.2038136754664248
      6.25, Quaternary-Saale,   9.81667,   5.79222,      -999,,,0.014404,              S,3,3,21.2,3,3,9.6,3,3,30.9,3,2.997306503689965,2.997306503689965,1555.4011533791522,1555.4011533791522,1.2038136754664248,1.2038136754664248
      6.50, Quaternary-Saale,      9.82,   5.31481,      -999,,,0.00572384,              S,3,3,21.2,3,3,9.6,3,3,30.9,3,3.0128837855589983,3.0128837855589983,1555.20940290888,1555.20940290888,1.2100410401394623,1.2100410401394623
      6.75, Quaternary-Saale,   9.82667,   4.39973,      -999,,,-0.0109141,              S,3,3,21.2,3,3,9.6,3,3,30.9,3,3.042741977239804,3.042741977239804,1554.8418598198868,1554.8418598198868,1.221977515940383,1.221977515940383
      7.00, Quaternary-Saale,      9.83,   5.72758,      -999,,,0.0132286,              S,3,3,21.2,3,3,9.6,3,3,30.9,3,2.999415858483985,2.999415858483985,1555.3751880164448,1555.3751880164448,1.2046569369312699,1.2046569369312699
      7.25, Quaternary-Saale,      9.84,   7.83956,      -999,,,0.0516284,              S,3,3,21.2,3,3,9.6,3,3,30.9,3,2.9305041669581944,2.9305041669581944,1556.223464973131,1556.223464973131,1.177107956500989,1.177107956500989
      7.50, Quaternary-Saale,      9.84,   9.36534,      -999,,,0.0793699,              S,3,3,21.2,3,3,9.6,3,3,30.9,3,2.8807196969749467,2.8807196969749467,1556.8362930397855,1556.8362930397855,1.1572055080349386,1.1572055080349386
      7.75, Quaternary-Saale,      9.85,   9.36534,      -999,,,0.0793699,              S,3,3,21.2,3,3,9.6,3,3,30.9,3,2.8807196969749467,2.8807196969749467,1556.8362930397855,1556.8362930397855,1.1572055080349386,1.1572055080349386
      8.00, Quaternary-Saale,      9.85,   9.18269,      -999,,,0.076049,              S,3,3,21.2,3,3,9.6,3,3,30.9,3,2.886679333128989,2.886679333128989,1556.7629321643262,1556.7629321643262,1.1595880050560408,1.1595880050560408
      8.25, Quaternary-Saale,      9.86,   9.30279,      -999,,,0.0782326,              S,3,3,21.2,3,3,9.6,3,3,30.9,3,2.882760678093918,2.882760678093918,1556.8111693312546,1556.8111693312546,1.1580214356033989,1.1580214356033989
      8.50, Quaternary-Saale,      9.86,   8.29596,      -999,,,0.0599265,              S,3,3,21.2,3,3,9.6,3,3,30.9,3,2.915612524099373,2.915612524099373,1556.4067754855369,1556.4067754855369,1.1711546912624067,1.1711546912624067
      8.75, Quaternary-Saale,      9.87,   8.21362,      -999,,,0.0584295,              S,3,3,21.2,3,3,9.6,3,3,30.9,3,2.918299017315851,2.918299017315851,1556.3737057663154,1556.3737057663154,1.1722286766400423,1.1722286766400423
      9.00, Quaternary-Saale,      9.87,   7.06931,      -999,,,0.0376239,              S,3,3,21.2,3,3,9.6,3,3,30.9,3,2.9556364276463474,2.9556364276463474,1555.9140963139216,1555.9140963139216,1.1871551363414012,1.1871551363414012
      9.25, Quaternary-Saale,      9.88,   7.06931,      -999,,,0.0376239,              S,3,3,21.2,3,3,9.6,3,3,30.9,3,2.9556364276463474,2.9556364276463474,1555.9140963139216,1555.9140963139216,1.1871551363414012,1.1871551363414012
      9.50, Quaternary-Saale,      9.88,   7.58655,      -999,,,0.0470282,              S,3,3,21.2,3,3,9.6,3,3,30.9,3,2.9387596152510747,2.9387596152510747,1556.121843515307,1556.121843515307,1.1804082554550297,1.1804082554550297
      9.75, Quaternary-Saale,      9.89,   7.94817,      -999,,,0.053603,              S,3,3,21.2,3,3,9.6,3,3,30.9,3,2.926960580114335,2.926960580114335,1556.2670851919518,1556.2670851919518,1.1756913288946569,1.1756913288946569
     10.00, Quaternary-Saale,      9.89,   7.69564,      -999,,,0.0490116,              S,3,3,21.2,3,3,9.6,3,3,30.9,3,2.935200236062322,2.935200236062322,1556.165658131943,1556.165658131943,1.1789853145078004,1.1789853145078004
     10.25, Quaternary-Saale,       9.9,   9.00943,      -999,,,0.0728987,              S,3,3,21.2,3,3,9.6,3,3,30.9,3,2.8923328131422625,2.8923328131422625,1556.6933399555999,1556.6933399555999,1.1618481093547486,1.1618481093547486
     10.50, Quaternary-Saale,       9.9,   8.47607,      -999,,,0.0632012,              S,3,3,21.2,3,3,9.6,3,3,30.9,3,2.90973579775602,2.90973579775602,1556.479115772467,1556.479115772467,1.168805339281015,1.168805339281015
     10.75, Quaternary-Saale,       9.9,   8.47607,      -999,,,0.0632012,              S,3,3,21.2,3,3,9.6,3,3,30.9,3,2.90973579775602,2.90973579775602,1556.479115772467,1556.479115772467,1.168805339281015,1.168805339281015
     11.00, Quaternary-Saale,      9.91,   8.90112,      -999,,,0.0709295,              S,3,3,21.2,3,3,9.6,3,3,30.9,3,2.8958667092290282,2.8958667092290282,1556.6498390263473,1556.6498390263473,1.16326086286553,1.16326086286553
     11.25, Quaternary-Saale,      9.91,   9.26287,      -999,,,0.0775067,              S,3,3,21.2,3,3,9.6,3,3,30.9,3,2.8840633670891362,2.8840633670891362,1556.795133720578,1556.795133720578,1.1585422144849125,1.1585422144849125
     11.50, Quaternary-Saale,      9.92,    9.1318,      -999,,,0.0751236,              S,3,3,21.2,3,3,9.6,3,3,30.9,3,2.8883400417612726,2.8883400417612726,1556.7424894668195,1556.7424894668195,1.1602519102453956,1.1602519102453956
     11.75, Quaternary-Saale,      9.92,   9.84136,      -999,,,0.0880248,              S,3,3,21.2,3,3,9.6,3,3,30.9,3,2.865187746314095,2.865187746314095,1557.0274854999655,1557.0274854999655,1.1509962655199766,1.1509962655199766
     12.00, Quaternary-Saale,      9.93,   9.56543,      -999,,,0.0830078,              S,3,3,21.2,3,3,9.6,3,3,30.9,3,2.8741911774878224,2.8741911774878224,1556.916656654719,1556.916656654719,1.1545955872565148,1.1545955872565148
     12.25, Quaternary-Saale,      9.93,   9.56543,      -999,,,0.0830078,              S,3,3,21.2,3,3,9.6,3,3,30.9,3,2.8741911774878224,2.8741911774878224,1556.916656654719,1556.916656654719,1.1545955872565148,1.1545955872565148
     12.50, Quaternary-Saale,      9.94,   8.45596,      -999,,,0.0628356,              S,3,3,21.2,3,3,9.6,3,3,30.9,3,2.910391897902943,2.910391897902943,1556.4710394268775,1556.4710394268775,1.169067629898292,1.169067629898292
     12.75, Quaternary-Saale,      9.94,   7.87047,      -999,,,0.0521903,              S,3,3,21.2,3,3,9.6,3,3,30.9,3,2.9294957898450757,2.9294957898450757,1556.2358777154361,1556.2358777154361,1.176704835336197,1.176704835336197
     13.00, Quaternary-Saale,      9.95,   8.51327,      -999,,,0.0638776,              S,3,3,21.2,3,3,9.6,3,3,30.9,3,2.9085219407008256,2.9085219407008256,1556.4940578954338,1556.4940578954338,1.1683200729420486,1.1683200729420486
     13.25, Quaternary-Saale,      9.95,   8.93727,      -999,,,0.0715867,              S,3,3,21.2,3,3,9.6,3,3,30.9,3,2.8946873081990554,2.8946873081990554,1556.664357008627,1556.664357008627,1.1627893710885213,1.1627893710885213
     13.50, Quaternary-Saale,      9.96,   9.49607,      -999,,,0.0817467,              S,3,3,21.2,3,3,9.6,3,3,30.9,3,2.8764543281860857,2.8764543281860857,1556.8887981223809,1556.8887981223809,1.1555003320525978,1.1555003320525978
     13.75, Quaternary-Saale,      9.96,   9.49607,      -999,,,0.0817467,              S,3,3,21.2,3,3,9.6,3,3,30.9,3,2.8764543281860857,2.8764543281860857,1556.8887981223809,1556.8887981223809,1.1555003320525978,1.1555003320525978
     14.00, Quaternary-Saale,      9.97,   9.80155,      -999,,,0.087301,              S,3,3,21.2,3,3,9.6,3,3,30.9,3,2.8664866666815545,2.8664866666815545,1557.0114962796765,1557.0114962796765,1.151515537808776,1.151515537808776
     14.25, Quaternary-Saale,      9.97,   9.33471,      -999,,,0.0788129,              S,3,3,21.2,3,3,9.6,3,3,30.9,3,2.881719280623295,2.881719280623295,1556.8239885417183,1556.8239885417183,1.157605113816731,1.157605113816731
     14.50, Quaternary-Saale,      9.98,   8.52705,      -999,,,0.0641281,              S,3,3,21.2,3,3,9.6,3,3,30.9,3,2.9080723972467655,2.9080723972467655,1556.499591605965,1556.499591605965,1.1681403579540075,1.1681403579540075
     14.75, Quaternary-Saale,      9.98,   7.05572,      -999,,,0.0373768,              S,3,3,21.2,3,3,9.6,3,3,30.9,3,2.9560798695126076,2.9560798695126076,1555.9086377116373,1555.9086377116373,1.1873324120840958,1.1873324120840958
     15.00, Quaternary-Saale,      9.99,   8.21052,      -999,,,0.058373,              S,3,3,21.2,3,3,9.6,3,3,30.9,3,2.9184004113484034,2.9184004113484034,1556.37245764398,1556.37245764398,1.172269211158303,1.172269211158303
     15.25, Quaternary-Saale,      9.99,   8.21052,      -999,,,0.058373,              S,3,3,21.2,3,3,9.6,3,3,30.9,3,2.9184004113484034,2.9184004113484034,1556.37245764398,1556.37245764398,1.172269211158303,1.172269211158303
     15.50, Quaternary-Saale,      9.99,   8.10681,      -999,,,0.0564874,              S,3,3,21.2,3,3,9.6,3,3,30.9,3,2.9217842801586844,2.9217842801586844,1556.3308034939707,1556.3308034939707,1.1736219879305605,1.1736219879305605
     15.75, Quaternary-Saale,        10,   7.00124,      -999,,,0.0363862,              S,3,3,21.2,3,3,9.6,3,3,30.9,3,2.957857585063872,2.957857585063872,1555.8867547030463,1555.8867547030463,1.1880430933900985,1.1880430933900985
     16.00, Quaternary-Saale,     10.01,     7.345,      -999,,,0.0426363,              S,3,3,21.2,3,3,9.6,3,3,30.9,3,2.946641251561996,2.946641251561996,1556.0248235421284,1556.0248235421284,1.1835591147603322,1.1835591147603322
     16.25, Quaternary-Saale,     10.01,   8.68796,      -999,,,0.0670537,              S,3,3,21.2,3,3,9.6,3,3,30.9,3,2.902822160403661,2.902822160403661,1556.564220043209,1556.564220043209,1.1660414590757104,1.1660414590757104
     16.50, Quaternary-Saale,     10.02,   8.64137,      -999,,,0.0662067,              S,3,3,21.2,3,3,9.6,3,3,30.9,3,2.9043421735996238,2.9043421735996238,1556.5455092535092,1556.5455092535092,1.1666491181370713,1.1666491181370713
     16.75, Quaternary-Saale,     10.02,   8.64137,      -999,,,0.0662067,              S,3,3,21.2,3,3,9.6,3,3,30.9,3,2.9043421735996238,2.9043421735996238,1556.5455092535092,1556.5455092535092,1.1666491181370713,1.1666491181370713
     17.00, Quaternary-Saale,     10.02,   7.96534,      -999,,,0.0539152,              S,3,3,21.2,3,3,9.6,3,3,30.9,3,2.9264003107875585,2.9264003107875585,1556.2739818962543,1556.2739818962543,1.1754673487778247,1.1754673487778247
     17.25, Quaternary-Saale,     10.03,   7.80121,      -999,,,0.0509311,              S,3,3,21.2,3,3,9.6,3,3,30.9,3,2.93175553083251,2.93175553083251,1556.2080611553533,1556.2080611553533,1.1776082170245863,1.1776082170245863
     17.50, Quaternary-Saale,     10.03,   8.09083,      -999,,,0.0561969,              S,3,3,21.2,3,3,9.6,3,3,30.9,3,2.922305606998622,2.922305606998622,1556.3243861570077,1556.3243861570077,1.1738303999226802,1.1738303999226802
     17.75, Quaternary-Saale,     10.04,   7.68616,      -999,,,0.0488393,              S,3,3,21.2,3,3,9.6,3,3,30.9,3,2.935509442996991,2.935509442996991,1556.1618519110866,1556.1618519110866,1.1791089268528683,1.1791089268528683
     18.00, Quaternary-Saale,     10.04,   9.67739,      -999,,,0.0850435,              S,3,3,21.2,3,3,9.6,3,3,30.9,3,2.8705379415220347,2.8705379415220347,1556.9616266129149,1556.9616266129149,1.153135124976453,1.153135124976453
     18.25, Quaternary-Saale,     10.05,   9.67739,      -999,,,0.0850435,              S,3,3,21.2,3,3,9.6,3,3,30.9,3,2.8705379415220347,2.8705379415220347,1556.9616266129149,1556.9616266129149,1.153135124976453,1.153135124976453
     18.50, Quaternary-Saale,     10.05,   9.64125,      -999,,,0.0843863,              S,3,3,21.2,3,3,9.6,3,3,30.9,3,2.8717173425520075,2.8717173425520075,1556.9471086306353,1556.9471086306353,1.1536066167534618,1.1536066167534618
     18.75, Quaternary-Saale,     10.06,   9.52242,      -999,,,0.0822259,              S,3,3,21.2,3,3,9.6,3,3,30.9,3,2.8755943632232692,2.8755943632232692,1556.8993839670375,1556.8993839670375,1.1551565419437382,1.1551565419437382
     19.00, Quaternary-Saale,     10.06,    9.4042,      -999,,,0.0800764,              S,3,3,21.2,3,3,9.6,3,3,30.9,3,2.8794518229218795,2.8794518229218795,1556.8519000916424,1556.8519000916424,1.1566986472004033,1.1566986472004033
     19.25, Quaternary-Saale,     10.07,   8.67441,      -999,,,0.0668074,              S,3,3,21.2,3,3,9.6,3,3,30.9,3,2.9032641666022037,2.9032641666022037,1556.5587791134533,1556.5587791134533,1.1662181608783233,1.1662181608783233
     19.50, Quaternary-Saale,     10.08,   9.80803,      -999,,,0.0874187,              S,3,3,21.2,3,3,9.6,3,3,30.9,3,2.866275444068609,2.866275444068609,1557.014096350453,1557.014096350453,1.1514310968742751,1.1514310968742751
     19.75, Quaternary-Saale,     10.08,   9.80803,      -999,,,0.0874187,              S,3,3,21.2,3,3,9.6,3,3,30.9,3,2.866275444068609,2.866275444068609,1557.014096350453,1557.014096350453,1.1514310968742751,1.1514310968742751
     20.00, Quaternary-Saale,     10.08,   10.7891,      -999,,,0.105256,              S,3,3,21.2,3,3,9.6,3,3,30.9,3,2.834264899345642,2.834264899345642,1557.4081340943867,1557.4081340943867,1.138634170103067,1.138634170103067
     20.25, Quaternary-Saale,     10.09,   11.8001,      -999,,,0.123639,              S,3,3,21.2,3,3,9.6,3,3,30.9,3,2.8012750497808367,2.8012750497808367,1557.8142267119201,1557.8142267119201,1.1254457444537183,1.1254457444537183
     20.50, Quaternary-Saale,     10.09,   11.7884,      -999,,,0.123426,              S,3,3,21.2,3,3,9.6,3,3,30.9,3,2.801657296310636,2.801657296310636,1557.8095214011691,1557.8095214011691,1.125598556000436,1.125598556000436
     20.75, Quaternary-Saale,      10.1,   10.1053,      -999,,,0.0928236,              S,3,3,21.2,3,3,9.6,3,3,30.9,3,2.8565758935103314,2.8565758935103314,1557.1334941630248,1557.1334941630248,1.1475534859406864,1.1475534859406864
     21.00, Quaternary-Saale,      10.1,    10.684,      -999,,,0.103345,              S,3,3,21.2,3,3,9.6,3,3,30.9,3,2.8376943506059553,2.8376943506059553,1557.365918841593,1557.365918841593,1.1400051694729143,1.1400051694729143
     21.25, Quaternary-Saale,     10.11,    10.684,      -999,,,0.103345,              S,3,3,21.2,3,3,9.6,3,3,30.9,3,2.8376943506059553,2.8376943506059553,1557.365918841593,1557.365918841593,1.1400051694729143,1.1400051694729143
     21.50, Quaternary-Saale,     10.11,   11.1674,      -999,,,0.112135,              S,3,3,21.2,3,3,9.6,3,3,30.9,3,2.821919951559302,2.821919951559302,1557.5600957500474,1557.5600957500474,1.1336990028266773,1.1336990028266773
     21.75, Quaternary-Saale,     10.11,   13.2494,      -999,,,0.149989,              S,3,3,21.2,3,3,9.6,3,3,30.9,3,2.753987744333814,2.753987744333814,1558.3963156240677,1558.3963156240677,1.1065415930170468,1.1065415930170468
     22.00, Quaternary-Saale,     10.12,   12.7576,      -999,,,0.141046,              S,3,3,21.2,3,3,9.6,3,3,30.9,3,2.7700367148314506,2.7700367148314506,1558.1987588445104,1558.1987588445104,1.1129575257038837,1.1129575257038837
     22.25, Quaternary-Saale,     10.12,   12.0466,      -999,,,0.12812,              S,3,3,21.2,3,3,9.6,3,3,30.9,3,2.7932335159778723,2.7932335159778723,1557.9132149629763,1557.9132149629763,1.1222309625718312,1.1222309625718312
     22.50, Quaternary-Saale,     10.13,   14.1081,      -999,,,0.165603,              S,3,3,21.2,3,3,9.6,3,3,30.9,3,2.725967099656402,2.725967099656402,1558.7412392018389,1558.7412392018389,1.0953397174750281,1.0953397174750281
     22.75, Quaternary-Saale,     10.13,   14.1081,      -999,,,0.165603,              S,3,3,21.2,3,3,9.6,3,3,30.9,3,2.725967099656402,2.725967099656402,1558.7412392018389,1558.7412392018389,1.0953397174750281,1.0953397174750281
     23.00, Quaternary-Saale,     10.14,   12.6758,      -999,,,0.13956,              S,3,3,21.2,3,3,9.6,3,3,30.9,3,2.7727034676168123,2.7727034676168123,1558.1659321225577,1558.1659321225577,1.1140236194053976,1.1140236194053976
     23.25, Quaternary-Saale,     10.14,   11.3761,      -999,,,0.115929,              S,3,3,21.2,3,3,9.6,3,3,30.9,3,2.815111297408789,2.815111297408789,1557.6439077171324,1557.6439077171324,1.1309770919898374,1.1309770919898374
     23.50, Quaternary-Saale,     10.15,   10.8278,      -999,,,0.10596,              S,3,3,21.2,3,3,9.6,3,3,30.9,3,2.8330015117541922,2.8330015117541922,1557.4236859195917,1557.4236859195917,1.1381291028312863,1.1381291028312863
     23.75, Quaternary-Saale,     10.15,   11.8947,      -999,,,0.125357,              S,3,3,21.2,3,3,9.6,3,3,30.9,3,2.798191953357384,2.798191953357384,1557.8521784671789,1557.8521784671789,1.1242132081285494,1.1242132081285494
     24.00, Quaternary-Saale,     10.16,   13.0388,      -999,,,0.146161,              S,3,3,21.2,3,3,9.6,3,3,30.9,3,2.760857414362323,2.760857414362323,1558.3117525745154,1558.3117525745154,1.1092878963073534,1.1092878963073534
     24.25, Quaternary-Saale,     10.16,   13.0388,      -999,,,0.146161,              S,3,3,21.2,3,3,9.6,3,3,30.9,3,2.760857414362323,2.760857414362323,1558.3117525745154,1558.3117525745154,1.1092878963073534,1.1092878963073534
     24.50, Quaternary-Saale,     10.17,   10.1764,      -999,,,0.0941156,              S,3,3,21.2,3,3,9.6,3,3,30.9,3,2.8542572901464776,2.8542572901464776,1557.1620352967818,1557.1620352967818,1.1466265727089529,1.1466265727089529
     24.75, Quaternary-Saale,   10.1775,    7.8715,      -999,,,0.0522091,              S,3,3,21.2,3,3,9.6,3,3,30.9,3,2.929462051653713,2.929462051653713,1556.2362930198592,1556.2362930198592,1.1766913477442802,1.1766913477442802
     25.00, Quaternary-Saale,     10.18,   9.34637,      -999,,,0.0790249,              S,3,3,21.2,3,3,9.6,3,3,30.9,3,2.881338828678143,2.881338828678143,1556.8286717618084,1556.8286717618084,1.1574530196951152,1.1574530196951152
     25.25, Quaternary-Saale,     10.19,   11.0333,      -999,,,0.109696,              S,3,3,21.2,3,3,9.6,3,3,30.9,3,2.8262969435132024,2.8262969435132024,1557.5062166283499,1557.5062166283499,1.1354488026503602,1.1354488026503602
     25.50, Quaternary-Saale,     10.19,   12.8572,      -999,,,0.142859,              S,3,3,21.2,3,3,9.6,3,3,30.9,3,2.766783132866538,2.766783132866538,1558.2388092125454,1558.2388092125454,1.1116568339940285,1.1116568339940285
     25.75, Quaternary-Saale,   10.1967,   12.8572,      -999,,,0.142859,              S,3,3,21.2,3,3,9.6,3,3,30.9,3,2.766783132866538,2.766783132866538,1558.2388092125454,1558.2388092125454,1.1116568339940285,1.1116568339940285
     26.00, Quaternary-Saale,      10.2,   15.6925,      -999,,,0.19441,              S,3,3,21.2,3,3,9.6,3,3,30.9,3,2.674270499731833,2.674270499731833,1559.3776048675784,1559.3776048675784,1.0746728525628386,1.0746728525628386
     26.25, Quaternary-Saale,    10.205,   15.5361,      -999,,,0.191566,              S,3,3,21.2,3,3,9.6,3,3,30.9,3,2.679374298467747,2.679374298467747,1559.3147790282558,1559.3147790282558,1.0767132095528156,1.0767132095528156
     26.50, Quaternary-Saale,     10.21,    14.583,      -999,,,0.174237,              S,3,3,21.2,3,3,9.6,3,3,30.9,3,2.7104726558146717,2.7104726558146717,1558.9319699672083,1558.9319699672083,1.0891454691446971,1.0891454691446971
     26.75, Quaternary-Saale,     10.22,   12.9932,      -999,,,0.145331,              S,3,3,21.2,3,3,9.6,3,3,30.9,3,2.762346919619288,2.762346919619288,1558.2934173260494,1558.2934173260494,1.109883359141981,1.109883359141981
     27.00, Quaternary-Saale,     10.22,   14.3104,      -999,,,0.16928,              S,3,3,21.2,3,3,9.6,3,3,30.9,3,2.7193684119095822,2.7193684119095822,1558.8224665616099,1558.8224665616099,1.0927017453751176,1.0927017453751176
     27.25, Quaternary-Saale,     10.23,   14.3104,      -999,,,0.16928,              S,3,3,21.2,3,3,9.6,3,3,30.9,3,2.7193684119095822,2.7193684119095822,1558.8224665616099,1558.8224665616099,1.0927017453751176,1.0927017453751176
     27.50, Quaternary-Saale,     10.23,     14.19,      -999,,,0.16709,              S,3,3,21.2,3,3,9.6,3,3,30.9,3,2.7232985522863933,2.7232985522863933,1558.7740880144522,1558.7740880144522,1.0942729063484122,1.0942729063484122
     27.75, Quaternary-Saale,     10.24,   16.2203,      -999,,,0.204005,              S,3,3,21.2,3,3,9.6,3,3,30.9,3,2.657051460044388,2.657051460044388,1559.589564757979,1559.589564757979,1.067789158709523,1.067789158709523
     28.00, Quaternary-Saale,     10.24,   15.3681,      -999,,,0.18851,              S,3,3,21.2,3,3,9.6,3,3,30.9,3,2.6848585491488137,2.6848585491488137,1559.2472699688433,1559.2472699688433,1.0789056606644083,1.0789056606644083
     28.25, Quaternary-Saale,     10.25,   15.0599,      -999,,,0.182908,              S,3,3,21.2,3,3,9.6,3,3,30.9,3,2.694911812341004,2.694911812341004,1559.1235180870272,1559.1235180870272,1.0829246760855935,1.0829246760855935
     28.50, Quaternary-Saale,     10.25,   16.2466,      -999,,,0.204484,              S,3,3,21.2,3,3,9.6,3,3,30.9,3,2.656191853998501,2.656191853998501,1559.6001461845033,1559.6001461845033,1.0674455120856836,1.0674455120856836
     28.75, Quaternary-Saale,     10.26,   16.2466,      -999,,,0.204484,              S,3,3,21.2,3,3,9.6,3,3,30.9,3,2.656191853998501,2.656191853998501,1559.6001461845033,1559.6001461845033,1.0674455120856836,1.0674455120856836
     29.00, Quaternary-Saale,     10.26,   17.0482,       109,,,0.219059,              S,3,3,21.2,3,3,9.6,3,3,30.9,3,2.6300357827692653,2.6300357827692653,1559.9221175657008,1559.9221175657008,1.0569890412246026,1.0569890412246026
     29.25, Quaternary-Saale,   10.2733,   16.0199,       109,,,0.200363,              S,3,3,21.2,3,3,9.6,3,3,30.9,3,2.663587337328565,2.663587337328565,1559.509110571336,1559.509110571336,1.070402020930865,1.070402020930865
     29.50, Quaternary-Saale,     10.27,   16.1061,       109,,,0.20193,              S,3,3,21.2,3,3,9.6,3,3,30.9,3,2.6607752231868007,2.6607752231868007,1559.5437266368135,1559.5437266368135,1.069277815796092,1.069277815796092
     29.75, Quaternary-Saale,     10.28,   18.2028,       109,,,0.24005,              S,3,3,21.2,3,3,9.6,3,3,30.9,3,2.5923656564452253,2.5923656564452253,1560.3858226266073,1560.3858226266073,1.04192957090934,1.04192957090934
     30.00, Quaternary-Saale,     10.29,   17.1456,       109,,,0.220828,              S,3,3,21.2,3,3,9.6,3,3,30.9,3,2.6268611625288183,2.6268611625288183,1559.9611959446604,1559.9611959446604,1.0557199162192337,1.0557199162192337
     30.25, Quaternary-Saale,     10.29,   17.1456,       109,,,0.220828,              S,3,3,21.2,3,3,9.6,3,3,30.9,3,2.6268611625288183,2.6268611625288183,1559.9611959446604,1559.9611959446604,1.0557199162192337,1.0557199162192337
     30.50, Quaternary-Saale,      10.3,   16.8932,       109,,,0.216241,              S,3,3,21.2,3,3,9.6,3,3,30.9,3,2.635092922304359,2.635092922304359,1559.8598660835592,1559.8598660835592,1.0590107451619286,1.0590107451619286
     30.75, Quaternary-Saale,   10.3067,   16.7786,       109,,,0.214157,              S,3,3,21.2,3,3,9.6,3,3,30.9,3,2.638832836708594,2.638832836708594,1559.8138291464466,1559.8138291464466,1.0605058590744152,1.0605058590744152
     31.00, Quaternary-Saale,     10.31,   17.2212,       109,,,0.222204,              S,3,3,21.2,3,3,9.6,3,3,30.9,3,2.6243918140546207,2.6243918140546207,1559.9915926939248,1559.9915926939248,1.0547327392789354,1.0547327392789354
     31.25, Quaternary-Saale,     10.32,   17.2067,       109,,,0.221939,              S,3,3,21.2,3,3,9.6,3,3,30.9,3,2.6248673789860613,2.6248673789860613,1559.985738668812,1559.985738668812,1.054922856930955,1.054922856930955
     31.50, Quaternary-Saale,     10.32,   15.0214,       109,,,0.182207,              S,3,3,21.2,3,3,9.6,3,3,30.9,3,2.696169816178513,2.696169816178513,1559.1080325338046,1559.1080325338046,1.083427591082068,1.083427591082068
     31.75, Quaternary-Saale,     10.33,   15.0214,       109,,,0.182207,              S,3,3,21.2,3,3,9.6,3,3,30.9,3,2.696169816178513,2.696169816178513,1559.1080325338046,1559.1080325338046,1.083427591082068,1.083427591082068
     32.00, Quaternary-Saale,     10.33,   17.9769,        95,,,0.235943,              S,3,3,21.2,3,3,9.6,3,3,30.9,3,2.599736015590232,2.599736015590232,1560.2950962826912,1560.2950962826912,1.0448760358030935,1.0448760358030935
     32.25, Quaternary-Saale,     10.34,   15.8083,        92,,,0.196514,              S,3,3,21.2,3,3,9.6,3,3,30.9,3,2.670494693634659,2.670494693634659,1559.424083617907,1559.424083617907,1.0731633901483126,1.0731633901483126
     32.50, Quaternary-Saale,     10.35,   14.6052,        94,,,0.17464,              S,3,3,21.2,3,3,9.6,3,3,30.9,3,2.7097494382019525,2.7097494382019525,1558.9408725035116,1558.9408725035116,1.088856346828607,1.088856346828607
     32.75, Quaternary-Saale,     10.35,   15.0413,       193,,,0.18257,              S,3,3,21.2,3,3,9.6,3,3,30.9,3,2.695518381951672,2.695518381951672,1559.116051443676,1559.116051443676,1.0831671657700563,1.0831671657700563
     33.00, Quaternary-Saale,     10.36,   16.0986,       265,,,0.201792,              S,3,3,21.2,3,3,9.6,3,3,30.9,3,2.661022875868079,2.661022875868079,1559.540678125623,1559.540678125623,1.0693768204601626,1.0693768204601626
     33.25, Quaternary-Saale,     10.36,   16.0986,       272,,,0.201792,              S,3,3,21.2,3,3,9.6,3,3,30.9,3,2.661022875868079,2.661022875868079,1559.540678125623,1559.540678125623,1.0693768204601626,1.0693768204601626
     33.50, Quaternary-Saale,     10.37,   16.7335,       272,,,0.213337,              S,3,3,21.2,3,3,9.6,3,3,30.9,3,2.6403043961190895,2.6403043961190895,1559.7957148045884,1559.7957148045884,1.0610941476580231,1.0610941476580231
     33.75, Quaternary-Saale,   10.3733,   14.5237,       272,,,0.173159,              S,3,3,21.2,3,3,9.6,3,3,30.9,3,2.712407218064079,2.712407218064079,1558.908156234863,1558.908156234863,1.0899188534046111,1.0899188534046111
     34.00, Quaternary-Saale,     10.38,   12.0217,       280,,,0.127668,              S,3,3,21.2,3,3,9.6,3,3,30.9,3,2.794044668238292,2.794044668238292,1557.9032299842936,1557.9032299842936,1.1225552387179176,1.1225552387179176
     34.25, Quaternary-Saale,     10.39,   16.6811,       304,,,0.212384,              S,3,3,21.2,3,3,9.6,3,3,30.9,3,2.642014635287629,2.642014635287629,1559.7746624048436,1559.7746624048436,1.061777853780192,1.061777853780192
     34.50, Quaternary-Saale,     10.39,   21.6733,       287,,,0.303151,              S,3,3,21.2,3,3,9.6,3,3,30.9,3,2.4791255706382964,2.4791255706382964,1561.77976541391,1561.77976541391,0.9966593295505006,0.9966593295505006
     34.75, Quaternary-Saale,      10.4,   21.6733,       272,,,0.303151,              S,3,3,21.2,3,3,9.6,3,3,30.9,3,2.4791255706382964,2.4791255706382964,1561.77976541391,1561.77976541391,0.9966593295505006,0.9966593295505006
     35.00, Quaternary-Saale,      10.4,   22.8135,       270,,,0.323882,              S,3,3,21.2,3,3,9.6,3,3,30.9,3,2.4419220363224623,2.4419220363224623,1562.2377269030078,1562.2377269030078,0.9817863897617478,0.9817863897617478
     35.25, Quaternary-Saale,     10.41,   22.8571,       267,,,0.324674,              S,3,3,21.2,3,3,9.6,3,3,30.9,3,2.440500725282081,2.440500725282081,1562.2552227063634,1562.2552227063634,0.9812181890809947,0.9812181890809947
     35.50, Quaternary-Saale,     10.41,   22.4761,       274,,,0.317747,              S,3,3,21.2,3,3,9.6,3,3,30.9,3,2.452931813131475,2.452931813131475,1562.102200698984,1562.102200698984,0.9861877927622783,0.9861877927622783
     35.75, Quaternary-Saale,     10.42,   21.4907,       273,,,0.299831,              S,3,3,21.2,3,3,9.6,3,3,30.9,3,2.4850835916661564,2.4850835916661564,1561.7064244200453,1561.7064244200453,0.9990411808890111,0.9990411808890111
     36.00, Quaternary-Saale,     10.42,   19.3096,       279,,,0.260175,              S,3,3,21.2,3,3,9.6,3,3,30.9,3,2.5562496404254405,2.5562496404254405,1560.830397175259,1560.830397175259,1.0274913907323753,1.0274913907323753
     36.25, Quaternary-Saale,     10.43,   19.3096,       278,,,0.260175,              S,3,3,21.2,3,3,9.6,3,3,30.9,3,2.5562496404254405,2.5562496404254405,1560.830397175259,1560.830397175259,1.0274913907323753,1.0274913907323753
     36.50, Quaternary-Saale,     10.43,   18.0988,       278,,,0.23816,              S,3,3,21.2,3,3,9.6,3,3,30.9,3,2.595757421427953,2.595757421427953,1560.3440712776903,1560.3440712776903,1.0432855043520461,1.0432855043520461
     36.75, Quaternary-Saale,     10.44,   18.0603,       281,,,0.237461,              S,3,3,21.2,3,3,9.6,3,3,30.9,3,2.597011836096168,2.597011836096168,1560.3286299057895,1560.3286299057895,1.0437869844983167,1.0437869844983167
     37.00, Quaternary-Saale,     10.44,   22.3264,       268,,,0.315025,              S,3,3,21.2,3,3,9.6,3,3,30.9,3,2.4578166725404618,2.4578166725404618,1562.0420699202793,1562.0420699202793,0.988140623889816,0.988140623889816
     37.25, Quaternary-Saale,     10.45,   23.2694,       280,,,0.33217,              S,3,3,21.2,3,3,9.6,3,3,30.9,3,2.4270485187685753,2.4270485187685753,1562.4208142997393,1562.4208142997393,0.9758403705166953,0.9758403705166953
     37.50, Quaternary-Saale,   10.4533,   19.6202,       267,,,0.265821,              S,3,3,21.2,3,3,9.6,3,3,30.9,3,2.5461174155087845,2.5461174155087845,1560.9551210461502,1560.9551210461502,1.0234408086067037,1.0234408086067037
     37.75, Quaternary-Saale,     10.45,   19.6202,       241,,,0.265821,              S,3,3,21.2,3,3,9.6,3,3,30.9,3,2.5461174155087845,2.5461174155087845,1560.9551210461502,1560.9551210461502,1.0234408086067037,1.0234408086067037
     38.00, Quaternary-Saale,     10.46,   18.5411,       257,,,0.246202,              S,3,3,21.2,3,3,9.6,3,3,30.9,3,2.581325371697215,2.581325371697215,1560.5217243718646,1560.5217243718646,1.0375159716820759,1.0375159716820759
     38.25, Quaternary-Saale,     10.46,   19.7403,       254,,,0.268006,              S,3,3,21.2,3,3,9.6,3,3,30.9,3,2.5421962480552076,2.5421962480552076,1561.0033891400037,1561.0033891400037,1.021873234758919,1.021873234758919
     38.50, Quaternary-Saale,     10.47,   18.6406,       245,,,0.248011,              S,3,3,21.2,3,3,9.6,3,3,30.9,3,2.5780789680708898,2.5780789680708898,1560.5616863772564,1560.5616863772564,1.0362181496726286,1.0362181496726286
     38.75, Quaternary-Saale,     10.47,   21.5707,       267,,,0.301285,              S,3,3,21.2,3,3,9.6,3,3,30.9,3,2.4824742655894974,2.4824742655894974,1561.7385442408522,1561.7385442408522,0.9979980447907598,0.9979980447907598
     39.00, Quaternary-Saale,     10.56,   20.9574,       271,,,0.290135,              S,3,3,21.2,3,3,9.6,3,3,30.9,3,2.5024838844029436,2.5024838844029436,1561.4922333729037,1561.4922333729037,1.0059973346776248,1.0059973346776248
     39.25, Quaternary-Saale,     10.56,   20.9574,       270,,,0.290135,              S,3,3,21.2,3,3,9.6,3,3,30.9,3,2.5024838844029436,2.5024838844029436,1561.4922333729037,1561.4922333729037,1.0059973346776248,1.0059973346776248
     39.50, Quaternary-Saale,     10.56,   19.4285,       264,,,0.262336,              S,3,3,21.2,3,3,9.6,3,3,30.9,3,2.5523715430033906,2.5523715430033906,1560.8781350932531,1560.8781350932531,1.0259410350870377,1.0259410350870377
     39.75, Quaternary-Saale,     10.56,   16.2961,       271,,,0.205384,              S,3,3,21.2,3,3,9.6,3,3,30.9,3,2.6545767278162495,2.6545767278162495,1559.6200277792257,1559.6200277792257,1.0667998294939187,1.0667998294939187
     40.00, Quaternary-Saale,     10.57,   15.9146,       264,,,0.198448,              S,3,3,21.2,3,3,9.6,3,3,30.9,3,2.667023966927466,2.667023966927466,1559.466806955899,1559.466806955899,1.07177589000112,1.07177589000112
     40.25, Quaternary-Saale,     10.57,   16.3772,       263,,,0.206859,              S,3,3,21.2,3,3,9.6,3,3,30.9,3,2.6519297154620047,2.6519297154620047,1559.6526115039094,1559.6526115039094,1.0657416274685263,1.0657416274685263
     40.50, Quaternary-Saale,     10.58,   17.7465,       264,,,0.231754,              S,3,3,21.2,3,3,9.6,3,3,30.9,3,2.607253530676288,2.607253530676288,1560.2025585045892,1560.2025585045892,1.047881329555208,1.047881329555208
     40.75, Quaternary-Saale,     10.58,   17.7465,       267,,,0.231754,              S,3,3,21.2,3,3,9.6,3,3,30.9,3,2.607253530676288,2.607253530676288,1560.2025585045892,1560.2025585045892,1.047881329555208,1.047881329555208
     41.00, Quaternary-Saale,     10.59,   16.7213,       269,,,0.213114,              S,3,3,21.2,3,3,9.6,3,3,30.9,3,2.6407045884953586,2.6407045884953586,1559.7907885872294,1559.7907885872294,1.0612541334557606,1.0612541334557606
     41.25, Quaternary-Saale,     10.59,   17.5478,       271,,,0.228142,              S,3,3,21.2,3,3,9.6,3,3,30.9,3,2.6137355704210563,2.6137355704210563,1560.1227670377702,1560.1227670377702,1.0504726690234911,1.0504726690234911
     41.50, Quaternary-Saale,      10.6,   18.6507,       278,,,0.248194,              S,3,3,21.2,3,3,9.6,3,3,30.9,3,2.5777505590804983,2.5777505590804983,1560.5657289681833,1560.5657289681833,1.0360868608789697,1.0360868608789697
     41.75, Quaternary-Saale,      10.6,   18.6667,       282,,,0.248486,              S,3,3,21.2,3,3,9.6,3,3,30.9,3,2.5772265403635903,2.5772265403635903,1560.5721794411377,1560.5721794411377,1.035877372749197,1.035877372749197
     42.00, Quaternary-Saale,      10.6,   18.5413,       310,,,0.246206,              S,3,3,21.2,3,3,9.6,3,3,30.9,3,2.581318193358627,2.581318193358627,1560.5218127345079,1560.5218127345079,1.0375131019816681,1.0375131019816681
     42.25, Quaternary-Saale,     10.61,   18.5413,       285,,,0.246206,              S,3,3,21.2,3,3,9.6,3,3,30.9,3,2.581318193358627,2.581318193358627,1560.5218127345079,1560.5218127345079,1.0375131019816681,1.0375131019816681
     42.50, Quaternary-Saale,     10.61,   19.5696,       292,,,0.264902,              S,3,3,21.2,3,3,9.6,3,3,30.9,3,2.5477666387993274,2.5477666387993274,1560.9348197288725,1560.9348197288725,1.0241001222754058,1.0241001222754058
     42.75, Quaternary-Saale,     10.62,   16.8601,       295,,,0.215637,              S,3,3,21.2,3,3,9.6,3,3,30.9,3,2.636176851431114,2.636176851431114,1559.8465233244342,1559.8465233244342,1.059444069923513,1.059444069923513
     43.00, Quaternary-Saale,     10.62,   16.6266,       294,,,0.211392,              S,3,3,21.2,3,3,9.6,3,3,30.9,3,2.643794863257399,2.643794863257399,1559.7527484693273,1559.7527484693273,1.0624895394813374,1.0624895394813374
     43.25, Quaternary-Saale,     10.63,   17.1813,       284,,,0.221478,              S,3,3,21.2,3,3,9.6,3,3,30.9,3,2.6256946825083034,2.6256946825083034,1559.975554874182,1559.975554874182,1.055253589902959,1.055253589902959
     43.50, Quaternary-Saale,     10.63,   19.6464,       232,,,0.266299,              S,3,3,21.2,3,3,9.6,3,3,30.9,3,2.545259604047544,2.545259604047544,1560.9656803820137,1560.9656803820137,1.0230978794079664,1.0230978794079664
     43.75, Quaternary-Saale,     10.63,   19.6464,       247,,,0.266299,              S,3,3,21.2,3,3,9.6,3,3,30.9,3,2.545259604047544,2.545259604047544,1560.9656803820137,1560.9656803820137,1.0230978794079664,1.0230978794079664
     44.00, Quaternary-Saale,     10.64,   19.3175,       272,,,0.260319,              S,3,3,21.2,3,3,9.6,3,3,30.9,3,2.5559912202362804,2.5559912202362804,1560.8335782304143,1560.8335782304143,1.0273880815176928,1.0273880815176928
     44.25, Quaternary-Saale,     10.64,   18.1716,       269,,,0.239484,              S,3,3,21.2,3,3,9.6,3,3,30.9,3,2.593381391355397,2.593381391355397,1560.373319312593,1560.373319312593,1.0423356335170497,1.0423356335170497
     44.50, Quaternary-Saale,     10.64,   21.0626,       269,,,0.292047,              S,3,3,21.2,3,3,9.6,3,3,30.9,3,2.4990526385579828,2.4990526385579828,1561.534470716358,1561.534470716358,1.0046256178826753,1.0046256178826753
     44.75, Quaternary-Saale,     10.65,   21.6427,       274,,,0.302594,              S,3,3,21.2,3,3,9.6,3,3,30.9,3,2.4801251542866454,2.4801251542866454,1561.7674609158428,1561.7674609158428,0.997058935332293,0.997058935332293
     45.00, Quaternary-Saale,     10.65,   21.8743,       281,,,0.306805,              S,3,3,21.2,3,3,9.6,3,3,30.9,3,2.4725681583383565,2.4725681583383565,1561.8604846884823,1561.8604846884823,0.9940378582279352,0.9940378582279352
     45.25, Quaternary-Saale,     10.66,   21.8743,       281,,,0.306805,              S,3,3,21.2,3,3,9.6,3,3,30.9,3,2.4725681583383565,2.4725681583383565,1561.8604846884823,1561.8604846884823,0.9940378582279352,0.9940378582279352
     45.50, Quaternary-Saale,     10.66,   21.4311,       271,,,0.298747,              S,3,3,21.2,3,3,9.6,3,3,30.9,3,2.487028921423446,2.487028921423446,1561.6824781437354,1561.6824781437354,0.9998188696995368,0.9998188696995368
     45.75, Quaternary-Saale,     10.66,   20.6251,       284,,,0.284093,              S,3,3,21.2,3,3,9.6,3,3,30.9,3,2.51332676483979,2.51332676483979,1561.3587616003344,1561.3587616003344,1.010332017143673,1.010332017143673
     46.00, Quaternary-Saale,     10.67,   22.0196,       276,,,0.309446,              S,3,3,21.2,3,3,9.6,3,3,30.9,3,2.4678286602857726,2.4678286602857726,1561.918826123662,1561.918826123662,0.9921431385336563,0.9921431385336563
     46.25, Quaternary-Saale,     10.67,   23.4041,       260,,,0.33462,              S,3,3,21.2,3,3,9.6,3,3,30.9,3,2.422651786383558,2.422651786383558,1562.4749364187057,1562.4749364187057,0.9740826790168909,0.9740826790168909
     46.50, Quaternary-Saale,     10.68,   19.0612,       262,,,0.255658,              S,3,3,21.2,3,3,9.6,3,3,30.9,3,2.564355779275695,2.564355779275695,1560.7306136604136,1560.7306136604136,1.030731999917933,1.030731999917933
     46.75, Quaternary-Saale,     10.68,   19.0612,       272,,,0.255658,              S,3,3,21.2,3,3,9.6,3,3,30.9,3,2.564355779275695,2.564355779275695,1560.7306136604136,1560.7306136604136,1.030731999917933,1.030731999917933
     47.00, Quaternary-Saale,     10.68,    19.529,       274,,,0.264164,              S,3,3,21.2,3,3,9.6,3,3,30.9,3,2.5490910422687736,2.5490910422687736,1560.9185168212002,1560.9185168212002,1.024629582000653,1.024629582000653
     47.25, Quaternary-Saale,     10.69,   14.4071,       276,,,0.171038,              S,3,3,21.2,3,3,9.6,3,3,30.9,3,2.716213532100251,2.716213532100251,1558.8613019433008,1558.8613019433008,1.0914405120458703,1.0914405120458703
     47.50, Quaternary-Saale,     10.69,   11.7857,       253,,,0.123377,              S,3,3,21.2,3,3,9.6,3,3,30.9,3,2.8017452309583364,2.8017452309583364,1557.8084389587898,1557.8084389587898,1.125633709830432,1.125633709830432
     47.75, Quaternary-Saale,     10.69,   15.4666,       257,,,0.190301,              S,3,3,21.2,3,3,9.6,3,3,30.9,3,2.681644448046134,2.681644448046134,1559.2868343423406,1559.2868343423406,1.0776207523067962,1.0776207523067962
     48.00, Quaternary-Saale,      10.7,   14.8265,       229,,,0.178663,              S,3,3,21.2,3,3,9.6,3,3,30.9,3,2.7025298241672893,2.7025298241672893,1559.0297432319203,1559.0297432319203,1.0859701456434179,1.0859701456434179
     48.25, Quaternary-Saale,      10.7,   14.8265,       221,,,0.178663,              S,3,3,21.2,3,3,9.6,3,3,30.9,3,2.7025298241672893,2.7025298241672893,1559.0297432319203,1559.0297432319203,1.0859701456434179,1.0859701456434179
     48.50, Quaternary-Saale,      10.7,   16.7529,       201,,,0.213689,              S,3,3,21.2,3,3,9.6,3,3,30.9,3,2.6396727023233644,2.6396727023233644,1559.803490717191,1559.803490717191,1.060841614022133,1.060841614022133
     48.75, Quaternary-Saale,   10.7075,   19.8146,       251,,,0.269357,              S,3,3,21.2,3,3,9.6,3,3,30.9,3,2.5397717641971838,2.5397717641971838,1561.033233622748,1561.033233622748,1.0209039934461697,1.0209039934461697
     49.00, Quaternary-Saale,     10.71,   20.9061,       269,,,0.289203,              S,3,3,21.2,3,3,9.6,3,3,30.9,3,2.504156437293897,2.504156437293897,1561.4716448770357,1561.4716448770357,1.0066659748726523,1.0066659748726523
     49.25, Quaternary-Saale,     10.71,   22.8347,       284,,,0.324268,              S,3,3,21.2,3,3,9.6,3,3,30.9,3,2.4412293266487413,2.4412293266487413,1562.2462538980776,1562.2462538980776,0.9815094636723909,0.9815094636723909
     49.50, Quaternary-Saale,     10.72,   20.5465,       283,,,0.282664,              S,3,3,21.2,3,3,9.6,3,3,30.9,3,2.5158912263002757,2.5158912263002757,1561.3271940460477,1561.3271940460477,1.011357217614375,1.011357217614375
     49.75, Quaternary-Saale,     10.72,   20.5465,       285,,,0.282664,              S,3,3,21.2,3,3,9.6,3,3,30.9,3,2.5158912263002757,2.5158912263002757,1561.3271940460477,1561.3271940460477,1.011357217614375,1.011357217614375
     50.00, Quaternary-Saale,     10.72,   19.0918,       286,,,0.256215,              S,3,3,21.2,3,3,9.6,3,3,30.9,3,2.563356195627346,2.563356195627346,1560.7429181584807,1560.7429181584807,1.0303323941361406,1.0303323941361406
     50.25, Quaternary-Saale,     10.73,   17.3008,       282,,,0.223651,              S,3,3,21.2,3,3,9.6,3,3,30.9,3,2.62179505007049,2.62179505007049,1560.023557880106,1560.023557880106,1.053694625156398,1.053694625156398
     50.50, Quaternary-Saale,     10.73,   19.5759,       257,,,0.265016,              S,3,3,21.2,3,3,9.6,3,3,30.9,3,2.5475620561495758,2.5475620561495758,1560.9373380642041,1560.9373380642041,1.0240183358137822,1.0240183358137822
     50.75, Quaternary-Saale,     10.73,   20.1506,       248,,,0.275466,              S,3,3,21.2,3,3,9.6,3,3,30.9,3,2.528808646588992,2.528808646588992,1561.1681854695908,1561.1681854695908,1.0165212434982902,1.0165212434982902
     51.00, Quaternary-Saale,   10.7367,   21.2109,       261,,,0.294743,              S,3,3,21.2,3,3,9.6,3,3,30.9,3,2.4942144383498173,2.4942144383498173,1561.5940271378818,1561.5940271378818,1.0026914398077884,1.0026914398077884
     51.25, Quaternary-Saale,     10.74,   21.2109,       278,,,0.294743,              S,3,3,21.2,3,3,9.6,3,3,30.9,3,2.4942144383498173,2.4942144383498173,1561.5940271378818,1561.5940271378818,1.0026914398077884,1.0026914398077884
     51.50, Quaternary-Saale,     10.74,   19.0591,       253,,,0.255621,              S,3,3,21.2,3,3,9.6,3,3,30.9,3,2.564422178907632,2.564422178907632,1560.7297963059639,1560.7297963059639,1.0307585446467056,1.0307585446467056
     51.75, Quaternary-Saale,     10.74,   18.1906,       257,,,0.239828,              S,3,3,21.2,3,3,9.6,3,3,30.9,3,2.5927640542368473,2.5927640542368473,1560.380918499909,1560.380918499909,1.0420888392819752,1.0420888392819752
     52.00, Quaternary-Saale,     10.75,   18.9088,       234,,,0.252887,              S,3,3,21.2,3,3,9.6,3,3,30.9,3,2.5693285733323816,2.5693285733323816,1560.6694004393298,1560.6694004393298,1.032719984875467,1.032719984875467
     52.25, Quaternary-Saale,     10.75,   21.4347,       223,,,0.298813,              S,3,3,21.2,3,3,9.6,3,3,30.9,3,2.4869104788367475,2.4869104788367475,1561.6839361273483,1561.6839361273483,0.9997715196428074,0.9997715196428074
     52.50, Quaternary-Saale,     10.75,   21.2909,       239,,,0.296198,              S,3,3,21.2,3,3,9.6,3,3,30.9,3,2.4916033176885106,2.4916033176885106,1561.6261690493495,1561.6261690493495,1.0016475862844352,1.0016475862844352
     52.75, Quaternary-Saale,     10.76,   21.2909,       227,,,0.296198,              S,3,3,21.2,3,3,9.6,3,3,30.9,3,2.4916033176885106,2.4916033176885106,1561.6261690493495,1561.6261690493495,1.0016475862844352,1.0016475862844352
     53.00, Quaternary-Saale,     10.76,   20.6014,       238,,,0.283662,              S,3,3,21.2,3,3,9.6,3,3,30.9,3,2.5141002308226237,2.5141002308226237,1561.3492405255286,1561.3492405255286,1.010641227362618,1.010641227362618
     53.25, Quaternary-Saale,     10.76,   20.8197,       220,,,0.287631,              S,3,3,21.2,3,3,9.6,3,3,30.9,3,2.506977524358896,2.506977524358896,1561.436918358254,1561.436918358254,1.007793767132935,1.007793767132935
     53.50, Quaternary-Saale,     10.77,   21.0445,       213,,,0.291717,              S,3,3,21.2,3,3,9.6,3,3,30.9,3,2.499644851491475,2.499644851491475,1561.5271807982933,1561.5271807982933,1.0048623681663225,1.0048623681663225
     53.75, Quaternary-Saale,     10.77,    19.392,       240,,,0.261673,              S,3,3,21.2,3,3,9.6,3,3,30.9,3,2.5535613526243157,2.5535613526243157,1560.863488985141,1560.863488985141,1.0264166879296377,1.0264166879296377
     54.00, Quaternary-Saale,     10.77,    20.832,       282,,,0.287855,              S,3,3,21.2,3,3,9.6,3,3,30.9,3,2.5065755373979797,2.5065755373979797,1561.4418666662739,1561.4418666662739,1.0076330639100957,1.0076330639100957
     54.25, Quaternary-Saale,     10.77,    20.832,       277,,,0.287855,              S,3,3,21.2,3,3,9.6,3,3,30.9,3,2.5065755373979797,2.5065755373979797,1561.4418666662739,1561.4418666662739,1.0076330639100957,1.0076330639100957
     54.50, Quaternary-Saale,     10.78,   18.7078,       280,,,0.249232,              S,3,3,21.2,3,3,9.6,3,3,30.9,3,2.5758877802169686,2.5758877802169686,1560.5886590740963,1560.5886590740963,1.035342173623134,1.035342173623134
     54.75, Quaternary-Saale,     10.78,   19.2075,       269,,,0.258318,              S,3,3,21.2,3,3,9.6,3,3,30.9,3,2.559582184114819,2.559582184114819,1560.7893748181484,1560.7893748181484,1.0288236491467169,1.0288236491467169
     55.00, Quaternary-Saale,     10.78,   22.4049,       276,,,0.316453,              S,3,3,21.2,3,3,9.6,3,3,30.9,3,2.455254005664623,2.455254005664623,1562.0736153839055,1562.0736153839055,0.9871161408442158,0.9871161408442158
     55.25, Quaternary-Saale,   10.7867,   24.3559,       269,,,0.351926,              S,3,3,21.2,3,3,9.6,3,3,30.9,3,2.3915947044835133,2.3915947044835133,1562.8572373945549,1562.8572373945549,0.9616669202023543,0.9616669202023543
     55.50, Quaternary-Saale,     10.79,   25.5397,       248,,,0.373448,              S,3,3,21.2,3,3,9.6,3,3,30.9,3,2.352971653711945,2.352971653711945,1563.3326725963475,1563.3326725963475,0.9462264971579504,0.9462264971579504
     55.75, Quaternary-Saale,     10.79,   25.5397,       248,,,0.373448,              S,3,3,21.2,3,3,9.6,3,3,30.9,3,2.352971653711945,2.352971653711945,1563.3326725963475,1563.3326725963475,0.9462264971579504,0.9462264971579504
     56.00, Quaternary-Saale,     10.79,   29.6837,       248,,,0.448794,              S,3,3,21.2,3,3,9.6,3,3,30.9,3,2.2177568789031645,2.2177568789031645,1564.9971155251774,1564.9971155251774,0.892171385425599,0.892171385425599
     56.25, Quaternary-Saale,      10.8,   33.8949,       236,,,0.525362,              S,3,3,21.2,3,3,9.6,3,3,30.9,3,2.080349121655816,2.080349121655816,1566.688553241508,1566.688553241508,0.8372395802186516,0.8372395802186516
     56.50, Quaternary-Saale,      10.8,   39.8125,       239,,,0.632954,              S,3,3,21.2,3,3,9.6,3,3,30.9,3,1.8872661703216198,1.8872661703216198,1569.0653316185774,1569.0653316185774,0.7600503786484669,0.7600503786484669
     56.75,Quaternary-Elster,   10.8025,   36.6715,       242,,,0.575846,            Slt,3,3,21.2,3,3,9.6,3,3,30.9,3,1.9897513103394024,1.9897513103394024,1567.8037781614646,1567.8037781614646,0.801021091371254,0.801021091371254
     57.00,Quaternary-Elster,     10.81,   24.6869,       258,,,0.357943,            Slt,3,3,21.2,3,3,9.6,3,3,30.9,3,2.38079668866284,2.38079668866284,1562.9901569006038,1562.9901569006038,0.9573501733638552,0.9573501733638552
     57.25,Quaternary-Elster,     10.81,   24.6869,       256,,,0.357943,            Slt,3,3,21.2,3,3,9.6,3,3,30.9,3,2.38079668866284,2.38079668866284,1562.9901569006038,1562.9901569006038,0.9573501733638552,0.9573501733638552
     57.50,Quaternary-Elster,     10.81,   22.4603,       258,,,0.31746,            Slt,3,3,21.2,3,3,9.6,3,3,30.9,3,2.4534468589251484,2.4534468589251484,1562.0958606793336,1562.0958606793336,0.9863936937665412,0.9863936937665412
     57.75,Quaternary-Elster,     10.82,   23.7093,       256,,,0.340169,            Slt,3,3,21.2,3,3,9.6,3,3,30.9,3,2.4126936361776554,2.4126936361776554,1562.597517495499,1562.597517495499,0.9701016871261094,0.9701016871261094
     58.00,Quaternary-Elster,     10.82,   25.4568,       253,,,0.371942,            Slt,3,3,21.2,3,3,9.6,3,3,30.9,3,2.3556742981902454,2.3556742981902454,1563.2994040611788,1563.2994040611788,0.9473069393615036,0.9473069393615036
     58.25,Quaternary-Elster,     10.82,   32.7491,       255,,,0.504529,            Slt,3,3,21.2,3,3,9.6,3,3,30.9,3,2.1177357036056383,2.1177357036056383,1566.2283385050084,1566.2283385050084,0.8521856973678044,0.8521856973678044
     58.50,Quaternary-Elster,     10.82,   38.2555,       257,,,0.604646,            Slt,3,3,21.2,3,3,9.6,3,3,30.9,3,1.9380672725073624,1.9380672725073624,1568.4399891925784,1568.4399891925784,0.780359248434778,0.780359248434778
     58.75,Quaternary-Elster,     10.83,   38.2555,       264,,,0.604646,            Slt,3,3,21.2,3,3,9.6,3,3,30.9,3,1.9380672725073624,1.9380672725073624,1568.4399891925784,1568.4399891925784,0.780359248434778,0.780359248434778
     59.00,Quaternary-Elster,     10.83,   35.0512,       262,,,0.546386,            Slt,3,3,21.2,3,3,9.6,3,3,30.9,3,2.0426197740384264,2.0426197740384264,1567.1529872942212,1567.1529872942212,0.8221564348750241,0.8221564348750241
     59.25,Quaternary-Elster,     10.83,   29.0418,       264,,,0.437123,            Slt,3,3,21.2,3,3,9.6,3,3,30.9,3,2.238701476317669,2.238701476317669,1564.7392954229508,1564.7392954229508,0.9005444537905856,0.9005444537905856
     59.50,Quaternary-Elster,   10.8375,   26.9585,       273,,,0.399246,            Slt,3,3,21.2,3,3,9.6,3,3,30.9,3,2.306674958990037,2.306674958990037,1563.902567463732,1563.902567463732,0.9277183643775613,0.9277183643775613
     59.75,Quaternary-Elster,     10.84,   29.5632,       236,,,0.446605,            Slt,3,3,21.2,3,3,9.6,3,3,30.9,3,2.221685224695329,2.221685224695329,1564.9487590686806,1564.9487590686806,0.8937418289737917,0.8937418289737917
     60.00,Quaternary-Elster,     10.84,   32.4281,       234,,,0.498693,            Slt,3,3,21.2,3,3,9.6,3,3,30.9,3,2.128208899605214,2.128208899605214,1566.0994174085645,1566.0994174085645,0.8563725902628487,0.8563725902628487
     60.25,Quaternary-Elster,     10.85,   32.4281,       257,,,0.498693,            Slt,3,3,21.2,3,3,9.6,3,3,30.9,3,2.128208899605214,2.128208899605214,1566.0994174085645,1566.0994174085645,0.8563725902628487,0.8563725902628487
     60.50,Quaternary-Elster,     10.85,   36.7253,       253,,,0.576824,            Slt,3,3,21.2,3,3,9.6,3,3,30.9,3,1.9879962065546894,1.9879962065546894,1567.8253828277295,1567.8253828277295,0.8003194496215361,0.8003194496215361
     60.75,Quaternary-Elster,    10.855,   42.6252,       225,,,0.684094,            Slt,3,3,21.2,3,3,9.6,3,3,30.9,3,1.79549111147681,1.79549111147681,1570.1950480120206,1570.1950480120206,0.7233612589341829,0.7233612589341829
     61.00,Quaternary-Elster,     10.86,   38.5335,       232,,,0.609699,            Slt,3,3,21.2,3,3,9.6,3,3,30.9,3,1.928999236286345,1.928999236286345,1568.5516133016138,1568.5516133016138,0.7767340993945693,0.7767340993945693
     61.25,Quaternary-Elster,     10.86,   28.5261,       248,,,0.427747,            Slt,3,3,21.2,3,3,9.6,3,3,30.9,3,2.2555275019674332,2.2555275019674332,1564.5321733872659,1564.5321733872659,0.9072710315465716,0.9072710315465716
     61.50,Quaternary-Elster,     10.86,   26.3128,       241,,,0.387505,            Slt,3,3,21.2,3,3,9.6,3,3,30.9,3,2.3277451773298274,2.3277451773298274,1563.6432010152491,1563.6432010152491,0.9361416524996851,0.9361416524996851
     61.75,Quaternary-Elster,     10.87,   26.3128,       245,,,0.387505,            Slt,3,3,21.2,3,3,9.6,3,3,30.9,3,2.3277451773298274,2.3277451773298274,1563.6432010152491,1563.6432010152491,0.9361416524996851,0.9361416524996851
     62.00,Quaternary-Elster,     10.87,   29.9804,       226,,,0.454189,            Slt,3,3,21.2,3,3,9.6,3,3,30.9,3,2.2080750947328918,2.2080750947328918,1565.1162946402073,1565.1162946402073,0.8883008770005196,0.8883008770005196
     62.25,Quaternary-Elster,   10.8725,   35.5818,       220,,,0.556033,            Slt,3,3,21.2,3,3,9.6,3,3,30.9,3,2.0253074159493405,2.0253074159493405,1567.3660958989835,1567.3660958989835,0.8152354349164066,0.8152354349164066
     62.50,Quaternary-Elster,     10.88,   34.5852,       224,,,0.537912,            Slt,3,3,21.2,3,3,9.6,3,3,30.9,3,2.0578270843366457,2.0578270843366457,1566.9657910345802,1566.9657910345802,0.8282358951890414,0.8282358951890414
     62.75,Quaternary-Elster,     10.88,   30.2528,       239,,,0.459142,            Slt,3,3,21.2,3,3,9.6,3,3,30.9,3,2.199186516976569,2.199186516976569,1565.2257096831624,1565.2257096831624,0.884747470470507,0.884747470470507
     63.00,Quaternary-Elster,     10.89,   32.7449,       240,,,0.504452,            Slt,3,3,21.2,3,3,9.6,3,3,30.9,3,2.117873886623453,2.117873886623453,1566.2266375241265,1566.2266375241265,0.8522409391006555,0.8522409391006555
     63.25,Quaternary-Elster,     10.89,   32.7449,       231,,,0.504452,            Slt,3,3,21.2,3,3,9.6,3,3,30.9,3,2.117873886623453,2.117873886623453,1566.2266375241265,1566.2266375241265,0.8522409391006555,0.8522409391006555
     63.50,Quaternary-Elster,     10.89,    35.659,       220,,,0.557436,            Slt,3,3,21.2,3,3,9.6,3,3,30.9,3,2.0227896136896755,2.0227896136896755,1567.3970890960895,1567.3970890960895,0.8142288874983554,0.8142288874983554
     63.75,Quaternary-Elster,      10.9,   34.4448,       242,,,0.535361,            Slt,3,3,21.2,3,3,9.6,3,3,30.9,3,2.0624050697710046,2.0624050697710046,1566.9094377588729,1566.9094377588729,0.8300660466241438,0.8300660466241438
     64.00,Quaternary-Elster,      10.9,    30.291,       252,,,0.459837,            Slt,3,3,21.2,3,3,9.6,3,3,30.9,3,2.1979392806469416,2.1979392806469416,1565.2410626924202,1565.2410626924202,0.8842488600246441,0.8842488600246441
     64.25,Quaternary-Elster,     10.91,   31.3388,       248,,,0.478887,            Slt,3,3,21.2,3,3,9.6,3,3,30.9,3,2.1637524431226236,2.1637524431226236,1565.661889780709,1565.661889780709,0.8705819118322876,0.8705819118322876
     64.50,Quaternary-Elster,     10.91,   30.4444,       255,,,0.462626,            Slt,3,3,21.2,3,3,9.6,3,3,30.9,3,2.1929341840666097,2.1929341840666097,1565.3026735453984,1565.3026735453984,0.882247961415275,0.882247961415275
     64.75,Quaternary-Elster,     10.91,   30.4444,       252,,,0.462626,            Slt,3,3,21.2,3,3,9.6,3,3,30.9,3,2.1929341840666097,2.1929341840666097,1565.3026735453984,1565.3026735453984,0.882247961415275,0.882247961415275
     65.00,Quaternary-Elster,     10.92,   31.5261,       220,,,0.482292,            Slt,3,3,21.2,3,3,9.6,3,3,30.9,3,2.1576418823997727,2.1576418823997727,1565.7371084807417,1565.7371084807417,0.8681390793601105,0.8681390793601105
     65.25,Quaternary-Elster,     10.92,   29.0947,       273,,,0.438086,            Slt,3,3,21.2,3,3,9.6,3,3,30.9,3,2.2369732913026605,2.2369732913026605,1564.7605687293037,1564.7605687293037,0.8998535734173971,0.8998535734173971
     65.50,Quaternary-Elster,     10.93,    33.614,       253,,,0.520254,            Slt,3,3,21.2,3,3,9.6,3,3,30.9,3,2.089515860032415,2.089515860032415,1566.5757141461286,1566.5757141461286,0.8409041876394683,0.8409041876394683
     65.75,Quaternary-Elster,     10.93,   32.3237,       264,,,0.496794,            Slt,3,3,21.2,3,3,9.6,3,3,30.9,3,2.1316168158497644,2.1316168158497644,1566.0574672437006,1566.0574672437006,0.8577349805314726,0.8577349805314726
     66.00,Quaternary-Elster,     10.93,     31.81,       268,,,0.487454,            Slt,3,3,21.2,3,3,9.6,3,3,30.9,3,2.1483782364522384,2.1483782364522384,1565.8511404718045,1565.8511404718045,0.864435730983788,0.864435730983788
     66.25,Quaternary-Elster,     10.94,     31.81,       249,,,0.487454,            Slt,3,3,21.2,3,3,9.6,3,3,30.9,3,2.1483782364522384,2.1483782364522384,1565.8511404718045,1565.8511404718045,0.864435730983788,0.864435730983788
     66.50,Quaternary-Elster,     10.94,    34.306,       260,,,0.532836,            Slt,3,3,21.2,3,3,9.6,3,3,30.9,3,2.066936396004543,2.066936396004543,1566.8536588403465,1566.8536588403465,0.8318775450065953,0.8318775450065953
     66.75,Quaternary-Elster,     10.94,   31.8157,       263,,,0.487558,            Slt,3,3,21.2,3,3,9.6,3,3,30.9,3,2.148191599648956,2.148191599648956,1565.853437900528,1565.853437900528,0.8643611187731841,0.8643611187731841
     67.00,Quaternary-Elster,   10.9467,   28.0241,       263,,,0.41862,            Slt,3,3,21.2,3,3,9.6,3,3,30.9,3,2.271906676040108,2.271906676040108,1564.330551926121,1564.330551926121,0.9138189704521694,0.9138189704521694
     67.25,Quaternary-Elster,     10.95,   27.2404,       267,,,0.40437,            Slt,3,3,21.2,3,3,9.6,3,3,30.9,3,2.2974795072590863,2.2974795072590863,1564.0157600096845,1564.0157600096845,0.9240422781551132,0.9240422781551132
     67.50,Quaternary-Elster,     10.95,   36.1661,       269,,,0.566657,            Slt,3,3,21.2,3,3,9.6,3,3,30.9,3,2.006241748660188,2.006241748660188,1567.6007870793499,1567.6007870793499,0.8076135106331733,0.8076135106331733
     67.75,Quaternary-Elster,     10.96,   36.1661,       267,,,0.566657,            Slt,3,3,21.2,3,3,9.6,3,3,30.9,3,2.006241748660188,2.006241748660188,1567.6007870793499,1567.6007870793499,0.8076135106331733,0.8076135106331733
     68.00,Quaternary-Elster,     10.96,   44.8557,       265,,,0.72465,            Slt,3,3,21.2,3,3,9.6,3,3,30.9,3,1.7227099365352747,1.7227099365352747,1571.0909568515292,1571.0909568515292,0.6942653664990538,0.6942653664990538
     68.25,Quaternary-Elster,     10.97,   46.9056,       241,,,0.76192,            Slt,3,3,21.2,3,3,9.6,3,3,30.9,3,1.6558257667436034,1.6558257667436034,1571.9142757796408,1571.9142757796408,0.6675269329489684,0.6675269329489684
     68.50,Quaternary-Elster,     10.97,   46.9188,       228,,,0.762159,            Slt,3,3,21.2,3,3,9.6,3,3,30.9,3,1.6553968610129834,1.6553968610129834,1571.9195554475725,1571.9195554475725,0.6673554683495997,0.6673554683495997
     68.75,Quaternary-Elster,     10.98,   40.4286,       265,,,0.644157,            Slt,3,3,21.2,3,3,9.6,3,3,30.9,3,1.8671614385218858,1.8671614385218858,1569.3128132915485,1569.3128132915485,0.7520130652311982,0.7520130652311982
     69.00,Quaternary-Elster,     10.98,   31.9383,       264,,,0.489787,            Slt,3,3,21.2,3,3,9.6,3,3,30.9,3,2.144191470470914,2.144191470470914,1565.902677983457,1565.902677983457,0.862761978220913,0.862761978220913
     69.25,Quaternary-Elster,     10.98,   31.9383,       238,,,0.489787,            Slt,3,3,21.2,3,3,9.6,3,3,30.9,3,2.144191470470914,2.144191470470914,1565.902677983457,1565.902677983457,0.862761978220913,0.862761978220913
     69.50,Quaternary-Elster,     10.99,   24.4897,       240,,,0.354358,            Slt,3,3,21.2,3,3,9.6,3,3,30.9,3,2.387230274622141,2.387230274622141,1562.9109618816267,1562.9109618816267,0.9599221423543853,0.9599221423543853
     69.75,Quaternary-Elster,     10.99,   21.4206,       202,,,0.298556,            Slt,3,3,21.2,3,3,9.6,3,3,30.9,3,2.4873716870910125,2.4873716870910125,1561.678258827522,1561.678258827522,0.9999558978940113,0.9999558978940113
     70.00,Quaternary-Elster,        11,   19.9013,       210,,,0.270934,            Slt,3,3,21.2,3,3,9.6,3,3,30.9,3,2.5369417042089504,2.5369417042089504,1561.0680705948337,1561.0680705948337,1.0197726140603773,1.0197726140603773
     70.25,Quaternary-Elster,        11,   19.5247,       246,,,0.264085,              S,3,3,21.2,3,3,9.6,3,3,30.9,3,2.5492328144558822,2.5492328144558822,1560.9167716589968,1560.9167716589968,1.024686258583708,1.024686258583708
     70.50,Quaternary-Elster,        11,   23.2335,       251,,,0.331519,              S,3,3,21.2,3,3,9.6,3,3,30.9,3,2.428216793373737,2.428216793373737,1562.406433279557,1562.406433279557,0.9763074142580719,0.9763074142580719
     70.75,Quaternary-Elster,     11.01,   23.2335,       253,,,0.331519,              S,3,3,21.2,3,3,9.6,3,3,30.9,3,2.428216793373737,2.428216793373737,1562.406433279557,1562.406433279557,0.9763074142580719,0.9763074142580719
     71.00,Quaternary-Elster,     11.01,   26.7149,       257,,,0.394816,              S,3,3,21.2,3,3,9.6,3,3,30.9,3,2.3146249689760063,2.3146249689760063,1563.8047058363768,1563.8047058363768,0.9308965575792483,0.9308965575792483
     71.25,Quaternary-Elster,     11.01,   28.8473,       263,,,0.433587,              S,3,3,21.2,3,3,9.6,3,3,30.9,3,2.24504712762927,2.24504712762927,1564.6611828463529,1564.6611828463529,0.9030812689511196,0.9030812689511196
     71.50,Quaternary-Elster,     11.02,   26.5488,       267,,,0.391797,              S,3,3,21.2,3,3,9.6,3,3,30.9,3,2.320042820025136,2.320042820025136,1563.7380141314138,1563.7380141314138,0.9330624639620685,0.9330624639620685
     71.75,Quaternary-Elster,     11.02,   22.5846,       257,,,0.31972,              S,3,3,21.2,3,3,9.6,3,3,30.9,3,2.449391097623051,2.449391097623051,1562.1457855727474,1562.1457855727474,0.9847723130361093,0.9847723130361093
     72.00,Quaternary-Elster,     11.02,    22.434,       232,,,0.316982,              S,3,3,21.2,3,3,9.6,3,3,30.9,3,2.4543046703863887,2.4543046703863887,1562.08530134347,1562.08530134347,0.9867366229652785,0.9867366229652785
     72.25,Quaternary-Elster,     11.02,    22.434,       261,,,0.316982,              S,3,3,21.2,3,3,9.6,3,3,30.9,3,2.4543046703863887,2.4543046703863887,1562.08530134347,1562.08530134347,0.9867366229652785,0.9867366229652785
     72.50,Quaternary-Elster,     11.03,   23.4698,       261,,,0.335814,              S,3,3,21.2,3,3,9.6,3,3,30.9,3,2.4205090523151047,2.4205090523151047,1562.5013126677038,1562.5013126677038,0.9732260734451494,0.9732260734451494
     72.75,Quaternary-Elster,     11.03,    20.463,       260,,,0.281145,              S,3,3,21.2,3,3,9.6,3,3,30.9,3,2.518617200378986,2.518617200378986,1561.2936383322885,1561.2936383322885,1.0124469863442538,1.0124469863442538
     73.00,Quaternary-Elster,     11.03,   23.6197,       257,,,0.338539,              S,3,3,21.2,3,3,9.6,3,3,30.9,3,2.4156188091521775,2.4156188091521775,1562.5615097183909,1562.5615097183909,0.9712710900423058,0.9712710900423058
     73.25,Quaternary-Elster,     11.03,   22.1968,       265,,,0.312669,              S,3,3,21.2,3,3,9.6,3,3,30.9,3,2.462044713968666,2.462044713968666,1561.9900243234285,1561.9900243234285,0.9898308774300362,0.9898308774300362
     73.50,Quaternary-Elster,     11.04,   21.6559,       265,,,0.302835,              S,3,3,21.2,3,3,9.6,3,3,30.9,3,2.479692659386731,2.479692659386731,1561.7727847650963,1561.7727847650963,0.9968860358827203,0.9968860358827203
     73.75,Quaternary-Elster,     11.04,   21.6559,       266,,,0.302835,              S,3,3,21.2,3,3,9.6,3,3,30.9,3,2.479692659386731,2.479692659386731,1561.7727847650963,1561.7727847650963,0.9968860358827203,0.9968860358827203
     74.00,Quaternary-Elster,     11.04,   21.0596,       275,,,0.291993,              S,3,3,21.2,3,3,9.6,3,3,30.9,3,2.499149546128918,2.499149546128918,1561.5332778206748,1561.5332778206748,1.0046643588381812,1.0046643588381812
     74.25,Quaternary-Elster,   11.0475,   18.1665,       266,,,0.239391,              S,3,3,21.2,3,3,9.6,3,3,30.9,3,2.593548287727563,2.593548287727563,1560.3712648811384,1560.3712648811384,1.0424023540515321,1.0424023540515321
     74.50,Quaternary-Elster,     11.05,    16.958,       266,,,0.217418,              S,3,3,21.2,3,3,9.6,3,3,30.9,3,2.6329806961749034,2.6329806961749034,1559.8858667913237,1559.8858667913237,1.0581663358169204,1.0581663358169204
     74.75,Quaternary-Elster,     11.05,   15.6381,       282,,,0.193419,              S,3,3,21.2,3,3,9.6,3,3,30.9,3,2.6760489331169564,2.6760489331169564,1559.355713022723,1559.355713022723,1.0753838208388817,1.0753838208388817
     75.00,Quaternary-Elster,     11.05,   16.0958,       267,,,0.201741,              S,3,3,21.2,3,3,9.6,3,3,30.9,3,2.6611143996850735,2.6611143996850735,1559.5395515019218,1559.5395515019218,1.0694134091403626,1.0694134091403626
     75.25,Quaternary-Elster,     11.06,   16.0958,       267,,,0.201741,            Grv,3,3,21.2,3,3,9.6,3,3,30.9,3,2.6611143996850735,2.6611143996850735,1559.5395515019218,1559.5395515019218,1.0694134091403626,1.0694134091403626
     75.50,Quaternary-Elster,     11.06,   17.5787,       262,,,0.228704,            Grv,3,3,21.2,3,3,9.6,3,3,30.9,3,2.6127270138494727,2.6127270138494727,1560.1351819891413,1560.1351819891413,1.050069476116189,1.050069476116189
     75.75,Quaternary-Elster,     11.06,   17.9096,       260,,,0.234721,            Grv,3,3,21.2,3,3,9.6,3,3,30.9,3,2.6019289980287996,2.6019289980287996,1560.2681014951904,1560.2681014951904,1.0457527292776898,1.0457527292776898
     76.00,Quaternary-Elster,     11.06,   18.3275,       255,,,0.242319,            Grv,3,3,21.2,3,3,9.6,3,3,30.9,3,2.588293743881305,2.588293743881305,1560.4359463359683,1560.4359463359683,1.0403017333529905,1.0403017333529905
     76.25,Quaternary-Elster,    11.065,   19.7501,       263,,,0.268184,            Grv,3,3,21.2,3,3,9.6,3,3,30.9,3,2.5418768119880513,2.5418768119880513,1561.0073212776265,1561.0073212776265,1.0217455330907699,1.0217455330907699
     76.50,Quaternary-Elster,     11.07,   21.5426,       259,,,0.300774,            Grv,3,3,21.2,3,3,9.6,3,3,30.9,3,2.4833912983440865,2.4833912983440865,1561.727255913182,1561.727255913182,0.9983646490178619,0.9983646490178619
     76.75,Quaternary-Elster,     11.07,   21.5426,       263,,,0.300774,            Grv,3,3,21.2,3,3,9.6,3,3,30.9,3,2.4833912983440865,2.4833912983440865,1561.727255913182,1561.727255913182,0.9983646490178619,0.9983646490178619
     77.00,Quaternary-Elster,     11.08,   22.4395,       266,,,0.317082,            Grv,3,3,21.2,3,3,9.6,3,3,30.9,3,2.454125211921694,2.454125211921694,1562.0875104095503,1562.0875104095503,0.9866648804550824,0.9866648804550824
     77.25,Quaternary-Elster,   11.0825,   20.6487,       264,,,0.284521,            Grv,3,3,21.2,3,3,9.6,3,3,30.9,3,2.512558682610897,2.512558682610897,1561.3682164031582,1561.3682164031582,1.0100249592000334,1.0100249592000334
     77.50,Quaternary-Elster,     11.08,   20.3386,       260,,,0.278884,            Grv,3,3,21.2,3,3,9.6,3,3,30.9,3,2.522674756265731,2.522674756265731,1561.243691348214,1561.243691348214,1.0140690844997875,1.0140690844997875
     77.75,Quaternary-Elster,     11.09,   23.5662,       258,,,0.337568,            Grv,3,3,21.2,3,3,9.6,3,3,30.9,3,2.4173613508443617,2.4173613508443617,1562.5400596867516,1562.5400596867516,0.97196770981631,0.97196770981631
     78.00,Quaternary-Elster,     11.09,   23.1917,       264,,,0.330758,            Grv,3,3,21.2,3,3,9.6,3,3,30.9,3,2.429582472290063,2.429582472290063,1562.389622286686,1562.389622286686,0.9768533747606641,0.9768533747606641
     78.25,Quaternary-Elster,     11.09,   23.1917,       276,,,0.330758,            Grv,3,3,21.2,3,3,9.6,3,3,30.9,3,2.429582472290063,2.429582472290063,1562.389622286686,1562.389622286686,0.9768533747606641,0.9768533747606641
     78.50,Quaternary-Elster,     11.09,   21.2814,       286,,,0.296026,            Grv,3,3,21.2,3,3,9.6,3,3,30.9,3,2.4919119862477856,2.4919119862477856,1561.6223694556916,1561.6223694556916,1.0017709834019726,1.0017709834019726
     78.75,Quaternary-Elster,      11.1,   22.2714,       277,,,0.314025,            Grv,3,3,21.2,3,3,9.6,3,3,30.9,3,2.459611257187407,2.459611257187407,1562.019979259477,1562.019979259477,0.9888580489917771,0.9888580489917771
     79.00,Quaternary-Elster,      11.1,   22.3918,       284,,,0.316214,            Grv,3,3,21.2,3,3,9.6,3,3,30.9,3,2.455682911395243,2.455682911395243,1562.0683357159737,1562.0683357159737,0.9872876054435845,0.9872876054435845
     79.25,Quaternary-Elster,      11.1,   20.6985,       298,,,0.285427,            Grv,3,3,21.2,3,3,9.6,3,3,30.9,3,2.510932788920764,2.510932788920764,1561.3882305418451,1561.3882305418451,1.0093749720576568,1.0093749720576568
     79.50,Quaternary-Elster,      11.1,   19.7448,       286,,,0.268086,            Grv,3,3,21.2,3,3,9.6,3,3,30.9,3,2.542052681283452,2.542052681283452,1561.005156392868,1561.005156392868,1.021815840750762,1.021815840750762
     79.75,Quaternary-Elster,      11.1,   19.7448,       314,,,0.268086,            Grv,3,3,21.2,3,3,9.6,3,3,30.9,3,2.542052681283452,2.542052681283452,1561.005156392868,1561.005156392868,1.021815840750762,1.021815840750762
     80.00,Quaternary-Elster,     11.11,   18.1518,       335,,,0.239124,            Grv,3,3,21.2,3,3,9.6,3,3,30.9,3,2.594027441828297,2.594027441828297,1560.365366674704,1560.365366674704,1.0425939065537557,1.0425939065537557
     80.25,Quaternary-Elster,     11.11,   16.2399,       323,,,0.204363,            Grv,3,3,21.2,3,3,9.6,3,3,30.9,3,2.6564089987407815,2.6564089987407815,1559.5974732145462,1559.5974732145462,1.067532320523021,1.067532320523021
     80.50,Quaternary-Elster,     11.11,   17.4102,       314,,,0.225641,            Grv,3,3,21.2,3,3,9.6,3,3,30.9,3,2.6182238266230677,2.6182238266230677,1560.0675182951031,1560.0675182951031,1.0522669492034955,1.0522669492034955
     80.75,Quaternary-Elster,     11.11,   17.7876,       272,,,0.232501,            Grv,3,3,21.2,3,3,9.6,3,3,30.9,3,2.6059129759450195,2.6059129759450195,1560.2190602282087,1560.2190602282087,1.0473454130040432,1.0473454130040432
     81.00,Quaternary-Elster,     11.11,    15.113,       303,,,0.183873,            Grv,3,3,21.2,3,3,9.6,3,3,30.9,3,2.6931800381567017,2.6931800381567017,1559.1448355747018,1559.1448355747018,1.0822323608622013,1.0822323608622013
     81.25,Quaternary-Elster,     11.12,    15.113,       252,,,0.183873,            Grv,3,3,21.2,3,3,9.6,3,3,30.9,3,2.6931800381567017,2.6931800381567017,1559.1448355747018,1559.1448355747018,1.0822323608622013,1.0822323608622013
     81.50,Quaternary-Elster,     11.12,   15.2199,       265,,,0.185816,            Grv,3,3,21.2,3,3,9.6,3,3,30.9,3,2.689693160187686,2.689693160187686,1559.1877577286411,1559.1877577286411,1.080838403889091,1.080838403889091
     81.75,Quaternary-Elster,     11.12,   15.9742,       265,,,0.199531,            Grv,3,3,21.2,3,3,9.6,3,3,30.9,3,2.6650804317548236,2.6650804317548236,1559.4907311415482,1559.4907311415482,1.0709989186156963,1.0709989186156963
     82.00,Quaternary-Elster,     11.12,   18.4192,       264,,,0.243986,            Grv,3,3,21.2,3,3,9.6,3,3,30.9,3,2.5853021712748467,2.5853021712748467,1560.4727714675262,1560.4727714675262,1.0391057857080215,1.0391057857080215
     82.25,Quaternary-Elster,     11.12,   18.5624,       264,,,0.246589,            Grv,3,3,21.2,3,3,9.6,3,3,30.9,3,2.5806308674388467,2.5806308674388467,1560.5302734575953,1560.5302734575953,1.037238328167617,1.037238328167617
     82.50,Quaternary-Elster,     11.13,    18.406,       264,,,0.243746,            Grv,3,3,21.2,3,3,9.6,3,3,30.9,3,2.5857328715901136,2.5857328715901136,1560.4674697089335,1560.4674697089335,1.0392779677324921,1.0392779677324921
     82.75,Quaternary-Elster,     11.13,    18.406,       264,,,0.243746,            Grv,3,3,21.2,3,3,9.6,3,3,30.9,3,2.5857328715901136,2.5857328715901136,1560.4674697089335,1560.4674697089335,1.0392779677324921,1.0392779677324921
     83.00,Quaternary-Elster,     11.13,   19.7256,       264,,,0.267738,            Grv,3,3,21.2,3,3,9.6,3,3,30.9,3,2.5426771967405895,2.5426771967405895,1560.9974688429086,1560.9974688429086,1.0220655046862446,1.0220655046862446
     83.25,Quaternary-Elster,     11.13,   20.1012,       264,,,0.274567,            Grv,3,3,21.2,3,3,9.6,3,3,30.9,3,2.530421978186596,2.530421978186596,1561.1483259655292,1561.1483259655292,1.017166208664953,1.017166208664953
     83.50,Quaternary-Elster,     11.14,   16.8049,       263,,,0.214635,            Grv,3,3,21.2,3,3,9.6,3,3,30.9,3,2.637975025247354,2.637975025247354,1559.82438848231,1559.82438848231,1.0601629298756778,1.0601629298756778
     83.75,Quaternary-Elster,     11.14,   19.8166,       263,,,0.269393,            Grv,3,3,21.2,3,3,9.6,3,3,30.9,3,2.539707159149894,2.539707159149894,1561.0340288865368,1561.0340288865368,1.020878166142499,1.020878166142499
     84.00,Quaternary-Elster,     11.14,   18.6831,       261,,,0.248784,            Grv,3,3,21.2,3,3,9.6,3,3,30.9,3,2.5766917541388006,2.5766917541388006,1560.5787624580569,1560.5787624580569,1.0356635800688128,1.0356635800688128
     84.25,Quaternary-Elster,     11.14,   18.6831,       261,,,0.248784,            Grv,3,3,21.2,3,3,9.6,3,3,30.9,3,2.5766917541388006,2.5766917541388006,1560.5787624580569,1560.5787624580569,1.0356635800688128,1.0356635800688128
     84.50,Quaternary-Elster,     11.14,   19.2704,       262,,,0.259463,            Grv,3,3,21.2,3,3,9.6,3,3,30.9,3,2.557527384694066,2.557527384694066,1560.8146686247674,1560.8146686247674,1.0280021974049716,1.0280021974049716
     84.75,Quaternary-Elster,     11.14,   16.4931,       261,,,0.208965,            Grv,3,3,21.2,3,3,9.6,3,3,30.9,3,2.6481503201955365,2.6481503201955365,1559.6991344355597,1559.6991344355597,1.0642307302037965,1.0642307302037965
     85.00,Quaternary-Elster,     11.14,   16.3587,       263,,,0.206521,            Grv,3,3,21.2,3,3,9.6,3,3,30.9,3,2.652536285072672,2.652536285072672,1559.645144860558,1559.645144860558,1.0659841171529891,1.0659841171529891
     85.25,Quaternary-Elster,     11.15,      16.3,       263,,,0.205455,              S,3,3,21.2,3,3,9.6,3,3,30.9,3,2.6544493123063164,2.6544493123063164,1559.6215962161425,1559.6215962161425,1.0667488923116797,1.0667488923116797
     85.50,Quaternary-Elster,     11.15,   17.8798,       263,,,0.234178,              S,3,3,21.2,3,3,9.6,3,3,30.9,3,2.6029034574920913,2.6029034574920913,1560.2561062663747,1560.2561062663747,1.0461422911080547,1.0461422911080547
     85.75,Quaternary-Elster,     11.15,   17.8798,       264,,,0.234178,              S,3,3,21.2,3,3,9.6,3,3,30.9,3,2.6029034574920913,2.6029034574920913,1560.2561062663747,1560.2561062663747,1.0461422911080547,1.0461422911080547
     86.00,Quaternary-Elster,     11.15,   19.8986,       263,,,0.270883,              S,3,3,21.2,3,3,9.6,3,3,30.9,3,2.5370332280259444,2.5370332280259444,1561.0669439711328,1561.0669439711328,1.0198092027405772,1.0198092027405772
     86.25,Quaternary-Elster,   11.1533,   20.3155,       264,,,0.278463,              S,3,3,21.2,3,3,9.6,3,3,30.9,3,2.5234302764020953,2.5234302764020953,1561.234391180016,1561.234391180016,1.014371120467713,1.014371120467713
     86.50,Quaternary-Elster,     11.15,   17.5564,       264,,,0.228298,              S,3,3,21.2,3,3,9.6,3,3,30.9,3,2.613455615216133,2.613455615216133,1560.1262131808555,1560.1262131808555,1.0503607507075852,1.0503607507075852
     86.75,Quaternary-Elster,     11.16,   18.7212,       266,,,0.249476,              S,3,3,21.2,3,3,9.6,3,3,30.9,3,2.575449901563114,2.575449901563114,1560.5940491953322,1560.5940491953322,1.0351671218982557,1.0351671218982557
     87.00,Quaternary-Elster,     11.16,   17.3956,       266,,,0.225375,              S,3,3,21.2,3,3,9.6,3,3,30.9,3,2.6187011861391554,2.6187011861391554,1560.0616421793297,1560.0616421793297,1.052457784280617,1.052457784280617
     87.25,Quaternary-Elster,     11.16,   17.3956,       265,,,0.225375,              S,3,3,21.2,3,3,9.6,3,3,30.9,3,2.6187011861391554,2.6187011861391554,1560.0616421793297,1560.0616421793297,1.052457784280617,1.052457784280617
     87.50,Quaternary-Elster,     11.16,   17.2065,       261,,,0.221937,              S,3,3,21.2,3,3,9.6,3,3,30.9,3,2.6248709681553555,2.6248709681553555,1559.9856944874905,1559.9856944874905,1.054924291781159,1.054924291781159
     87.75,Quaternary-Elster,     11.17,   20.1471,       266,,,0.275402,              S,3,3,21.2,3,3,9.6,3,3,30.9,3,2.5289235000063965,2.5289235000063965,1561.1667716672994,1561.1667716672994,1.0165671587048157,1.0165671587048157
     88.00,Quaternary-Elster,     11.17,   20.0081,       269,,,0.272875,              S,3,3,21.2,3,3,9.6,3,3,30.9,3,2.5334584154092283,2.5334584154092283,1561.1109485674515,1561.1109485674515,1.018380091937471,1.018380091937471
     88.25,Quaternary-Elster,     11.17,   19.3689,       283,,,0.261253,              S,3,3,21.2,3,3,9.6,3,3,30.9,3,2.5543150781760326,2.5543150781760326,1560.854210907604,1560.854210907604,1.0267180064724615,1.0267180064724615
     88.50,Quaternary-Elster,     11.17,   18.4289,       299,,,0.244162,              S,3,3,21.2,3,3,9.6,3,3,30.9,3,2.584986324376984,2.584986324376984,1560.4766594238274,1560.4766594238274,1.0389795188900763,1.0389795188900763
     88.75,Quaternary-Elster,     11.18,   18.4289,       290,,,0.244162,              S,3,3,21.2,3,3,9.6,3,3,30.9,3,2.584986324376984,2.584986324376984,1560.4766594238274,1560.4766594238274,1.0389795188900763,1.0389795188900763
     89.00,Quaternary-Elster,     11.18,   18.1683,       305,,,0.239424,              S,3,3,21.2,3,3,9.6,3,3,30.9,3,2.5934890664342136,2.5934890664342136,1560.3719938729448,1560.3719938729448,1.0423786790231673,1.0423786790231673
     89.25,Quaternary-Elster,     11.18,   17.3526,       303,,,0.224593,              S,3,3,21.2,3,3,9.6,3,3,30.9,3,2.620104551333067,2.620104551333067,1560.044367282582,1560.044367282582,1.0530188107103506,1.0530188107103506
     89.50,Quaternary-Elster,     11.18,   17.3926,       286,,,0.225321,              S,3,3,21.2,3,3,9.6,3,3,30.9,3,2.6187980937100908,2.6187980937100908,1560.0604492836462,1560.0604492836462,1.052496525236123,1.052496525236123
     89.75,Quaternary-Elster,     11.19,   16.9194,       242,,,0.216717,              S,3,3,21.2,3,3,9.6,3,3,30.9,3,2.6342387000124123,2.6342387000124123,1559.8703812381011,1559.8703812381011,1.058669250813395,1.058669250813395
     90.00,Quaternary-Elster,     11.19,   17.9495,       262,,,0.235445,              S,3,3,21.2,3,3,9.6,3,3,30.9,3,2.600629718744411,2.600629718744411,1560.2840951336116,1560.2840951336116,1.04523331350387,1.04523331350387
     90.25,Quaternary-Elster,     11.19,   17.9495,       263,,,0.235445,              S,3,3,21.2,3,3,9.6,3,3,30.9,3,2.600629718744411,2.600629718744411,1560.2840951336116,1560.2840951336116,1.04523331350387,1.04523331350387
     90.50,Quaternary-Elster,     11.19,   17.6311,       264,,,0.229657,              S,3,3,21.2,3,3,9.6,3,3,30.9,3,2.6110167746809334,2.6110167746809334,1560.1562343888863,1560.1562343888863,1.0493857699940201,1.0493857699940201
     90.75,Quaternary-Elster,   11.1925,   16.5802,       263,,,0.210548,              S,3,3,21.2,3,3,9.6,3,3,30.9,3,2.6453094926994214,2.6453094926994214,1559.73410395161,1559.73410395161,1.0630950462673923,1.0630950462673923
     91.00,Quaternary-Elster,      11.2,   15.0116,       269,,,0.182029,              S,3,3,21.2,3,3,9.6,3,3,30.9,3,2.6964892522456694,2.6964892522456694,1559.1041003961818,1559.1041003961818,1.0835552927502172,1.0835552927502172
     91.25,Quaternary-Elster,      11.2,   15.0316,       268,,,0.182393,              S,3,3,21.2,3,3,9.6,3,3,30.9,3,2.695836023434181,2.695836023434181,1559.112141396714,1559.112141396714,1.0832941500131035,1.0832941500131035
     91.50,Quaternary-Elster,      11.2,   15.9604,       271,,,0.199281,              S,3,3,21.2,3,3,9.6,3,3,30.9,3,2.66552907791656,2.66552907791656,1559.4852084763477,1559.4852084763477,1.0711782748911867,1.0711782748911867
     91.75,Quaternary-Elster,      11.2,   15.9604,       266,,,0.199281,              S,3,3,21.2,3,3,9.6,3,3,30.9,3,2.66552907791656,2.66552907791656,1559.4852084763477,1559.4852084763477,1.0711782748911867,1.0711782748911867
     92.00,Quaternary-Elster,     11.21,   17.1891,       266,,,0.221619,              S,3,3,21.2,3,3,9.6,3,3,30.9,3,2.6254416460730843,2.6254416460730843,1559.9786696573553,1559.9786696573553,1.0551524329635824,1.0551524329635824
     92.25,Quaternary-Elster,     11.21,   20.0904,       263,,,0.274371,              S,3,3,21.2,3,3,9.6,3,3,30.9,3,2.5307737167773974,2.5307737167773974,1561.143996196012,1561.143996196012,1.0173068239849374,1.0173068239849374
     92.50,Quaternary-Elster,     11.21,   23.2424,       263,,,0.33168,              S,3,3,21.2,3,3,9.6,3,3,30.9,3,2.4279278652455787,2.4279278652455787,1562.4099898759462,1562.4099898759462,0.9761919088166562,0.9761919088166562
     92.75,Quaternary-Elster,     11.22,   30.4269,       265,,,0.462308,              S,3,3,21.2,3,3,9.6,3,3,30.9,3,2.1935048619843385,2.1935048619843385,1565.2956487152633,1565.2956487152633,0.8824761025976986,0.8824761025976986
     93.00,Quaternary-Elster,     11.22,   44.0353,       264,,,0.709732,              S,3,3,21.2,3,3,9.6,3,3,30.9,3,1.7494815502984127,1.7494815502984127,1570.7614083736767,1570.7614083736767,0.7049679141701075,0.7049679141701075
     93.25,Quaternary-Elster,     11.22,   44.0353,       265,,,0.709732,            Slt,3,3,21.2,3,3,9.6,3,3,30.9,3,1.7494815502984127,1.7494815502984127,1570.7614083736767,1570.7614083736767,0.7049679141701075,0.7049679141701075
     93.50,Quaternary-Elster,     11.22,   55.5236,       266,,,0.91861,            Slt,3,3,21.2,3,3,9.6,3,3,30.9,3,1.3746322984136607,1.3746322984136607,1575.3756614207944,1575.3756614207944,0.555113593722704,0.555113593722704
     93.75,Quaternary-Elster,     11.21,   57.9911,       266,,,0.963475,            Slt,3,3,21.2,3,3,9.6,3,3,30.9,3,1.294118258228436,1.294118258228436,1576.3667589177014,1576.3667589177014,0.5229263165232252,0.5229263165232252
     94.00,Quaternary-Elster,     11.21,   54.1694,       264,,,0.893989,            Slt,3,3,21.2,3,3,9.6,3,3,30.9,3,1.4188167670061143,1.4188167670061143,1574.8317672611745,1574.8317672611745,0.5727773171580851,0.5727773171580851
     94.25,Quaternary-Elster,    11.215,   46.4904,       264,,,0.75437,            Slt,3,3,21.2,3,3,9.6,3,3,30.9,3,1.6693748808280446,1.6693748808280446,1571.7474912905814,1571.7474912905814,0.6729434924687737,0.6729434924687737
     94.50,Quaternary-Elster,   11.2325,   46.6236,       266,,,0.756792,            Slt,3,3,21.2,3,3,9.6,3,3,30.9,3,1.6650283968131416,1.6650283968131416,1571.8009948710453,1571.8009948710453,0.6712058888718243,0.6712058888718243
     94.75,Quaternary-Elster,     11.26,   46.6236,       266,,,0.756792,            Slt,3,3,21.2,3,3,9.6,3,3,30.9,3,1.6650283968131416,1.6650283968131416,1571.8009948710453,1571.8009948710453,0.6712058888718243,0.6712058888718243
     95.00,Quaternary-Elster,      11.3,   47.5056,       266,,,0.772829,            Slt,3,3,21.2,3,3,9.6,3,3,30.9,3,1.6362486428300713,1.6362486428300713,1572.155262798336,1572.155262798336,0.6597005425116762,0.6597005425116762
     95.25,Quaternary-Elster,     11.34,   39.2403,       265,,,0.62255,            Slt,3,3,21.2,3,3,9.6,3,3,30.9,3,1.905937028988444,1.905937028988444,1568.8355003835877,1568.8355003835877,0.7675144694092688,0.7675144694092688
     95.50,Quaternary-Elster,     11.38,   33.9901,       264,,,0.527093,            Slt,3,3,21.2,3,3,9.6,3,3,30.9,3,2.0772426956319525,2.0772426956319525,1566.7267921753573,1566.7267921753573,0.8359977173671571,0.8359977173671571
     95.75,Quaternary-Elster,   11.4167,   35.5807,       264,,,0.556012,            Slt,3,3,21.2,3,3,9.6,3,3,30.9,3,2.025345102226926,2.025345102226926,1567.3656319951067,1567.3656319951067,0.8152505008435479,0.8152505008435479
     96.00,Quaternary-Elster,    11.445,   33.4966,       264,,,0.518119,            Slt,3,3,21.2,3,3,9.6,3,3,30.9,3,2.0933472982536445,2.0933472982536445,1566.528550585315,1566.528550585315,0.8424358902321549,0.8424358902321549
     96.25,Quaternary-Elster,     11.47,   33.4966,       265,,,0.518119,            Slt,3,3,21.2,3,3,9.6,3,3,30.9,3,2.0933472982536445,2.0933472982536445,1566.528550585315,1566.528550585315,0.8424358902321549,0.8424358902321549
     96.50,Quaternary-Elster,     11.49,   30.5435,       267,,,0.464427,            Slt,3,3,21.2,3,3,9.6,3,3,30.9,3,2.18970213711746,2.18970213711746,1565.3424588255039,1565.3424588255039,0.8809558788066433,0.8809558788066433
     96.75,Quaternary-Elster,     11.51,   34.6826,       266,,,0.539684,            Slt,3,3,21.2,3,3,9.6,3,3,30.9,3,2.0546470803422574,2.0546470803422574,1567.0049356855225,1567.0049356855225,0.8269646179083665,0.8269646179083665
     97.00,Quaternary-Elster,     11.52,   33.8384,       266,,,0.524334,            Slt,3,3,21.2,3,3,9.6,3,3,30.9,3,2.082193954672876,2.082193954672876,1566.6658440422032,1566.6658440422032,0.8379770932234675,0.8379770932234675
     97.25,Quaternary-Elster,     11.53,   40.2228,       265,,,0.640415,            Slt,3,3,21.2,3,3,9.6,3,3,30.9,3,1.873876774270757,1.873876774270757,1569.2301500388253,1569.2301500388253,0.7546976699627361,0.7546976699627361
     97.50,Quaternary-Elster,     11.54,   49.7775,       265,,,0.814137,            Slt,3,3,21.2,3,3,9.6,3,3,30.9,3,1.5621179402340328,1.5621179402340328,1573.0677838147683,1573.0677838147683,0.6300651463998724,0.6300651463998724
     97.75,Quaternary-Elster,     11.55,   49.7775,       264,,,0.814137,            Slt,3,3,21.2,3,3,9.6,3,3,30.9,3,1.5621179402340328,1.5621179402340328,1573.0677838147683,1573.0677838147683,0.6300651463998724,0.6300651463998724
     98.00,Quaternary-Elster,     11.56,   52.1385,       263,,,0.857063,            Slt,3,3,21.2,3,3,9.6,3,3,30.9,3,1.485083599679236,1.485083599679236,1574.016047520379,1574.016047520379,0.5992689564730959,0.5992689564730959
     98.25,Quaternary-Elster,     11.56,   52.9869,       265,,,0.872489,            Slt,3,3,21.2,3,3,9.6,3,3,30.9,3,1.4574003369154498,1.4574003369154498,1574.3568180539194,1574.3568180539194,0.588201956850246,0.588201956850246
     98.50,Quaternary-Elster,     11.57,   53.0616,       252,,,0.873847,            Slt,3,3,21.2,3,3,9.6,3,3,30.9,3,1.454963290964897,1.454963290964897,1574.3868171712893,1574.3868171712893,0.587227693561783,0.587227693561783
     98.75,Quaternary-Elster,     11.57,   55.4338,       241,,,0.916978,            Slt,3,3,21.2,3,3,9.6,3,3,30.9,3,1.3775610605574766,1.3775610605574766,1575.3396094623647,1575.3396094623647,0.5562844314891043,0.5562844314891043
     99.00,Quaternary-Elster,     11.57,   57.2853,       229,,,0.950643,            Slt,3,3,21.2,3,3,9.6,3,3,30.9,3,1.317146368418045,1.317146368418045,1576.0832915582828,1576.0832915582828,0.5321323154315882,0.5321323154315882
     99.25,Quaternary-Elster,     11.58,   57.2853,       228,,,0.950643,            Slt,3,3,21.2,3,3,9.6,3,3,30.9,3,1.317146368418045,1.317146368418045,1576.0832915582828,1576.0832915582828,0.5321323154315882,0.5321323154315882
     99.50,Quaternary-Elster,     11.58,    56.759,       211,,,0.941072,            Slt,3,3,21.2,3,3,9.6,3,3,30.9,3,1.3343223380739635,1.3343223380739635,1575.8718618437415,1575.8718618437415,0.5389987910824567,0.5389987910824567
     99.75,Quaternary-Elster,     11.58,   52.9762,       215,,,0.872295,            Slt,3,3,21.2,3,3,9.6,3,3,30.9,3,1.4577484863369572,1.4577484863369572,1574.3525324657237,1574.3525324657237,0.5883411373200264,0.5883411373200264
    100.00,Quaternary-Elster,     11.58,   47.8675,       218,,,0.779409,            Slt,3,3,21.2,3,3,9.6,3,3,30.9,3,1.6244402758531677,1.6244402758531677,1572.3006193464169,1572.3006193464169,0.654979885340773,0.654979885340773
    100.25,Quaternary-Elster,     11.58,   44.2625,       238,,,0.713863,            Slt,3,3,21.2,3,3,9.6,3,3,30.9,3,1.7420681211218794,1.7420681211218794,1570.8526648934521,1570.8526648934521,0.7020042310739067,0.7020042310739067
    100.50,Quaternary-Elster,     11.58,   37.3196,       241,,,0.587629,            Slt,3,3,21.2,3,3,9.6,3,3,30.9,3,1.9686057194444397,1.9686057194444397,1568.0640724177013,1568.0640724177013,0.7925676713948479,0.7925676713948479
    100.75,Quaternary-Elster,     11.58,   37.3196,       269,,,0.587629,            Slt,3,3,21.2,3,3,9.6,3,3,30.9,3,1.9686057194444397,1.9686057194444397,1568.0640724177013,1568.0640724177013,0.7925676713948479,0.7925676713948479
    101.00,Quaternary-Elster,     11.57,   24.2865,       270,,,0.350663,            Slt,3,3,21.2,3,3,9.6,3,3,30.9,3,2.393861264892606,2.393861264892606,1562.8293368899613,1562.8293368899613,0.9625730281061311,0.9625730281061311
    101.25,          Miocene,     11.57,   15.2961,       267,,,0.187203,              S,3,3,21.2,3,3,9.6,3,3,30.9,3,2.687204071282372,2.687204071282372,1559.2183974751742,1559.2183974751742,1.0798433352726713,1.0798433352726713
    101.50,          Miocene,     11.57,    15.329,       258,,,0.187799,              S,3,3,21.2,3,3,9.6,3,3,30.9,3,2.686134498832792,2.686134498832792,1559.2315635090126,1559.2315635090126,1.0794157499119024,1.0794157499119024
    101.75,          Miocene,     11.57,   16.9182,       260,,,0.216695,              S,3,3,21.2,3,3,9.6,3,3,30.9,3,2.634278180874645,2.634278180874645,1559.8698952435634,1559.8698952435634,1.0586850341656382,1.0586850341656382
    102.00,          Miocene,     11.57,   16.1959,       261,,,0.203562,              S,3,3,21.2,3,3,9.6,3,3,30.9,3,2.657846461042985,2.657846461042985,1559.5797785952434,1559.5797785952434,1.0681069780296917,1.0681069780296917
    102.25,          Miocene,     11.57,   16.1959,       256,,,0.203562,              S,3,3,21.2,3,3,9.6,3,3,30.9,3,2.657846461042985,2.657846461042985,1559.5797785952434,1559.5797785952434,1.0681069780296917,1.0681069780296917
    102.50,          Miocene,     11.56,   14.8674,       245,,,0.179408,              S,3,3,21.2,3,3,9.6,3,3,30.9,3,2.7011928586053147,2.7011928586053147,1559.0462007742183,1559.0462007742183,1.085435663942457,1.085435663942457
    102.75,          Miocene,     11.57,   15.2877,       240,,,0.18705,              S,3,3,21.2,3,3,9.6,3,3,30.9,3,2.6874786427333546,2.6874786427333546,1559.2150176040714,1559.2150176040714,1.0799531013132713,1.0799531013132713
    103.00,          Miocene,     11.57,   14.9241,       236,,,0.180438,              S,3,3,21.2,3,3,9.6,3,3,30.9,3,2.6993444364189605,2.6993444364189605,1559.068954154845,1559.068954154845,1.0846967160874372,1.0846967160874372
    103.25,          Miocene,    11.565,   15.8545,       220,,,0.197355,              S,3,3,21.2,3,3,9.6,3,3,30.9,3,2.6689854479465778,2.6689854479465778,1559.442661863642,1559.442661863642,1.0725600356375635,1.0725600356375635
    103.50,          Miocene,     11.56,   17.1065,       223,,,0.220119,              S,3,3,21.2,3,3,9.6,3,3,30.9,3,2.628133523043503,2.628133523043503,1559.9455336661513,1559.9455336661513,1.056228570616524,1.056228570616524
    103.75,          Miocene,     11.56,   17.1065,       232,,,0.220119,              S,3,3,21.2,3,3,9.6,3,3,30.9,3,2.628133523043503,2.628133523043503,1559.9455336661513,1559.9455336661513,1.056228570616524,1.056228570616524
    104.00,          Miocene,     11.56,   16.3069,       258,,,0.205579,              S,3,3,21.2,3,3,9.6,3,3,30.9,3,2.654226783810095,2.654226783810095,1559.6243354580822,1559.6243354580822,1.0666599315990364,1.0666599315990364
    104.25,          Miocene,     11.56,   14.6158,       251,,,0.174833,              S,3,3,21.2,3,3,9.6,3,3,30.9,3,2.7094030833650917,2.7094030833650917,1558.9451360010464,1558.9451360010464,1.0887178837839284,1.0887178837839284
    104.50,          Miocene,     11.56,   14.5219,       243,,,0.173126,              S,3,3,21.2,3,3,9.6,3,3,30.9,3,2.7124664393574283,2.7124664393574283,1558.9074272430566,1558.9074272430566,1.0899425284329758,1.0899425284329758
    104.75,          Miocene,     11.57,   16.0557,       242,,,0.201013,              S,3,3,21.2,3,3,9.6,3,3,30.9,3,2.66242085730805,2.66242085730805,1559.5234695008576,1559.5234695008576,1.0699356946145901,1.0699356946145901
    105.00,          Miocene,   11.5667,    15.529,       218,,,0.191436,              S,3,3,21.2,3,3,9.6,3,3,30.9,3,2.6796075944718503,2.6796075944718503,1559.3119072423515,1559.3119072423515,1.0768064748160704,1.0768064748160704
    105.25,          Miocene,     11.57,    15.529,       211,,,0.191436,              S,3,3,21.2,3,3,9.6,3,3,30.9,3,2.6796075944718503,2.6796075944718503,1559.3119072423515,1559.3119072423515,1.0768064748160704,1.0768064748160704
    105.50,          Miocene,     11.57,   15.0753,       219,,,0.183188,              S,3,3,21.2,3,3,9.6,3,3,30.9,3,2.6944093286398596,2.6944093286398596,1559.129703472052,1559.129703472052,1.0827237970570445,1.0827237970570445
    105.75,          Miocene,     11.57,   12.5935,       219,,,0.138064,              S,3,3,21.2,3,3,9.6,3,3,30.9,3,2.7753881662486433,2.7753881662486433,1558.1328844939972,1558.1328844939972,1.1150968873579312,1.1150968873579312
    106.00,          Miocene,     11.57,   12.8404,       238,,,0.142554,              S,3,3,21.2,3,3,9.6,3,3,30.9,3,2.7673304811838566,2.7673304811838566,1558.2320715610006,1558.2320715610006,1.1118756486501267,1.1118756486501267
    106.25,          Miocene,     11.57,   14.2599,       213,,,0.168361,              S,3,3,21.2,3,3,9.6,3,3,30.9,3,2.721017635200125,2.721017635200125,1558.8021652443324,1558.8021652443324,1.0933610590438199,1.0933610590438199
    106.50,          Miocene,     11.57,   15.7975,       212,,,0.196317,              S,3,3,21.2,3,3,9.6,3,3,30.9,3,2.6708482268101075,2.6708482268101075,1559.4197317577289,1559.4197317577289,1.073304722893399,1.073304722893399
    106.75,          Miocene,     11.58,   15.7975,       214,,,0.196317,              S,3,3,21.2,3,3,9.6,3,3,30.9,3,2.6708482268101075,2.6708482268101075,1559.4197317577289,1559.4197317577289,1.073304722893399,1.073304722893399
    107.00,          Miocene,     11.58,   17.9286,       229,,,0.235065,              S,3,3,21.2,3,3,9.6,3,3,30.9,3,2.6013116609102505,2.6013116609102505,1560.2757006825066,1560.2757006825066,1.0455059350426152,1.0455059350426152
    107.25,          Miocene,     11.58,   17.0215,       292,,,0.218574,              S,3,3,21.2,3,3,9.6,3,3,30.9,3,2.630906156323034,2.630906156323034,1559.9114035952114,1559.9114035952114,1.0573369923990537,1.0573369923990537
    107.50,          Miocene,     11.58,   16.9989,       257,,,0.218161,              S,3,3,21.2,3,3,9.6,3,3,30.9,3,2.631647319782223,2.631647319782223,1559.9022801523,1559.9022801523,1.0576332889661635,1.0576332889661635
    107.75,          Miocene,     11.59,   16.3468,       229,,,0.206306,              S,3,3,21.2,3,3,9.6,3,3,30.9,3,2.6529221207717657,2.6529221207717657,1559.6403953684855,1559.6403953684855,1.0661383635499109,1.0661383635499109
    108.00,          Miocene,     11.59,   17.4363,       204,,,0.226115,              S,3,3,21.2,3,3,9.6,3,3,30.9,3,2.6173731935004154,2.6173731935004154,1560.0779892683236,1560.0779892683236,1.051926889705166,1.051926889705166
    108.25,          Miocene,     11.59,   17.4363,       262,,,0.226115,              S,3,3,21.2,3,3,9.6,3,3,30.9,3,2.6173731935004154,2.6173731935004154,1560.0779892683236,1560.0779892683236,1.051926889705166,1.051926889705166
    108.50,          Miocene,     11.59,   17.8143,       262,,,0.232987,              S,3,3,21.2,3,3,9.6,3,3,30.9,3,2.6050408078066036,2.6050408078066036,1560.2297962893588,1560.2297962893588,1.04699674440449,1.04699674440449
    108.75,          Miocene,     11.59,   19.6514,       263,,,0.266389,              S,3,3,21.2,3,3,9.6,3,3,30.9,3,2.545098091429319,2.545098091429319,1560.9676685414859,1560.9676685414859,1.02303331114879,1.02303331114879
    109.00,          Miocene,     11.59,   18.6975,       195,,,0.249045,              S,3,3,21.2,3,3,9.6,3,3,30.9,3,2.5762233675459476,2.5762233675459476,1560.5845281205263,1560.5845281205263,1.035476332117201,1.035476332117201
    109.25,          Miocene,     11.59,   14.9454,       203,,,0.180826,              S,3,3,21.2,3,3,9.6,3,3,30.9,3,2.6986481375759457,2.6986481375759457,1559.0775253312363,1559.0775253312363,1.0844183551478763,1.0844183551478763
    109.50,          Miocene,      11.6,   16.7932,       229,,,0.214422,              S,3,3,21.2,3,3,9.6,3,3,30.9,3,2.6383572717771533,2.6383572717771533,1559.8196831715593,1559.8196831715593,1.0603157414223956,1.0603157414223956
    109.75,          Miocene,      11.6,   16.7932,       264,,,0.214422,              S,3,3,21.2,3,3,9.6,3,3,30.9,3,2.6383572717771533,2.6383572717771533,1559.8196831715593,1559.8196831715593,1.0603157414223956,1.0603157414223956
    110.00,          Miocene,      11.6,   18.6574,       264,,,0.248316,              S,3,3,21.2,3,3,9.6,3,3,30.9,3,2.577531619753571,2.577531619753571,1560.5684240288012,1560.5684240288012,1.0359993350165304,1.0359993350165304
    110.25,          Miocene,      11.6,   15.9476,       262,,,0.199047,              S,3,3,21.2,3,3,9.6,3,3,30.9,3,2.6659490107239456,2.6659490107239456,1559.4800392617199,1559.4800392617199,1.0713461523650456,1.0713461523650456
    110.50,          Miocene,      11.6,   12.8163,       264,,,0.142115,              S,3,3,21.2,3,3,9.6,3,3,30.9,3,2.7681183038438655,2.7681183038438655,1558.2223737609083,1558.2223737609083,1.1121905982698874,1.1121905982698874
    110.75,          Miocene,      11.6,   14.2379,       264,,,0.167961,              S,3,3,21.2,3,3,9.6,3,3,30.9,3,2.7217354690589035,2.7217354690589035,1558.7933289800112,1558.7933289800112,1.0936480290846042,1.0936480290846042
    111.00,          Miocene,     11.61,   17.0298,       262,,,0.218723,              S,3,3,21.2,3,3,9.6,3,3,30.9,3,2.6306387632106394,2.6306387632106394,1559.914695103671,1559.914695103671,1.0572300960588614,1.0572300960588614
    111.25,          Miocene,     11.61,   17.0298,       263,,,0.218723,              S,3,3,21.2,3,3,9.6,3,3,30.9,3,2.6306387632106394,2.6306387632106394,1559.914695103671,1559.914695103671,1.0572300960588614,1.0572300960588614
    111.50,          Miocene,     11.61,   14.3075,       260,,,0.169228,              S,3,3,21.2,3,3,9.6,3,3,30.9,3,2.7194617303112234,2.7194617303112234,1558.821317847248,1558.821317847248,1.0927390514804196,1.0927390514804196
    111.75,          Miocene,     11.61,   12.3638,       259,,,0.133887,              S,3,3,21.2,3,3,9.6,3,3,30.9,3,2.7828841463189358,2.7828841463189358,1558.0406118038247,1558.0406118038247,1.1180935720088223,1.1180935720088223
    112.00,          Miocene,     11.62,   11.1448,       253,,,0.111723,              S,3,3,21.2,3,3,9.6,3,3,30.9,3,2.8226593204338433,2.8226593204338433,1557.5509943977968,1557.5509943977968,1.1339945819686852,1.1339945819686852
    112.25,          Miocene,     11.62,   10.7258,       257,,,0.104105,              S,3,3,21.2,3,3,9.6,3,3,30.9,3,2.8363304662742768,2.8363304662742768,1557.382707743803,1557.382707743803,1.139459926395424,1.139459926395424
    112.50,          Miocene,     11.62,    11.927,       259,,,0.125945,              S,3,3,21.2,3,3,9.6,3,3,30.9,3,2.79713673758498,2.79713673758498,1557.865167775731,1557.865167775731,1.1237913621685962,1.1237913621685962
    112.75,          Miocene,     11.62,    11.927,       257,,,0.125945,              S,3,3,21.2,3,3,9.6,3,3,30.9,3,2.79713673758498,2.79713673758498,1557.865167775731,1557.865167775731,1.1237913621685962,1.1237913621685962
    113.00,          Miocene,     11.62,   12.6386,       255,,,0.138883,              S,3,3,21.2,3,3,9.6,3,3,30.9,3,2.7739184014227947,2.7739184014227947,1558.1509767451944,1558.1509767451944,1.1145093161994253,1.1145093161994253
    113.25,          Miocene,     11.63,   11.6735,       258,,,0.121337,              S,3,3,21.2,3,3,9.6,3,3,30.9,3,2.805406183638106,2.805406183638106,1557.7633740107526,1557.7633740107526,1.1270972570384326,1.1270972570384326
    113.50,          Miocene,     11.63,   9.82787,       263,,,0.0877794,              S,3,3,21.2,3,3,9.6,3,3,30.9,3,2.8656281373864556,2.8656281373864556,1557.0220644518045,1557.0220644518045,1.1511723216399978,1.1511723216399978
    113.75,          Miocene,     11.63,    10.801,       245,,,0.105473,              S,3,3,21.2,3,3,9.6,3,3,30.9,3,2.8338754744772547,2.8338754744772547,1557.4129277677807,1557.4129277677807,1.1384784888559414,1.1384784888559414
    114.00,          Miocene,     11.63,   13.0851,       232,,,0.147002,              S,3,3,21.2,3,3,9.6,3,3,30.9,3,2.7593481686742414,2.7593481686742414,1558.3303308202503,1558.3303308202503,1.1086845417966043,1.1086845417966043
    114.25,          Miocene,     11.64,   13.0851,       236,,,0.147002,              S,3,3,21.2,3,3,9.6,3,3,30.9,3,2.7593481686742414,2.7593481686742414,1558.3303308202503,1558.3303308202503,1.1086845417966043,1.1086845417966043
    114.50,          Miocene,     11.64,   13.6886,       236,,,0.157975,              S,3,3,21.2,3,3,9.6,3,3,30.9,3,2.739656191343305,2.739656191343305,1558.572731641237,1558.572731641237,1.1008122361527863,1.1008122361527863
    114.75,          Miocene,     11.64,   11.0848,       241,,,0.110632,              S,3,3,21.2,3,3,9.6,3,3,30.9,3,2.8246172122836612,2.8246172122836612,1557.5268934868611,1557.5268934868611,1.1347772927549247,1.1347772927549247
    115.00,          Miocene,     11.65,   10.3304,       196,,,0.0969166,              S,3,3,21.2,3,3,9.6,3,3,30.9,3,2.849230658550382,2.849230658550382,1557.2239112376897,1557.2239112376897,1.14461706499836,1.14461706499836
    115.25,          Miocene,     11.65,   12.6321,       194,,,0.138765,              S,3,3,21.2,3,3,9.6,3,3,30.9,3,2.7741301624111343,2.7741301624111343,1558.1483700472197,1558.1483700472197,1.1145939723614566,1.1145939723614566
    115.50,          Miocene,     11.65,   13.2551,       192,,,0.150093,              S,3,3,21.2,3,3,9.6,3,3,30.9,3,2.7538011075305318,2.7538011075305318,1558.398613052791,1558.398613052791,1.106466980806443,1.106466980806443
    115.75,          Miocene,     11.65,   13.2551,       254,,,0.150093,              S,3,3,21.2,3,3,9.6,3,3,30.9,3,2.7538011075305318,2.7538011075305318,1558.398613052791,1558.398613052791,1.106466980806443,1.106466980806443
    116.00,          Miocene,   11.6533,   13.1942,       257,,,0.148986,              S,3,3,21.2,3,3,9.6,3,3,30.9,3,2.755787712734701,2.755787712734701,1558.3741586912827,1558.3741586912827,1.1072611703943136,1.1072611703943136
    116.25,          Miocene,     11.66,   14.0494,       254,,,0.164535,              S,3,3,21.2,3,3,9.6,3,3,30.9,3,2.72788371605934,2.72788371605934,1558.7176463761018,1558.7176463761018,1.0961059274839224,1.0961059274839224
    116.50,          Miocene,     11.66,   13.5451,       257,,,0.155366,              S,3,3,21.2,3,3,9.6,3,3,30.9,3,2.744338262687186,2.744338262687186,1558.515097107203,1558.515097107203,1.1026839982438026,1.1026839982438026
    116.75,          Miocene,     11.66,   14.4724,       258,,,0.172225,              S,3,3,21.2,3,3,9.6,3,3,30.9,3,2.7140833601243264,2.7140833601243264,1558.8875235576734,1558.8875235576734,1.0905889284498427,1.0905889284498427
    117.00,          Miocene,     11.67,   14.6266,       258,,,0.17503,              S,3,3,21.2,3,3,9.6,3,3,30.9,3,2.7090495501896434,2.7090495501896434,1558.9494878612247,1558.9494878612247,1.088576551038842,1.088576551038842
    117.25,          Miocene,     11.67,   14.6266,       259,,,0.17503,              S,3,3,21.2,3,3,9.6,3,3,30.9,3,2.7090495501896434,2.7090495501896434,1558.9494878612247,1558.9494878612247,1.088576551038842,1.088576551038842
    117.50,          Miocene,     11.68,   14.9327,       259,,,0.180594,              S,3,3,21.2,3,3,9.6,3,3,30.9,3,2.699064481214037,2.699064481214037,1559.07240029793,1559.07240029793,1.0845847977715313,1.0845847977715313
    117.75,          Miocene,     11.68,   13.7833,       259,,,0.159697,              S,3,3,21.2,3,3,9.6,3,3,30.9,3,2.736565916581264,2.736565916581264,1558.610771759139,1558.610771759139,1.0995768301272097,1.0995768301272097
    118.00,          Miocene,     11.69,    12.413,       262,,,0.134781,              S,3,3,21.2,3,3,9.6,3,3,30.9,3,2.781279787644566,2.781279787644566,1558.0603608545823,1558.0603608545823,1.1174521939676691,1.1174521939676691
    118.25,          Miocene,     11.69,   13.3062,       266,,,0.151021,              S,3,3,21.2,3,3,9.6,3,3,30.9,3,2.752135732978166,2.752135732978166,1558.419113186016,1558.419113186016,1.105801210311823,1.105801210311823
    118.50,          Miocene,     11.69,   14.2565,       269,,,0.1683,              S,3,3,21.2,3,3,9.6,3,3,30.9,3,2.721127104863589,2.721127104863589,1558.8008177140234,1558.8008177140234,1.0934048219750394,1.0934048219750394
    118.75,          Miocene,      11.7,   14.2565,       280,,,0.1683,              S,3,3,21.2,3,3,9.6,3,3,30.9,3,2.721127104863589,2.721127104863589,1558.8008177140234,1558.8008177140234,1.0934048219750394,1.0934048219750394
    119.00,          Miocene,     11.71,   13.6295,       289,,,0.1569,              S,3,3,21.2,3,3,9.6,3,3,30.9,3,2.7415853698387713,2.7415853698387713,1558.5489841808742,1558.5489841808742,1.1015834681373944,1.1015834681373944
    119.25,          Miocene,     11.72,   13.2897,       290,,,0.150722,              S,3,3,21.2,3,3,9.6,3,3,30.9,3,2.7526723137876026,2.7526723137876026,1558.4125080784358,1558.4125080784358,1.1060157204173093,1.1060157204173093
    119.50,          Miocene,     11.72,   13.2897,       292,,,0.150721,              S,3,3,21.2,3,3,9.6,3,3,30.9,3,2.7526741083722497,2.7526741083722497,1558.4124859877752,1558.4124859877752,1.1060164378424113,1.1060164378424113
    119.75,          Miocene,     11.73,   14.3069,       284,,,0.169216,              S,3,3,21.2,3,3,9.6,3,3,30.9,3,2.7194832653269865,2.7194832653269865,1558.8210527593185,1558.8210527593185,1.092747660581643,1.092747660581643
    120.00,          Miocene,     11.73,   14.8955,       250,,,0.179917,              S,3,3,21.2,3,3,9.6,3,3,30.9,3,2.7002794150200193,2.7002794150200193,1559.0574449205667,1559.0574449205667,1.085070494565559,1.085070494565559
    120.25,          Miocene,     11.74,   14.8955,       257,,,0.179917,              S,3,3,21.2,3,3,9.6,3,3,30.9,3,2.7002794150200193,2.7002794150200193,1559.0574449205667,1559.0574449205667,1.085070494565559,1.085070494565559
    120.50,          Miocene,    11.745,   13.7652,       248,,,0.159367,              S,3,3,21.2,3,3,9.6,3,3,30.9,3,2.7371581295147562,2.7371581295147562,1558.603481841074,1558.603481841074,1.0998135804108569,1.0998135804108569
    120.75,          Miocene,     11.75,   12.5653,       234,,,0.137551,              S,3,3,21.2,3,3,9.6,3,3,30.9,3,2.7763087881725266,2.7763087881725266,1558.1215519850055,1558.1215519850055,1.1154649264352372,1.1154649264352372
    121.00,          Miocene,     11.76,    11.509,       226,,,0.118345,              S,3,3,21.2,3,3,9.6,3,3,30.9,3,2.810775580901768,2.810775580901768,1557.6972787536313,1557.6972787536313,1.1292437929434997,1.1292437929434997
    121.25,          Miocene,     11.77,   11.7105,       243,,,0.122009,              S,3,3,21.2,3,3,9.6,3,3,30.9,3,2.8042002227553584,2.8042002227553584,1557.778218934812,1557.778218934812,1.1266151473699146,1.1266151473699146
    121.50,          Miocene,     11.77,   11.4655,       249,,,0.117555,              S,3,3,21.2,3,3,9.6,3,3,30.9,3,2.8121933027728554,2.8121933027728554,1557.6798271315972,1557.6798271315972,1.1298105587740488,1.1298105587740488
    121.75,          Miocene,     11.78,   11.4655,       254,,,0.117555,              S,3,3,21.2,3,3,9.6,3,3,30.9,3,2.8121933027728554,2.8121933027728554,1557.6798271315972,1557.6798271315972,1.1298105587740488,1.1298105587740488
    122.00,          Miocene,     11.79,   10.9797,       266,,,0.108721,              S,3,3,21.2,3,3,9.6,3,3,30.9,3,2.828046663543975,2.828046663543975,1557.4846782340676,1557.4846782340676,1.136148292124772,1.136148292124772
    122.25,          Miocene,      11.8,   12.1325,       266,,,0.129681,              S,3,3,21.2,3,3,9.6,3,3,30.9,3,2.79043216934399,2.79043216934399,1557.9476984844891,1557.9476984844891,1.12111106198767,1.12111106198767
    122.50,          Miocene,     11.81,   12.8474,       263,,,0.14268,              S,3,3,21.2,3,3,9.6,3,3,30.9,3,2.767104363518341,2.767104363518341,1558.2348549842618,1558.2348549842618,1.1117852530872794,1.1117852530872794
    122.75,          Miocene,     11.82,   12.2025,       262,,,0.130954,              S,3,3,21.2,3,3,9.6,3,3,30.9,3,2.788147663088428,2.788147663088428,1557.9758198956908,1557.9758198956908,1.1201977798328737,1.1201977798328737
    123.00,          Miocene,     11.83,   13.4355,       262,,,0.153372,              S,3,3,21.2,3,3,9.6,3,3,30.9,3,2.7479166644731965,2.7479166644731965,1558.4710483295628,1558.4710483295628,1.1041145438971127,1.1041145438971127
    123.25,          Miocene,     11.84,   13.4355,       262,,,0.153372,              S,3,3,21.2,3,3,9.6,3,3,30.9,3,2.7479166644731965,2.7479166644731965,1558.4710483295628,1558.4710483295628,1.1041145438971127,1.1041145438971127
    123.50,          Miocene,     11.85,   14.6144,       261,,,0.174807,              S,3,3,21.2,3,3,9.6,3,3,30.9,3,2.7094497425659125,2.7094497425659125,1558.9445616438657,1558.9445616438657,1.0887365368365793,1.0887365368365793
    123.75,          Miocene,     11.86,   14.0443,       262,,,0.164441,              S,3,3,21.2,3,3,9.6,3,3,30.9,3,2.728052407016153,2.728052407016153,1558.7155698539864,1558.7155698539864,1.0961733654435069,1.0961733654435069
    124.00,          Miocene,     11.87,   14.4744,       260,,,0.172262,              S,3,3,21.2,3,3,9.6,3,3,30.9,3,2.7140169604923896,2.7140169604923896,1558.888340912123,1558.888340912123,1.09056238372107,1.09056238372107
    124.25,          Miocene,     11.88,   17.5782,       260,,,0.228694,              S,3,3,21.2,3,3,9.6,3,3,30.9,3,2.6127449596959424,2.6127449596959424,1560.1349610825334,1560.1349610825334,1.0500766503672085,1.0500766503672085
    124.50,          Miocene,     11.89,   21.3119,       263,,,0.29658,              S,3,3,21.2,3,3,9.6,3,3,30.9,3,2.4909177863533776,2.4909177863533776,1561.634607681776,1561.634607681776,1.0013735298954862,1.0013735298954862
    124.75,          Miocene,      11.9,   21.3119,       262,,,0.29658,              S,3,3,21.2,3,3,9.6,3,3,30.9,3,2.4909177863533776,2.4909177863533776,1561.634607681776,1561.634607681776,1.0013735298954862,1.0013735298954862
    125.00,          Miocene,     11.91,   27.0035,       261,,,0.400063,              S,3,3,21.2,3,3,9.6,3,3,30.9,3,2.305208783333482,2.305208783333482,1563.9206155336078,1563.9206155336078,0.9271322280692591,0.9271322280692591
    125.25,          Miocene,     11.92,   36.5491,       258,,,0.573621,             Cl,3,3,21.2,3,3,9.6,3,3,30.9,3,1.993744261178857,1.993744261178857,1567.754626441179,1567.754626441179,0.8026173622231171,0.8026173622231171
    125.50,          Miocene,     11.93,   42.9966,       258,,,0.690847,             Cl,3,3,21.2,3,3,9.6,3,3,30.9,3,1.7833722813559847,1.7833722813559847,1570.3442262444203,1570.3442262444203,0.7185164872206404,0.7185164872206404
    125.75,          Miocene,     11.94,   43.9515,       256,,,0.708208,             Cl,3,3,21.2,3,3,9.6,3,3,30.9,3,1.7522164973003582,1.7522164973003582,1570.7277422066136,1570.7277422066136,0.7060612700254961,0.7060612700254961
    126.00,          Miocene,     11.95,   42.4607,       262,,,0.681104,             Cl,3,3,21.2,3,3,9.6,3,3,30.9,3,1.8008569195711779,1.8008569195711779,1570.1289969362208,1570.1289969362208,0.7255063599890461,0.7255063599890461
    126.25,          Miocene,     11.96,   42.4607,       265,,,0.681104,             Cl,3,3,21.2,3,3,9.6,3,3,30.9,3,1.8008569195711779,1.8008569195711779,1570.1289969362208,1570.1289969362208,0.7255063599890461,0.7255063599890461
    126.50,          Miocene,     11.97,   38.9728,       264,,,0.617686,             Cl,3,3,21.2,3,3,9.6,3,3,30.9,3,1.914665888711189,1.914665888711189,1568.7280514094439,1568.7280514094439,0.771004025105207,0.771004025105207
    126.75,          Miocene,     11.98,   38.3758,       273,,,0.606833,             Cl,3,3,21.2,3,3,9.6,3,3,30.9,3,1.934142515884492,1.934142515884492,1568.4883014677537,1568.4883014677537,0.7787902397367894,0.7787902397367894
    127.00,          Miocene,     11.99,   41.9349,       268,,,0.671544,             Cl,3,3,21.2,3,3,9.6,3,3,30.9,3,1.81801314879598,1.81801314879598,1569.9178102189483,1569.9178102189483,0.732364943963793,0.732364943963793
    127.25,          Miocene,        12,    43.956,       264,,,0.708291,             Cl,3,3,21.2,3,3,9.6,3,3,30.9,3,1.7520675467746616,1.7520675467746616,1570.72957573146,1570.72957573146,0.7060017237420333,0.7060017237420333
    127.50,          Miocene,     12.01,   41.5385,       262,,,0.664337,             Cl,3,3,21.2,3,3,9.6,3,3,30.9,3,1.8309467203465188,1.8309467203465188,1569.7586028265443,1569.7586028265443,0.7375354266736258,0.7375354266736258
    127.75,          Miocene,     12.01,   41.5385,       260,,,0.664337,             Cl,3,3,21.2,3,3,9.6,3,3,30.9,3,1.8309467203465188,1.8309467203465188,1569.7586028265443,1569.7586028265443,0.7375354266736258,0.7375354266736258
    128.00,          Miocene,     12.02,   35.9489,       257,,,0.562707,             Cl,3,3,21.2,3,3,9.6,3,3,30.9,3,2.013330358015624,2.013330358015624,1567.5135289691798,1567.5135289691798,0.8104473397859191,0.8104473397859191
    128.25,          Miocene,     12.03,   32.0874,       263,,,0.492498,             Cl,3,3,21.2,3,3,9.6,3,3,30.9,3,2.1393263514930436,2.1393263514930436,1565.9625657648926,1565.9625657648926,0.8608170387694969,0.8608170387694969
    128.50,          Miocene,     12.04,   35.9116,       259,,,0.56203,             Cl,3,3,21.2,3,3,9.6,3,3,30.9,3,2.014545291821606,2.014545291821606,1567.4985735918165,1567.4985735918165,0.8109330365799468,0.8109330365799468
    128.75,          Miocene,     12.05,   41.3125,       258,,,0.660227,             Cl,3,3,21.2,3,3,9.6,3,3,30.9,3,1.838322463245466,1.838322463245466,1569.6678102106457,1569.6678102106457,0.7404840438426854,0.7404840438426854
    129.00,          Miocene,     12.06,   43.6314,       258,,,0.70239,             Cl,3,3,21.2,3,3,9.6,3,3,30.9,3,1.762657390776289,1.762657390776289,1570.5992187420643,1570.5992187420643,0.710235249268705,0.710235249268705
    129.25,          Miocene,     12.06,   43.6314,       257,,,0.70239,             Cl,3,3,21.2,3,3,9.6,3,3,30.9,3,1.762657390776289,1.762657390776289,1570.5992187420643,1570.5992187420643,0.710235249268705,0.710235249268705
    129.50,          Miocene,     12.07,   42.5526,       259,,,0.682775,             Cl,3,3,21.2,3,3,9.6,3,3,30.9,3,1.7978581686261315,1.7978581686261315,1570.165910430422,1570.165910430422,0.7243075426436694,0.7243075426436694
    129.75,          Miocene,     12.08,   45.0297,       261,,,0.727813,             Cl,3,3,21.2,3,3,9.6,3,3,30.9,3,1.7170336652969849,1.7170336652969849,1571.1608296116478,1571.1608296116478,0.6919961509015512,0.6919961509015512
    130.00,          Miocene,     12.09,   50.1861,       245,,,0.821566,             Cl,3,3,21.2,3,3,9.6,3,3,30.9,3,1.5487859708918723,1.5487859708918723,1573.2318953338704,1573.2318953338704,0.6247353953174044,0.6247353953174044
    130.25,          Miocene,      12.1,   48.8176,       249,,,0.796684,             Cl,3,3,21.2,3,3,9.6,3,3,30.9,3,1.5934388260771786,1.5934388260771786,1572.682235511781,1572.682235511781,0.6425863667043973,0.6425863667043973
    130.50,          Miocene,      12.1,   44.1251,       242,,,0.711365,             Cl,3,3,21.2,3,3,9.6,3,3,30.9,3,1.7465509935699501,1.7465509935699501,1570.7974824227672,1570.7974824227672,0.7037963589786053,0.7037963589786053
    130.75,          Miocene,     12.11,   44.1251,       234,,,0.711365,             Cl,3,3,21.2,3,3,9.6,3,3,30.9,3,1.7465509935699501,1.7465509935699501,1570.7974824227672,1570.7974824227672,0.7037963589786053,0.7037963589786053
    131.00,          Miocene,     12.11,   40.3537,       245,,,0.642795,             Cl,3,3,21.2,3,3,9.6,3,3,30.9,3,1.8696056628110258,1.8696056628110258,1569.2827258115356,1569.2827258115356,0.752990198220069,0.752990198220069
    131.25,          Miocene,     12.12,   43.4145,       261,,,0.698446,             Cl,3,3,21.2,3,3,9.6,3,3,30.9,3,1.7697352326238434,1.7697352326238434,1570.5120931758588,1570.5120931758588,0.713064773870839,0.713064773870839
    131.50,          Miocene,     12.13,   43.7451,       260,,,0.704457,             Cl,3,3,21.2,3,3,9.6,3,3,30.9,3,1.7589479843110518,1.7589479843110518,1570.6448801379431,1570.6448801379431,0.7087523315829516,0.7087523315829516
    131.75,          Miocene,     12.14,   41.5612,       261,,,0.664749,             Cl,3,3,21.2,3,3,9.6,3,3,30.9,3,1.830207351471977,1.830207351471977,1569.767704178795,1569.767704178795,0.7372398475316178,0.7372398475316178
    132.00,          Miocene,     12.14,   40.9241,       263,,,0.653166,             Cl,3,3,21.2,3,3,9.6,3,3,30.9,3,1.8509940254375505,1.8509940254375505,1569.5118280547188,1569.5118280547188,0.7455497824876318,0.7455497824876318
    132.25,          Miocene,     12.15,   40.9241,       264,,,0.653166,             Cl,3,3,21.2,3,3,9.6,3,3,30.9,3,1.8509940254375505,1.8509940254375505,1569.5118280547188,1569.5118280547188,0.7455497824876318,0.7455497824876318
    132.50,          Miocene,     12.16,   41.4914,       266,,,0.66348,             Cl,3,3,21.2,3,3,9.6,3,3,30.9,3,1.8324846793889513,1.8324846793889513,1569.7396711302365,1569.7396711302365,0.7381502599860064,0.7381502599860064
    132.75,          Miocene,     12.16,   36.2025,       276,,,0.567319,            Grv,3,3,21.2,3,3,9.6,3,3,30.9,3,2.0050537336239094,2.0050537336239094,1567.6154110968012,1567.6154110968012,0.8071385752156751,0.8071385752156751
    133.00,          Miocene,     12.17,   33.8724,       297,,,0.524953,            Grv,3,3,21.2,3,3,9.6,3,3,30.9,3,2.0810831067764166,2.0810831067764166,1566.67951816124,1566.67951816124,0.8375330070853536,0.8375330070853536
    133.25,          Miocene,     12.17,   28.2583,       290,,,0.422879,            Grv,3,3,21.2,3,3,9.6,3,3,30.9,3,2.264263540028766,2.264263540028766,1564.424636050479,1564.424636050479,0.9107634569429177,0.9107634569429177
    133.50,          Miocene,     12.18,   28.5341,       289,,,0.427893,            Grv,3,3,21.2,3,3,9.6,3,3,30.9,3,2.255265492608979,2.255265492608979,1564.535398623743,1564.535398623743,0.9071662874816853,0.9071662874816853
    133.75,          Miocene,     12.19,   28.5341,       270,,,0.427893,            Grv,3,3,21.2,3,3,9.6,3,3,30.9,3,2.255265492608979,2.255265492608979,1564.535398623743,1564.535398623743,0.9071662874816853,0.9071662874816853
    134.00,          Miocene,     12.19,   26.3946,       263,,,0.388993,            Grv,3,3,21.2,3,3,9.6,3,3,30.9,3,2.3250748353751725,2.3250748353751725,1563.6760719185233,1563.6760719185233,0.9350741239479671,0.9350741239479671
    134.25,          Miocene,      12.2,    24.491,       211,,,0.354382,            Grv,3,3,21.2,3,3,9.6,3,3,30.9,3,2.3871872045906146,2.3871872045906146,1562.911492057486,1562.911492057486,0.9599049241519382,0.9599049241519382
    134.50,          Miocene,      12.2,   22.6551,       261,,,0.321002,            Grv,3,3,21.2,3,3,9.6,3,3,30.9,3,2.4470904401056663,2.4470904401056663,1562.1741057998963,1562.1741057998963,0.9838525740553954,0.9838525740553954
    134.75,          Miocene,     12.21,   21.2377,       262,,,0.295232,            Grv,3,3,21.2,3,3,9.6,3,3,30.9,3,2.4933368864574605,2.4933368864574605,1561.6048294710142,1561.6048294710142,1.0023406189329296,1.0023406189329296
    135.00,          Miocene,     12.21,   26.4276,       260,,,0.389592,            Grv,3,3,21.2,3,3,9.6,3,3,30.9,3,2.3239998791716516,2.3239998791716516,1563.6893042243441,1563.6893042243441,0.9346443863118925,0.9346443863118925
    135.25,          Miocene,     12.22,   26.4276,       259,,,0.389592,              S,3,3,21.2,3,3,9.6,3,3,30.9,3,2.3239998791716516,2.3239998791716516,1563.6893042243441,1563.6893042243441,0.9346443863118925,0.9346443863118925
    135.50,          Miocene,     12.23,   27.3368,       276,,,0.406123,              S,3,3,21.2,3,3,9.6,3,3,30.9,3,2.29433360037299,2.29433360037299,1564.0544849380713,1564.0544849380713,0.9227846319513757,0.9227846319513757
    135.75,          Miocene,     12.23,   23.9948,       289,,,0.34536,              S,3,3,21.2,3,3,9.6,3,3,30.9,3,2.40337794727536,2.40337794727536,1562.7121901157252,1562.7121901157252,0.9663775334218301,0.9663775334218301
    136.00,          Miocene,     12.24,   27.4874,       278,,,0.408861,              S,3,3,21.2,3,3,9.6,3,3,30.9,3,2.2894200276096526,2.2894200276096526,1564.1149691673488,1564.1149691673488,0.9208203220222065,0.9208203220222065
    136.25,          Miocene,     12.25,   24.2825,       267,,,0.350591,              S,3,3,21.2,3,3,9.6,3,3,30.9,3,2.393990474987186,2.393990474987186,1562.8277463623833,1562.8277463623833,0.9626246827134722,0.9626246827134722
    136.50,          Miocene,     12.25,   25.1418,       264,,,0.366215,              S,3,3,21.2,3,3,9.6,3,3,30.9,3,2.3659518844633043,2.3659518844633043,1563.1728908467626,1563.1728908467626,0.951415632920434,0.951415632920434
    136.75,          Miocene,     12.26,   25.1418,       270,,,0.366215,              S,3,3,21.2,3,3,9.6,3,3,30.9,3,2.3659518844633043,2.3659518844633043,1563.1728908467626,1563.1728908467626,0.951415632920434,0.951415632920434
    137.00,          Miocene,     12.27,   24.2488,       264,,,0.349978,              S,3,3,21.2,3,3,9.6,3,3,30.9,3,2.3950905553757638,2.3950905553757638,1562.8142047873114,1562.8142047873114,0.9630644643009743,0.9630644643009743
    137.25,          Miocene,     12.27,   21.6051,       264,,,0.301911,              S,3,3,21.2,3,3,9.6,3,3,30.9,3,2.4813508556005095,2.4813508556005095,1561.7523729945146,1561.7523729945146,0.9975489366769323,0.9975489366769323
    137.50,          Miocene,     12.28,   22.4963,       268,,,0.318115,              S,3,3,21.2,3,3,9.6,3,3,30.9,3,2.4522714059813993,2.4522714059813993,1562.1103300621594,1562.1103300621594,0.9859237803247567,0.9859237803247567
    137.75,          Miocene,     12.28,    24.625,       264,,,0.356818,              S,3,3,21.2,3,3,9.6,3,3,30.9,3,2.382815596390654,2.382815596390654,1562.965304907201,1562.965304907201,0.9581572766035613,0.9581572766035613
    138.00,          Miocene,     12.29,   21.9867,       262,,,0.308849,              S,3,3,21.2,3,3,9.6,3,3,30.9,3,2.4689000273199992,2.4689000273199992,1561.9056379991628,1561.9056379991628,0.992571441319527,0.992571441319527
    138.25,          Miocene,      12.3,   21.9867,       274,,,0.308849,              S,3,3,21.2,3,3,9.6,3,3,30.9,3,2.4689000273199992,2.4689000273199992,1561.9056379991628,1561.9056379991628,0.992571441319527,0.992571441319527
    138.50,          Miocene,     12.31,   20.2312,       266,,,0.276931,              S,3,3,21.2,3,3,9.6,3,3,30.9,3,2.5261795800812163,2.5261795800812163,1561.2005482876666,1561.2005482876666,1.0154702157239173,1.0154702157239173
    138.75,          Miocene,     12.31,   21.2647,       266,,,0.295721,              S,3,3,21.2,3,3,9.6,3,3,30.9,3,2.492459334565104,2.492459334565104,1561.6156318041467,1561.6156318041467,1.0019897980580708,1.0019897980580708
    139.00,          Miocene,     12.32,    21.124,       264,,,0.293164,              S,3,3,21.2,3,3,9.6,3,3,30.9,3,2.4970480875073444,2.4970480875073444,1561.5591459844745,1561.5591459844745,1.003824254043785,1.003824254043785
    139.25,          Miocene,     12.32,   22.3663,       262,,,0.31575,              S,3,3,21.2,3,3,9.6,3,3,30.9,3,2.4565155986714258,2.4565155986714258,1562.0580856493614,1562.0580856493614,0.9876204906908944,0.9876204906908944
    139.50,          Miocene,     12.33,   25.2828,       263,,,0.368778,              S,3,3,21.2,3,3,9.6,3,3,30.9,3,2.3613523640131824,2.3613523640131824,1563.2295092103996,1563.2295092103996,0.949576872384108,0.949576872384108
    139.75,          Miocene,     12.34,   25.2828,       264,,,0.368778,              S,3,3,21.2,3,3,9.6,3,3,30.9,3,2.3613523640131824,2.3613523640131824,1563.2295092103996,1563.2295092103996,0.949576872384108,0.949576872384108
    140.00,          Miocene,     12.34,   18.0669,       264,,,0.23758,              S,3,3,21.2,3,3,9.6,3,3,30.9,3,2.5967982805231817,2.5967982805231817,1560.3312586944248,1560.3312586944248,1.0437016109111834,1.0437016109111834
    140.25,          Miocene,     12.35,   15.5562,       264,,,0.191931,              S,3,3,21.2,3,3,9.6,3,3,30.9,3,2.678719275071612,2.678719275071612,1559.3228421194488,1559.3228421194488,1.0764513493905998,1.0764513493905998
    140.50,          Miocene,     12.36,   17.2579,       264,,,0.22287,              S,3,3,21.2,3,3,9.6,3,3,30.9,3,2.623196620679755,2.623196620679755,1560.0063050740193,1560.0063050740193,1.0542549341610292,1.0542549341610292
    140.75,          Miocene,     12.36,   19.1489,       265,,,0.257253,              S,3,3,21.2,3,3,9.6,3,3,30.9,3,2.5614934167638164,2.5614934167638164,1560.7658482643938,1560.7658482643938,1.0295877068803052,1.0295877068803052
    141.00,          Miocene,     12.37,    22.034,       263,,,0.30971,              S,3,3,21.2,3,3,9.6,3,3,30.9,3,2.467354889938979,2.467354889938979,1561.924658058114,1561.924658058114,0.9919537383067387,0.9919537383067387
    141.25,          Miocene,     12.38,    22.034,       265,,,0.30971,              S,3,3,21.2,3,3,9.6,3,3,30.9,3,2.467354889938979,2.467354889938979,1561.924658058114,1561.924658058114,0.9919537383067387,0.9919537383067387
    141.50,          Miocene,     12.39,   20.8831,       265,,,0.288784,              S,3,3,21.2,3,3,9.6,3,3,30.9,3,2.504908368260967,2.504908368260967,1561.4623888901594,1561.4623888901594,1.0069665759903739,1.0069665759903739
    141.75,          Miocene,      12.4,   18.0616,       266,,,0.237484,              S,3,3,21.2,3,3,9.6,3,3,30.9,3,2.5969705606492886,2.5969705606492886,1560.3291379909879,1560.3291379909879,1.0437704837209716,1.0437704837209716
    142.00,          Miocene,     12.41,   17.1236,       266,,,0.22043,              S,3,3,21.2,3,3,9.6,3,3,30.9,3,2.627575407218303,2.627575407218303,1559.952403861661,1559.952403861661,1.056005451409814,1.056005451409814
    142.25,          Miocene,   12.4125,    18.684,       268,,,0.2488,              S,3,3,21.2,3,3,9.6,3,3,30.9,3,2.5766630407844495,2.5766630407844495,1560.5791159086298,1560.5791159086298,1.0356521012671813,1.0356521012671813
    142.50,          Miocene,     12.43,   18.9213,       264,,,0.253114,              S,3,3,21.2,3,3,9.6,3,3,30.9,3,2.568921202617525,2.568921202617525,1560.674415019332,1560.674415019332,1.0325571293773217,1.0325571293773217
    142.75,          Miocene,     12.44,   18.9213,       263,,,0.253114,              S,3,3,21.2,3,3,9.6,3,3,30.9,3,2.568921202617525,2.568921202617525,1560.674415019332,1560.674415019332,1.0325571293773217,1.0325571293773217
    143.00,          Miocene,     12.45,   20.4292,       263,,,0.280531,              S,3,3,21.2,3,3,9.6,3,3,30.9,3,2.519719075352211,2.519719075352211,1561.2800746665557,1561.2800746665557,1.012887485356858,1.012887485356858
    143.25,          Miocene,     12.45,   24.4969,       262,,,0.354489,              S,3,3,21.2,3,3,9.6,3,3,30.9,3,2.386995184033391,2.386995184033391,1562.9138557581919,1562.9138557581919,0.9598281596660283,0.9598281596660283
    143.50,          Miocene,     12.47,   29.4632,       223,,,0.444785,              S,3,3,21.2,3,3,9.6,3,3,30.9,3,2.2249513687527704,2.2249513687527704,1564.90855406602,1564.90855406602,0.8950475426593607,0.8950475426593607
    143.75,          Miocene,     12.48,   36.9101,       264,,,0.580184,             Cl,3,3,21.2,3,3,9.6,3,3,30.9,3,1.9819664021409513,1.9819664021409513,1567.8996074480262,1567.8996074480262,0.7979089012789473,0.7979089012789473
    144.00,          Miocene,     12.49,   50.6272,       264,,,0.829586,             Cl,3,3,21.2,3,3,9.6,3,3,30.9,3,1.5343934020233667,1.5343934020233667,1573.409062433507,1573.409062433507,0.6189816459996774,0.6189816459996774
    144.25,          Miocene,      12.5,   50.6272,       265,,,0.829586,             Cl,3,3,21.2,3,3,9.6,3,3,30.9,3,1.5343934020233667,1.5343934020233667,1573.409062433507,1573.409062433507,0.6189816459996774,0.6189816459996774
    144.50,          Miocene,     12.51,   62.8736,       263,,,1.05225,             Cl,3,3,21.2,3,3,9.6,3,3,30.9,3,1.13480400619582,1.13480400619582,1578.327857330449,1578.327857330449,0.4592369030966401,0.4592369030966401
    144.75,          Miocene,     12.52,   58.7477,       263,,,0.977231,             Cl,3,3,21.2,3,3,9.6,3,3,30.9,3,1.2694319518250492,1.2694319518250492,1576.6706380477015,1576.6706380477015,0.5130574168206501,0.5130574168206501
    145.00,          Miocene,     12.53,   49.1435,       260,,,0.80261,             Cl,3,3,21.2,3,3,9.6,3,3,30.9,3,1.5828041174593774,1.5828041174593774,1572.8131447676972,1572.8131447676972,0.6383349055501765,0.6383349055501765
    145.25,          Miocene,     12.54,   43.6511,       263,,,0.702748,             Cl,3,3,21.2,3,3,9.6,3,3,30.9,3,1.7620149294726823,1.7620149294726823,1570.6071271986316,1570.6071271986316,0.7099784110822029,0.7099784110822029
    145.50,          Miocene,     12.55,   42.6222,       260,,,0.68404,             Cl,3,3,21.2,3,3,9.6,3,3,30.9,3,1.7955880190477451,1.7955880190477451,1570.193855116337,1570.193855116337,0.7233999998896887,0.7233999998896887
    145.75,          Miocene,     12.56,   42.6222,       245,,,0.68404,             Cl,3,3,21.2,3,3,9.6,3,3,30.9,3,1.7955880190477451,1.7955880190477451,1570.193855116337,1570.193855116337,0.7233999998896887,0.7233999998896887
    146.00,          Miocene,     12.57,   45.7233,       235,,,0.740424,             Cl,3,3,21.2,3,3,9.6,3,3,30.9,3,1.6944021583143511,1.6944021583143511,1571.439414935029,1571.439414935029,0.6829487029407214,0.6829487029407214
    146.25,          Miocene,     12.58,   44.8466,       264,,,0.724483,             Cl,3,3,21.2,3,3,9.6,3,3,30.9,3,1.7230096321713146,1.7230096321713146,1571.0872677111752,1571.0872677111752,0.6943851764910812,0.6943851764910812
    146.50,          Miocene,     12.59,   38.7736,       259,,,0.614066,             Cl,3,3,21.2,3,3,9.6,3,3,30.9,3,1.9211622851331327,1.9211622851331327,1568.6480832173386,1568.6480832173386,0.7736011039743057,0.7736011039743057
    146.75,          Miocene,      12.6,   35.8419,       265,,,0.560762,             Cl,3,3,21.2,3,3,9.6,3,3,30.9,3,2.0168208251539337,2.0168208251539337,1567.470562633919,1567.470562633919,0.8118427316092333,0.8118427316092333
    147.00,          Miocene,   12.6175,   35.1024,       263,,,0.547316,             Cl,3,3,21.2,3,3,9.6,3,3,30.9,3,2.040950810316767,2.040950810316767,1567.1735316087677,1567.1735316087677,0.8214892295302004,0.8214892295302004
    147.25,          Miocene,     12.63,   35.1024,       263,,,0.547316,             Cl,3,3,21.2,3,3,9.6,3,3,30.9,3,2.040950810316767,2.040950810316767,1567.1735316087677,1567.1735316087677,0.8214892295302004,0.8214892295302004
    147.50,          Miocene,     12.64,   34.4614,       238,,,0.535663,             Cl,3,3,21.2,3,3,9.6,3,3,30.9,3,2.061863105207627,2.061863105207627,1566.9161091384353,1566.9161091384353,0.8298493842433516,0.8298493842433516
    147.75,          Miocene,     12.65,   39.0605,       266,,,0.619283,             Cl,3,3,21.2,3,3,9.6,3,3,30.9,3,1.9117999370300163,1.9117999370300163,1568.7633301947455,1568.7633301947455,0.7698582972173753,0.7698582972173753
    148.00,          Miocene,   12.6675,   42.5294,       275,,,0.682354,             Cl,3,3,21.2,3,3,9.6,3,3,30.9,3,1.7986136887624957,1.7986136887624957,1570.1566102622241,1570.1566102622241,0.7246095786115949,0.7246095786115949
    148.25,          Miocene,     12.68,   31.4896,       270,,,0.48163,             Cl,3,3,21.2,3,3,9.6,3,3,30.9,3,2.158829897436051,2.158829897436051,1565.7224844632904,1565.7224844632904,0.8686140147776087,0.8686140147776087
    148.50,          Miocene,      12.7,   34.6616,       265,,,0.539302,             Cl,3,3,21.2,3,3,9.6,3,3,30.9,3,2.055332611677391,2.055332611677391,1566.996497053096,1566.996497053096,0.8272386742973157,0.8272386742973157
    148.75,          Miocene,   12.7133,   34.6616,       261,,,0.539302,             Cl,3,3,21.2,3,3,9.6,3,3,30.9,3,2.055332611677391,2.055332611677391,1566.996497053096,1566.996497053096,0.8272386742973157,0.8272386742973157
    149.00,          Miocene,     12.73,   41.6582,       263,,,0.666513,             Cl,3,3,21.2,3,3,9.6,3,3,30.9,3,1.8270417041547646,1.8270417041547646,1569.8066721044506,1569.8066721044506,0.7359743096517587,0.7359743096517587
    149.25,          Miocene,   12.7475,   33.6711,       261,,,0.521293,             Cl,3,3,21.2,3,3,9.6,3,3,30.9,3,2.0876512865842383,2.0876512865842383,1566.5986663427025,1566.5986663427025,0.8401587829585307,0.8401587829585307
    149.50,          Miocene,     12.76,   21.5403,       262,,,0.300732,             Cl,3,3,21.2,3,3,9.6,3,3,30.9,3,2.4834666708992583,2.4834666708992583,1561.7263281054284,1561.7263281054284,0.9983947808721443,0.9983947808721443
    149.75,          Miocene,     12.77,   18.1661,       262,,,0.239383,             Cl,3,3,21.2,3,3,9.6,3,3,30.9,3,2.5935626444047384,2.5935626444047384,1560.371088155852,1560.371088155852,1.0424080934523479,1.0424080934523479
    150.00,          Miocene,     12.78,   18.1728,       262,,,0.239506,             Cl,3,3,21.2,3,3,9.6,3,3,30.9,3,2.593341910493164,2.593341910493164,1560.3738053071306,1560.3738053071306,1.0423198501648065,1.0423198501648065
    150.25,          Miocene,      12.8,   18.1728,       263,,,0.239506,             Cl,3,3,21.2,3,3,9.6,3,3,30.9,3,2.593341910493164,2.593341910493164,1560.3738053071306,1560.3738053071306,1.0423198501648065,1.0423198501648065
    150.50,          Miocene,   12.8133,   18.7457,       262,,,0.249923,             Cl,3,3,21.2,3,3,9.6,3,3,30.9,3,2.5746477222259294,2.5746477222259294,1560.603923720711,1560.603923720711,1.0348464328776792,1.0348464328776792
    150.75,          Miocene,     12.83,   22.0651,       263,,,0.310275,             Cl,3,3,21.2,3,3,9.6,3,3,30.9,3,2.4663409496134543,2.4663409496134543,1561.9371392814674,1561.9371392814674,0.9915483931241307,0.9915483931241307
    151.00,          Miocene,     12.85,   29.0033,       262,,,0.436423,             Cl,3,3,21.2,3,3,9.6,3,3,30.9,3,2.2399576855705314,2.2399576855705314,1564.723831960389,1564.723831960389,0.9010466513619583,0.9010466513619583
    151.25,          Miocene,     12.86,   39.1721,       262,,,0.621312,             Cl,3,3,21.2,3,3,9.6,3,3,30.9,3,1.9081587247813632,1.9081587247813632,1568.808152145514,1568.808152145514,0.7684026416854965,0.7684026416854965
    151.50,          Miocene,     12.87,   47.0781,       263,,,0.765056,             Cl,3,3,21.2,3,3,9.6,3,3,30.9,3,1.6501979492907815,1.6501979492907815,1571.9835520919175,1571.9835520919175,0.6652770878292189,0.6652770878292189
    151.75,          Miocene,     12.88,   47.0781,       238,,,0.765056,             Cl,3,3,21.2,3,3,9.6,3,3,30.9,3,1.6501979492907815,1.6501979492907815,1571.9835520919175,1571.9835520919175,0.6652770878292189,0.6652770878292189
    152.00,          Miocene,      12.9,   49.3663,       246,,,0.806661,             Cl,3,3,21.2,3,3,9.6,3,3,30.9,3,1.5755342550546,1.5755342550546,1572.9026340346084,1572.9026340346084,0.6354286164621327,0.6354286164621327
    152.25,          Miocene,     12.91,    52.481,       191,,,0.863291,             Cl,3,3,21.2,3,3,9.6,3,3,30.9,3,1.4739069264980573,1.4739069264980573,1574.1536281558574,1574.1536281558574,0.594800832938083,0.594800832938083
    152.50,          Miocene,     12.93,   56.1669,       187,,,0.930307,             Cl,3,3,21.2,3,3,9.6,3,3,30.9,3,1.3536410417983356,1.3536410417983356,1575.634055880202,1575.634055880202,0.5467218723050665,0.5467218723050665
    152.75,          Miocene,     12.95,   60.1581,       250,,,1.00287,             Cl,3,3,21.2,3,3,9.6,3,3,30.9,3,1.223420596062005,1.223420596062005,1577.2370205000184,1577.2370205000184,0.4946633546314727,0.4946633546314727
    153.00,          Miocene,    12.965,   59.1766,       261,,,0.985029,             Cl,3,3,21.2,3,3,9.6,3,3,30.9,3,1.2554377807481656,1.2554377807481656,1576.8429010206398,1576.8429010206398,0.5074629358755584,0.5074629358755584
    153.25,          Miocene,     12.98,   59.1766,       263,,,0.985029,             Cl,3,3,21.2,3,3,9.6,3,3,30.9,3,1.2554377807481656,1.2554377807481656,1576.8429010206398,1576.8429010206398,0.5074629358755584,0.5074629358755584
    153.50,          Miocene,     12.99,   55.6588,       264,,,0.921069,             Cl,3,3,21.2,3,3,9.6,3,3,30.9,3,1.370219414766821,1.370219414766821,1575.4299823557078,1575.4299823557078,0.5533494453969819,0.5533494453969819
    153.75,          Miocene,     13.01,   55.9173,       265,,,0.925768,             Cl,3,3,21.2,3,3,9.6,3,3,30.9,3,1.3617866615108225,1.3617866615108225,1575.5337863708191,1575.5337863708191,0.5499782648428674,0.5499782648428674
    154.00,          Miocene,     13.02,   56.6951,       265,,,0.93991,             Cl,3,3,21.2,3,3,9.6,3,3,30.9,3,1.3364076454337146,1.3364076454337146,1575.846192495889,1575.846192495889,0.5398324390509354,0.5398324390509354
    154.25,          Miocene,     13.03,   54.2234,       267,,,0.894971,             Cl,3,3,21.2,3,3,9.6,3,3,30.9,3,1.4170544848828135,1.4170544848828135,1574.8534602900827,1574.8534602900827,0.5720728057079595,0.5720728057079595
    154.50,          Miocene,     13.04,   51.5229,       266,,,0.84587,             Cl,3,3,21.2,3,3,9.6,3,3,30.9,3,1.5051703856325007,1.5051703856325007,1573.768786754016,1573.768786754016,0.607299095639345,0.607299095639345
    154.75,          Miocene,   13.0575,   51.5229,       264,,,0.84587,             Cl,3,3,21.2,3,3,9.6,3,3,30.9,3,1.5051703856325007,1.5051703856325007,1573.768786754016,1573.768786754016,0.607299095639345,0.607299095639345
    155.00,          Miocene,     13.07,   52.7691,       268,,,0.86853,             Cl,3,3,21.2,3,3,9.6,3,3,30.9,3,1.4645050975327083,1.4645050975327083,1574.269361127802,1574.269361127802,0.5910422428289094,0.5910422428289094
    155.25,          Miocene,   13.0825,   52.6669,       267,,,0.866671,             Cl,3,3,21.2,3,3,9.6,3,3,30.9,3,1.4678412303913806,1.4678412303913806,1574.22829458937,1574.22829458937,0.5923759360934548,0.5923759360934548
    155.50,          Miocene,    13.105,   52.8048,       255,,,0.869179,             Cl,3,3,21.2,3,3,9.6,3,3,30.9,3,1.4633404120968403,1.4633404120968403,1574.2836979666629,1574.2836979666629,0.5905766339377367,0.5905766339377367
    155.75,          Miocene,     13.12,   54.5694,       264,,,0.901263,             Cl,3,3,21.2,3,3,9.6,3,3,30.9,3,1.4057629582842301,1.4057629582842301,1574.9924547278524,1574.9924547278524,0.5675587669664209,0.5675587669664209
    156.00,          Miocene,   13.1375,   51.6999,       265,,,0.849088,             Cl,3,3,21.2,3,3,9.6,3,3,30.9,3,1.4993954122386293,1.4993954122386293,1573.8398745004786,1573.8398745004786,0.6049904216612346,0.6049904216612346
    156.25,          Miocene,     13.15,   51.6999,       262,,,0.849088,             Cl,3,3,21.2,3,3,9.6,3,3,30.9,3,1.4993954122386293,1.4993954122386293,1573.8398745004786,1573.8398745004786,0.6049904216612346,0.6049904216612346
    156.50,          Miocene,   13.1625,   49.2443,       262,,,0.804441,             Cl,3,3,21.2,3,3,9.6,3,3,30.9,3,1.5795182329708197,1.5795182329708197,1572.8535927676267,1572.8535927676267,0.637021300188486,0.637021300188486
    156.75,          Miocene,     13.18,   51.5713,       264,,,0.846751,             Cl,3,3,21.2,3,3,9.6,3,3,30.9,3,1.5035893565585414,1.5035893565585414,1573.788248626183,1573.788248626183,0.6066670441245173,0.6066670441245173
    157.00,          Miocene,     13.19,   54.4976,       269,,,0.899956,             Cl,3,3,21.2,3,3,9.6,3,3,30.9,3,1.4081084804177886,1.4081084804177886,1574.9635822341834,1574.9635822341834,0.568496441574684,0.568496441574684
    157.25,          Miocene,     13.21,   55.9585,       265,,,0.926518,             Cl,3,3,21.2,3,3,9.6,3,3,30.9,3,1.3604407230256133,1.3604407230256133,1575.550354366421,1575.550354366421,0.5494401960163967,0.5494401960163967
    157.50,          Miocene,   13.2225,   57.9408,       267,,,0.96256,             Cl,3,3,21.2,3,3,9.6,3,3,30.9,3,1.2957603031803917,1.2957603031803917,1576.346545963067,1576.346545963067,0.5235827604915194,0.5235827604915194
    157.75,          Miocene,   13.2433,   57.9408,       264,,,0.96256,             Cl,3,3,21.2,3,3,9.6,3,3,30.9,3,1.2957603031803917,1.2957603031803917,1576.346545963067,1576.346545963067,0.5235827604915194,0.5235827604915194
    158.00,          Miocene,     13.26,   60.8011,       268,,,1.01457,             Cl,3,3,21.2,3,3,9.6,3,3,30.9,3,1.2024239556927387,1.2024239556927387,1577.4954812314083,1577.4954812314083,0.4862694809385294,0.4862694809385294
    158.25,          Miocene,     13.27,   62.3599,       269,,,1.04291,             Cl,3,3,21.2,3,3,9.6,3,3,30.9,3,1.1515654267982938,1.1515654267982938,1578.1215305585529,1578.1215305585529,0.46593765354895544,0.46593765354895544
    158.50,          Miocene,     13.29,    58.425,       268,,,0.971364,             Cl,3,3,21.2,3,3,9.6,3,3,30.9,3,1.2799607799486805,1.2799607799486805,1576.5410321407728,1576.5410321407728,0.517266549893855,0.517266549893855
    158.75,          Miocene,      13.3,   57.1167,       269,,,0.947576,             Cl,3,3,21.2,3,3,9.6,3,3,30.9,3,1.322650359530228,1.322650359530228,1576.0155395016013,1576.0155395016013,0.5343326582193026,0.5343326582193026
    159.00,          Miocene,   13.3133,    46.961,       266,,,0.762927,             Cl,3,3,21.2,3,3,9.6,3,3,30.9,3,1.654018620004129,1.654018620004129,1571.9365210750689,1571.9365210750689,0.6668044858712937,0.6668044858712937
    159.25,          Miocene,     13.33,    46.961,       265,,,0.762927,             Cl,3,3,21.2,3,3,9.6,3,3,30.9,3,1.654018620004129,1.654018620004129,1571.9365210750689,1571.9365210750689,0.6668044858712937,0.6668044858712937
    159.50,          Miocene,   13.3475,   49.7319,       268,,,0.813307,             Cl,3,3,21.2,3,3,9.6,3,3,30.9,3,1.563607445490998,1.563607445490998,1573.049448566302,1573.049448566302,0.6306606092345001,0.6306606092345001
    159.75,          Miocene,     13.36,   49.0482,       267,,,0.800876,             Cl,3,3,21.2,3,3,9.6,3,3,30.9,3,1.5859159272371817,1.5859159272371817,1572.7748395618655,1572.7748395618655,0.6395789206769769,0.6395789206769769
    160.00,          Miocene,     13.37,   40.8006,       265,,,0.65092,             Cl,3,3,21.2,3,3,9.6,3,3,30.9,3,1.855024662554591,1.855024662554591,1569.4622124305563,1569.4622124305563,0.7471611192666361,0.7471611192666361
    160.25,          Miocene,   13.3833,   38.6113,       269,,,0.611114,             Cl,3,3,21.2,3,3,9.6,3,3,30.9,3,1.9264598990109167,1.9264598990109167,1568.5828715866494,1568.5828715866494,0.7757189428752944,0.7757189428752944
    160.50,          Miocene,      13.4,   49.0139,       267,,,0.800252,             Cl,3,3,21.2,3,3,9.6,3,3,30.9,3,1.587035748056876,1.587035748056876,1572.7610549895246,1572.7610549895246,0.6400265939406006,0.6400265939406006
    160.75,          Miocene,     13.41,   49.0139,       266,,,0.800252,             Cl,3,3,21.2,3,3,9.6,3,3,30.9,3,1.587035748056876,1.587035748056876,1572.7610549895246,1572.7610549895246,0.6400265939406006,0.6400265939406006
    161.00,          Miocene,     13.42,   56.4068,       265,,,0.934669,             Cl,3,3,21.2,3,3,9.6,3,3,30.9,3,1.3458130635683578,1.3458130635683578,1575.7304153426228,1575.7304153426228,0.5435924640103128,0.5435924640103128
    161.25,          Miocene,     13.44,   61.4119,       266,,,1.02567,             Cl,3,3,21.2,3,3,9.6,3,3,30.9,3,1.18250406611164,1.18250406611164,1577.7406875663169,1577.7406875663169,0.47830606230676254,0.47830606230676254
    161.50,          Miocene,     13.44,     64.51,       266,,,1.082,             Cl,3,3,21.2,3,3,9.6,3,3,30.9,3,1.0814151129491811,1.0814151129491811,1578.9850544893252,1578.9850544893252,0.43789350631330115,0.43789350631330115
    161.75,          Miocene,     13.46,   59.1451,       267,,,0.984457,             Cl,3,3,21.2,3,3,9.6,3,3,30.9,3,1.2564642831662185,1.2564642831662185,1576.8302651626607,1576.8302651626607,0.50787330303388,0.50787330303388
    162.00,          Miocene,     13.47,   51.1178,       266,,,0.838505,             Cl,3,3,21.2,3,3,9.6,3,3,30.9,3,1.518387501557257,1.518387501557257,1573.606089037205,1573.606089037205,0.6125829315152875,0.6125829315152875
    162.25,          Miocene,     13.48,   51.1178,       266,,,0.838505,             Cl,3,3,21.2,3,3,9.6,3,3,30.9,3,1.518387501557257,1.518387501557257,1573.606089037205,1573.606089037205,0.6125829315152875,0.6125829315152875
    162.50,          Miocene,     13.49,    45.629,       265,,,0.738709,             Cl,3,3,21.2,3,3,9.6,3,3,30.9,3,1.6974798709838632,1.6974798709838632,1571.4015294517526,1571.4015294517526,0.6841790869905845,0.6841790869905845
    162.75,          Miocene,      13.5,   41.5789,       228,,,0.665072,             Cl,3,3,21.2,3,3,9.6,3,3,30.9,3,1.8296277006310135,1.8296277006310135,1569.7748394622342,1569.7748394622342,0.7370081192236844,0.7370081192236844
    163.00,          Miocene,     13.52,   37.9111,       254,,,0.598384,             Cl,3,3,21.2,3,3,9.6,3,3,30.9,3,1.9493049615665372,1.9493049615665372,1568.301657474633,1568.301657474633,0.7848517644232575,0.7848517644232575
    163.25,          Miocene,     13.53,   33.9285,       259,,,0.525972,             Cl,3,3,21.2,3,3,9.6,3,3,30.9,3,2.079254425021179,2.079254425021179,1566.7020285445976,1566.7020285445976,0.8368019509064554,0.8368019509064554
    163.50,          Miocene,     13.54,   28.4588,       259,,,0.426524,             Cl,3,3,21.2,3,3,9.6,3,3,30.9,3,2.257722278990648,2.257722278990648,1564.5051565091044,1564.5051565091044,0.9081484424462699,0.9081484424462699
    163.75,          Miocene,     13.54,   28.4588,       262,,,0.426524,             Cl,3,3,21.2,3,3,9.6,3,3,30.9,3,2.257722278990648,2.257722278990648,1564.5051565091044,1564.5051565091044,0.9081484424462699,0.9081484424462699
    164.00,          Miocene,     13.56,   21.0331,       262,,,0.291512,             Cl,3,3,21.2,3,3,9.6,3,3,30.9,3,2.500012741344099,2.500012741344099,1561.5226522128287,1561.5226522128287,1.0050094403122243,1.0050094403122243
    164.25,          Miocene,     13.57,   12.6598,       260,,,0.139269,            Grv,3,3,21.2,3,3,9.6,3,3,30.9,3,2.773225691749073,2.773225691749073,1558.1595037402642,1558.1595037402642,1.1142323901100684,1.1142323901100684
    164.50,          Miocene,     13.58,   11.0086,       260,,,0.109247,            Grv,3,3,21.2,3,3,9.6,3,3,30.9,3,2.8271027120196814,2.8271027120196814,1557.4962979216496,1557.4962979216496,1.1357709265211406,1.1357709265211406
    164.75,          Miocene,   13.5867,   11.0344,       262,,,0.109716,            Grv,3,3,21.2,3,3,9.6,3,3,30.9,3,2.8262610518202638,2.8262610518202638,1557.506658441566,1557.506658441566,1.1354344541483208,1.1354344541483208
    165.00,          Miocene,     13.59,    12.369,       262,,,0.133981,            Grv,3,3,21.2,3,3,9.6,3,3,30.9,3,2.782715455362123,2.782715455362123,1558.0426883259402,1558.0426883259402,1.118026134049238,1.118026134049238
    165.25,          Miocene,      13.6,    12.369,       262,,,0.133981,            Grv,3,3,21.2,3,3,9.6,3,3,30.9,3,2.782715455362123,2.782715455362123,1558.0426883259402,1558.0426883259402,1.118026134049238,1.118026134049238
    165.50,          Miocene,     13.61,   12.4857,       261,,,0.136103,            Grv,3,3,21.2,3,3,9.6,3,3,30.9,3,2.778907346741304,2.778907346741304,1558.0895647081632,1558.0895647081632,1.1165037579828767,1.1165037579828767
    165.75,          Miocene,     13.62,   13.2588,       260,,,0.15016,            Grv,3,3,21.2,3,3,9.6,3,3,30.9,3,2.753680870359186,2.753680870359186,1558.4000931270648,1558.4000931270648,1.1064189133246114,1.1064189133246114
    166.00,          Miocene,     13.62,   14.8442,       260,,,0.178985,            Grv,3,3,21.2,3,3,9.6,3,3,30.9,3,2.701951967910973,2.701951967910973,1559.0368564246987,1559.0368564246987,1.0857391347605865,1.0857391347605865
    166.25,          Miocene,     13.63,    16.692,       263,,,0.212581,            Grv,3,3,21.2,3,3,9.6,3,3,30.9,3,2.6416611021121805,2.6416611021121805,1559.7790142650217,1559.7790142650217,1.0616365210351058,1.0616365210351058
    166.50,          Miocene,     13.63,   17.7602,       263,,,0.232004,            Grv,3,3,21.2,3,3,9.6,3,3,30.9,3,2.6068048845145517,2.6068048845145517,1560.20808116979,1560.20808116979,1.0477019732797177,1.0477019732797177
    166.75,          Miocene,     13.64,   17.7602,       263,,,0.232004,            Grv,3,3,21.2,3,3,9.6,3,3,30.9,3,2.6068048845145517,2.6068048845145517,1560.20808116979,1560.20808116979,1.0477019732797177,1.0477019732797177
    167.00,          Miocene,     13.65,   17.9067,       263,,,0.234667,            Grv,3,3,21.2,3,3,9.6,3,3,30.9,3,2.602025905599735,2.602025905599735,1560.2669085995071,1560.2669085995071,1.0457914702331959,1.0457914702331959
    167.25,          Miocene,     13.65,   16.9213,       263,,,0.216752,            Grv,3,3,21.2,3,3,9.6,3,3,30.9,3,2.6341758895497693,2.6341758895497693,1559.871154411229,1559.871154411229,1.0586441409348266,1.0586441409348266
    167.50,          Miocene,     13.66,   16.6984,       263,,,0.212699,            Grv,3,3,21.2,3,3,9.6,3,3,30.9,3,2.641449341123841,2.641449341123841,1559.7816209629964,1559.7816209629964,1.0615518648730744,1.0615518648730744
    167.75,          Miocene,   13.6667,   16.5189,       263,,,0.209435,            Grv,3,3,21.2,3,3,9.6,3,3,30.9,3,2.647306865411472,2.647306865411472,1559.7095170461369,1559.7095170461369,1.063893540405875,1.063893540405875
    168.00,          Miocene,     13.68,   16.6306,       262,,,0.211466,            Grv,3,3,21.2,3,3,9.6,3,3,30.9,3,2.643662063993525,2.643662063993525,1559.7543831782268,1559.7543831782268,1.0624364500237922,1.0624364500237922
    168.25,          Miocene,     13.68,   16.6306,       262,,,0.211466,            Grv,3,3,21.2,3,3,9.6,3,3,30.9,3,2.643662063993525,2.643662063993525,1559.7543831782268,1559.7543831782268,1.0624364500237922,1.0624364500237922
    168.50,          Miocene,     13.69,   18.5393,       262,,,0.246169,            Grv,3,3,21.2,3,3,9.6,3,3,30.9,3,2.581384592990564,2.581384592990564,1560.5209953800581,1560.5209953800581,1.0375396467104407,1.0375396467104407
    168.75,          Miocene,     13.69,    17.916,       262,,,0.234837,            Grv,3,3,21.2,3,3,9.6,3,3,30.9,3,2.601720826209754,2.601720826209754,1560.2706640118436,1560.2706640118436,1.0456695079658624,1.0456695079658624
    169.00,          Miocene,      13.7,   18.3521,       261,,,0.242766,            Grv,3,3,21.2,3,3,9.6,3,3,30.9,3,2.5874915645441203,2.5874915645441203,1560.445820861347,1560.445820861347,1.0399810443324138,1.0399810443324138
    169.25,          Miocene,      13.7,   19.2976,       260,,,0.259956,            Grv,3,3,21.2,3,3,9.6,3,3,30.9,3,2.5566426544631216,2.5566426544631216,1560.825559320543,1560.825559320543,1.0276485068297048,1.0276485068297048
    169.50,          Miocene,     13.71,   22.6167,       260,,,0.320304,            Grv,3,3,21.2,3,3,9.6,3,3,30.9,3,2.4483430601892344,2.4483430601892344,1562.1586865186562,1562.1586865186562,0.9843533367765642,0.9843533367765642
    169.75,          Miocene,     13.72,   22.6167,       260,,,0.328318,            Grv,3,3,21.2,3,3,9.6,3,3,30.9,3,2.4339612588286106,2.4339612588286106,1562.335721074328,1562.335721074328,0.9786038920094489,0.9786038920094489
    170.00,          Miocene,     13.72,   23.0575,       260,,,0.328318,            Grv,3,3,21.2,3,3,9.6,3,3,30.9,3,2.4339612588286106,2.4339612588286106,1562.335721074328,1562.335721074328,0.9786038920094489,0.9786038920094489
    170.25,          Miocene,     13.73,   24.9784,       259,,,0.363243,            Slt,3,3,21.2,3,3,9.6,3,3,30.9,3,2.3712853900340276,2.3712853900340276,1563.1072374028574,1563.1072374028574,0.9535478203234621,0.9535478203234621
    170.50,          Miocene,     13.73,   26.6948,       257,,,0.39445,            Slt,3,3,21.2,3,3,9.6,3,3,30.9,3,2.3152817869567888,2.3152817869567888,1563.796620654523,1563.796620654523,0.931159135166566,0.931159135166566
    170.75,          Miocene,   13.7375,      23.8,       255,,,0.341817,            Slt,3,3,21.2,3,3,9.6,3,3,30.9,3,2.409736160679489,2.409736160679489,1562.6339229045018,1562.6339229045018,0.9689193705580779,0.9689193705580779
    171.00,          Miocene,     13.74,   20.2176,       257,,,0.276683,            Slt,3,3,21.2,3,3,9.6,3,3,30.9,3,2.5266246370736587,2.5266246370736587,1561.1950698037876,1561.1950698037876,1.0156481371492037,1.0156481371492037
    171.25,          Miocene,     13.75,   20.2176,       256,,,0.280796,            Slt,3,3,21.2,3,3,9.6,3,3,30.9,3,2.5192435104207704,2.5192435104207704,1561.2859286916685,1561.2859286916685,1.012697367704838,1.012697367704838
    171.50,          Miocene,   13.7533,   20.4438,       256,,,0.280796,            Slt,3,3,21.2,3,3,9.6,3,3,30.9,3,2.5192435104207704,2.5192435104207704,1561.2859286916685,1561.2859286916685,1.012697367704838,1.012697367704838
    171.75,          Miocene,     13.76,   20.3586,       255,,,0.279248,            Slt,3,3,21.2,3,3,9.6,3,3,30.9,3,2.5220215274542426,2.5220215274542426,1561.2517323487461,1561.2517323487461,1.0138079417626737,1.0138079417626737
    172.00,          Miocene,     13.77,   18.1689,       255,,,0.239435,            Slt,3,3,21.2,3,3,9.6,3,3,30.9,3,2.593469326003097,2.593469326003097,1560.3722368702138,1560.3722368702138,1.0423707873470458,1.0423707873470458
    172.25,          Miocene,     13.77,   18.7514,       255,,,0.250025,            Slt,3,3,21.2,3,3,9.6,3,3,30.9,3,2.574464674591941,2.574464674591941,1560.6061769681128,1560.6061769681128,1.0347732555172793,1.0347732555172793
    172.50,          Miocene,     13.78,   21.9045,       251,,,0.307355,            Slt,3,3,21.2,3,3,9.6,3,3,30.9,3,2.471581136782536,2.471581136782536,1561.8726345519237,1561.8726345519237,0.9936432744218567,0.9936432744218567
    172.75,          Miocene,     13.79,   21.9045,       252,,,0.314773,            Slt,3,3,21.2,3,3,9.6,3,3,30.9,3,2.458268907871492,2.458268907871492,1562.036503073757,1562.036503073757,0.9883214150155102,0.9883214150155102
    173.00,          Miocene,     13.79,   22.3125,       247,,,0.314773,            Slt,3,3,21.2,3,3,9.6,3,3,30.9,3,2.458268907871492,2.458268907871492,1562.036503073757,1562.036503073757,0.9883214150155102,0.9883214150155102
    173.25,          Miocene,      13.8,   19.1952,       259,,,0.258095,            Slt,3,3,21.2,3,3,9.6,3,3,30.9,3,2.559982376491088,2.559982376491088,1560.7844486007896,1560.7844486007896,1.028983634944454,1.028983634944454
    173.50,          Miocene,     13.81,    18.298,       238,,,0.241781,            Slt,3,3,21.2,3,3,9.6,3,3,30.9,3,2.589259230421362,2.589259230421362,1560.4240615604565,1560.4240615604565,1.0406877080578454,1.0406877080578454
    173.75,          Miocene,   13.8167,    17.463,       256,,,0.2266,            Slt,3,3,21.2,3,3,9.6,3,3,30.9,3,2.6165028199466467,2.6165028199466467,1560.0887032388127,1560.0887032388127,1.0515789385307148,1.0515789385307148
    174.00,          Miocene,   13.8275,    18.201,       255,,,0.240019,            Slt,3,3,21.2,3,3,9.6,3,3,30.9,3,2.592421288569281,2.592421288569281,1560.3851378161223,1560.3851378161223,1.0419518110875006,1.0419518110875006
    174.25,          Miocene,     13.84,    18.201,       262,,,0.298907,            Slt,3,3,21.2,3,3,9.6,3,3,30.9,3,2.4867417878799345,2.4867417878799345,1561.6860126494637,1561.6860126494637,0.999704081683223,0.999704081683223
    174.50,          Miocene,     13.84,   21.4399,       262,,,0.298907,            Slt,3,3,21.2,3,3,9.6,3,3,30.9,3,2.4867417878799345,2.4867417878799345,1561.6860126494637,1561.6860126494637,0.999704081683223,0.999704081683223
    174.75,          Miocene,     13.85,   22.2662,       263,,,0.313931,            Slt,3,3,21.2,3,3,9.6,3,3,30.9,3,2.45977994814422,2.45977994814422,1562.0179027373615,1562.0179027373615,0.9889254869513614,0.9889254869513614
    175.00,          Miocene,     13.86,   23.4226,       263,,,0.334957,            Slt,3,3,21.2,3,3,9.6,3,3,30.9,3,2.422047011357537,2.422047011357537,1562.4823809713962,1562.4823809713962,0.97384090675753,0.97384090675753
    175.25,          Miocene,     13.87,   21.1702,       263,,,0.294004,            Slt,3,3,21.2,3,3,9.6,3,3,30.9,3,2.49554063640391,2.49554063640391,1561.5777021395488,1561.5777021395488,1.0032216169581376,1.0032216169581376
    175.50,          Miocene,     13.88,   20.8889,       263,,,0.288889,            Slt,3,3,21.2,3,3,9.6,3,3,30.9,3,2.504719936873038,2.504719936873038,1561.4647084095436,1561.4647084095436,1.006891246354668,1.006891246354668
    175.75,          Miocene,     13.89,   20.8889,       262,,,0.291234,            Slt,3,3,21.2,3,3,9.6,3,3,30.9,3,2.50051163587595,2.50051163587595,1561.5165110091257,1561.5165110091257,1.0052088844905696,1.0052088844905696
    176.00,          Miocene,     13.89,   21.0179,       262,,,0.291234,            Slt,3,3,21.2,3,3,9.6,3,3,30.9,3,2.50051163587595,2.50051163587595,1561.5165110091257,1561.5165110091257,1.0052088844905696,1.0052088844905696
    176.25,          Miocene,      13.9,   21.2333,       262,,,0.29515,            Slt,3,3,21.2,3,3,9.6,3,3,30.9,3,2.49348404239851,2.49348404239851,1561.6030180368284,1561.6030180368284,1.0023994477912903,1.0023994477912903
    176.50,          Miocene,     13.91,   24.2398,       262,,,0.349814,            Slt,3,3,21.2,3,3,9.6,3,3,30.9,3,2.395384867257863,2.395384867257863,1562.8105819189398,1562.8105819189398,0.9631821220176959,0.9631821220176959
    176.75,          Miocene,    13.925,   27.1061,       262,,,0.401929,            Slt,3,3,21.2,3,3,9.6,3,3,30.9,3,2.301860088382281,2.301860088382281,1563.9618367066653,1563.9618367066653,0.925793512829,0.925793512829
    177.00,          Miocene,     13.93,   25.5503,       262,,,0.373642,            Slt,3,3,21.2,3,3,9.6,3,3,30.9,3,2.3526235042904378,2.3526235042904378,1563.3369581845432,1563.3369581845432,0.9460873166881699,0.9460873166881699
    177.25,          Miocene,     13.94,   25.5503,       261,,,0.37075,            Slt,3,3,21.2,3,3,9.6,3,3,30.9,3,2.357813443089405,2.357813443089405,1563.2730719935023,1563.2730719935023,0.9481621100830411,0.9481621100830411
    177.50,          Miocene,     13.96,   25.3912,       261,,,0.37075,            Slt,3,3,21.2,3,3,9.6,3,3,30.9,3,2.357813443089405,2.357813443089405,1563.2730719935023,1563.2730719935023,0.9481621100830411,0.9481621100830411
    177.75,          Miocene,     13.97,   26.7353,       261,,,0.395188,            Slt,3,3,21.2,3,3,9.6,3,3,30.9,3,2.3139573834873426,2.3139573834873426,1563.8129235621952,1563.8129235621952,0.9306296754413188,0.9306296754413188
    178.00,          Miocene,     13.98,   29.0498,       261,,,0.43727,            Slt,3,3,21.2,3,3,9.6,3,3,30.9,3,2.2384376723745683,2.2384376723745683,1564.7425427500887,1564.7425427500887,0.9004389923005973,0.9004389923005973
    178.25,          Miocene,   13.9825,   31.2491,       260,,,0.477256,            Slt,3,3,21.2,3,3,9.6,3,3,30.9,3,2.166679410681792,2.166679410681792,1565.62585991294,1565.62585991294,0.871752032173586,0.871752032173586
    178.50,          Miocene,        14,   30.7864,       261,,,0.468844,            Slt,3,3,21.2,3,3,9.6,3,3,30.9,3,2.1817754567319003,2.1817754567319003,1565.440033274269,1565.440033274269,0.8777870121312816,0.8777870121312816
    178.75,          Miocene,        14,   30.7864,       261,,,0.402017,            Slt,3,3,21.2,3,3,9.6,3,3,30.9,3,2.30170216493335,2.30170216493335,1563.963780684816,1563.963780684816,0.9257303794200273,0.9257303794200273
    179.00,          Miocene,     14.01,   27.1109,       261,,,0.402017,            Slt,3,3,21.2,3,3,9.6,3,3,30.9,3,2.30170216493335,2.30170216493335,1563.963780684816,1563.963780684816,0.9257303794200273,0.9257303794200273
    179.25,          Miocene,     14.02,   26.1163,       261,,,0.383933,            Slt,3,3,21.2,3,3,9.6,3,3,30.9,3,2.334155433688718,2.334155433688718,1563.5642931748625,1563.5642931748625,0.9387042949638895,0.9387042949638895
    179.50,          Miocene,     14.02,   26.7746,       261,,,0.395901,            Slt,3,3,21.2,3,3,9.6,3,3,30.9,3,2.31267784463407,2.31267784463407,1563.8286742033474,1563.8286742033474,0.9301181513436207,0.9301181513436207
    179.75,          Miocene,     14.03,   28.5304,       261,,,0.427825,            Slt,3,3,21.2,3,3,9.6,3,3,30.9,3,2.2553875243649717,2.2553875243649717,1564.5338964588086,1564.5338964588086,0.9072150723886188,0.9072150723886188
    180.00,          Miocene,     14.04,   29.5137,       262,,,0.445703,            Slt,3,3,21.2,3,3,9.6,3,3,30.9,3,2.2233039400468737,2.2233039400468737,1564.9288332926367,1564.9288332926367,0.8943889464157604,0.8943889464157604
    180.25,          Miocene,     14.05,   29.5137,       261,,,0.416201,            Slt,3,3,21.2,3,3,9.6,3,3,30.9,3,2.2762477763010702,2.2762477763010702,1564.2771146176394,1564.2771146176394,0.915554421773813,0.915554421773813
    180.50,          Miocene,     14.06,   27.8911,       261,,,0.416201,            Slt,3,3,21.2,3,3,9.6,3,3,30.9,3,2.2762477763010702,2.2762477763010702,1564.2771146176394,1564.2771146176394,0.915554421773813,0.915554421773813
    180.75,          Miocene,     14.07,   28.0694,       261,,,0.419444,            Slt,3,3,21.2,3,3,9.6,3,3,30.9,3,2.2704279382910246,2.2704279382910246,1564.3487546306224,1564.3487546306224,0.9132278121681536,0.9132278121681536
    181.00,          Miocene,     14.08,   27.5971,       259,,,0.410857,            Slt,3,3,21.2,3,3,9.6,3,3,30.9,3,2.2858380366543485,2.2858380366543485,1564.1590621263106,1564.1590621263106,0.9193883415186924,0.9193883415186924
    181.25,          Miocene,     14.09,   26.9004,       260,,,0.398188,            Slt,3,3,21.2,3,3,9.6,3,3,30.9,3,2.308573629546505,2.308573629546505,1563.879195544603,1563.879195544603,0.9284774001354359,0.9284774001354359
    181.50,          Miocene,   14.0925,   27.4982,       262,,,0.409058,            Slt,3,3,21.2,3,3,9.6,3,3,30.9,3,2.289066494434204,2.289066494434204,1564.119321027527,1564.119321027527,0.9206789892771202,0.9206789892771202
    181.75,          Miocene,   14.1025,   27.4982,       262,,,0.41722,            Slt,3,3,21.2,3,3,9.6,3,3,30.9,3,2.2744190945458325,2.2744190945458325,1564.2996250009974,1564.2996250009974,0.9148233655949147,0.9148233655949147
    182.00,          Miocene,     14.11,   27.9471,       262,,,0.41722,            Slt,3,3,21.2,3,3,9.6,3,3,30.9,3,2.2744190945458325,2.2744190945458325,1564.2996250009974,1564.2996250009974,0.9148233655949147,0.9148233655949147
    182.25,          Miocene,     14.12,   29.0388,       262,,,0.43707,            Slt,3,3,21.2,3,3,9.6,3,3,30.9,3,2.2387965893039574,2.2387965893039574,1564.7381246179282,1564.7381246179282,0.9005824773209895,0.9005824773209895
    182.50,          Miocene,     14.13,   31.7345,       262,,,0.486082,            Slt,3,3,21.2,3,3,9.6,3,3,30.9,3,2.1508404065878484,2.1508404065878484,1565.8208320851834,1565.8208320851834,0.8654200382236785,0.8654200382236785
    182.75,          Miocene,   14.1367,   34.6556,       262,,,0.539193,            Slt,3,3,21.2,3,3,9.6,3,3,30.9,3,2.055528221403908,2.055528221403908,1566.9940891710683,1566.9940891710683,0.8273168736334293,0.8273168736334293
    183.00,          Miocene,     14.14,   34.2678,       261,,,0.532142,            Slt,3,3,21.2,3,3,9.6,3,3,30.9,3,2.068181837749523,2.068181837749523,1566.8383279217494,1566.8383279217494,0.8323754380273563,0.8323754380273563
    183.25,          Miocene,     14.15,   34.2678,       261,,,0.527334,            Slt,3,3,21.2,3,3,9.6,3,3,30.9,3,2.0768102007320386,2.0768102007320386,1566.7321160246108,1566.7321160246108,0.8358248179175846,0.8358248179175846
    183.50,          Miocene,     14.16,   34.0034,       259,,,0.527334,            Slt,3,3,21.2,3,3,9.6,3,3,30.9,3,2.0768102007320386,2.0768102007320386,1566.7321160246108,1566.7321160246108,0.8358248179175846,0.8358248179175846
    183.75,          Miocene,     14.16,   33.5471,       262,,,0.519039,            Slt,3,3,21.2,3,3,9.6,3,3,30.9,3,2.0916962803784545,2.0916962803784545,1566.5488739932534,1566.5488739932534,0.8417758591383507,0.8417758591383507
    184.00,          Miocene,     14.17,   34.2618,       263,,,0.532034,            Slt,3,3,21.2,3,3,9.6,3,3,30.9,3,2.068375652891393,2.068375652891393,1566.8359421303828,1566.8359421303828,0.8324529199383679,0.8324529199383679
    184.25,          Miocene,     14.18,   33.8789,       263,,,0.525071,            Slt,3,3,21.2,3,3,9.6,3,3,30.9,3,2.0808713457880774,2.0808713457880774,1566.6821248592146,1566.6821248592146,0.8374483509233223,0.8374483509233223
    184.50,          Miocene,     14.19,   34.4102,       263,,,0.534731,            Slt,3,3,21.2,3,3,9.6,3,3,30.9,3,2.0635356580985804,2.0635356580985804,1566.8955206425674,1566.8955206425674,0.8305180244383792,0.8305180244383792
    184.75,          Miocene,    14.195,   34.4102,       263,,,0.531421,            Slt,3,3,21.2,3,3,9.6,3,3,30.9,3,2.069475733279971,2.069475733279971,1566.8224005553109,1566.8224005553109,0.83289270152587,0.83289270152587
    185.00,          Miocene,      14.2,   34.2282,       262,,,0.531421,            Slt,3,3,21.2,3,3,9.6,3,3,30.9,3,2.069475733279971,2.069475733279971,1566.8224005553109,1566.8224005553109,0.83289270152587,0.83289270152587
    185.25,          Miocene,     14.21,     34.25,       262,,,0.531819,            Slt,3,3,21.2,3,3,9.6,3,3,30.9,3,2.0687614885904866,2.0687614885904866,1566.8311926383103,1566.8311926383103,0.8326071663352895,0.8326071663352895
    185.50,          Miocene,     14.22,   33.4378,       261,,,0.517052,            Slt,3,3,21.2,3,3,9.6,3,3,30.9,3,2.095262120071936,2.095262120071936,1566.504979850239,1566.504979850239,0.8432013828159473,0.8432013828159473
    185.75,          Miocene,     14.23,   33.6339,       261,,,0.520616,            Slt,3,3,21.2,3,3,9.6,3,3,30.9,3,2.088866220390221,2.088866220390221,1566.5837109653392,1566.5837109653392,0.8406444797525583,0.8406444797525583
    186.00,          Miocene,     14.23,    32.397,       261,,,0.498128,            Slt,3,3,21.2,3,3,9.6,3,3,30.9,3,2.1292228399307387,2.1292228399307387,1566.086936185211,1566.086936185211,0.8567779354454566,0.8567779354454566
    186.25,          Miocene,     14.24,    32.397,       260,,,0.423717,            Slt,3,3,21.2,3,3,9.6,3,3,30.9,3,2.262759678094625,2.262759678094625,1564.4431480242315,1564.4431480242315,0.9101622547074744,0.9101622547074744
    186.50,          Miocene,     14.25,   28.3044,       262,,,0.423717,            Slt,3,3,21.2,3,3,9.6,3,3,30.9,3,2.262759678094625,2.262759678094625,1564.4431480242315,1564.4431480242315,0.9101622547074744,0.9101622547074744
    186.75,          Miocene,   14.2467,   25.8201,       262,,,0.378548,            Slt,3,3,21.2,3,3,9.6,3,3,30.9,3,2.3438192720125213,2.3438192720125213,1563.4453349664407,1563.4453349664407,0.9425676291379494,0.9425676291379494
    187.00,          Miocene,     14.26,   25.3595,       262,,,0.370173,            Slt,3,3,21.2,3,3,9.6,3,3,30.9,3,2.358848918430693,2.358848918430693,1563.2603256822192,1563.2603256822192,0.9485760643668726,0.9485760643668726
    187.25,          Miocene,     14.27,   26.9145,       262,,,0.398445,            Slt,3,3,21.2,3,3,9.6,3,3,30.9,3,2.30811242129224,2.30811242129224,1563.8848728444293,1563.8848728444293,0.928293021884232,0.928293021884232
    187.50,          Miocene,     14.27,   26.5461,       262,,,0.391748,            Slt,3,3,21.2,3,3,9.6,3,3,30.9,3,2.3201307546728365,2.3201307546728365,1563.7369316890345,1563.7369316890345,0.9330976177920647,0.9330976177920647
    187.75,          Miocene,     14.28,   26.5461,       261,,,0.374622,            Slt,3,3,21.2,3,3,9.6,3,3,30.9,3,2.3508648113364305,2.3508648113364305,1563.3586070321298,1563.3586070321298,0.9453842400882482,0.9453842400882482
    188.00,          Miocene,     14.28,   25.6042,       261,,,0.374622,            Slt,3,3,21.2,3,3,9.6,3,3,30.9,3,2.3508648113364305,2.3508648113364305,1563.3586070321298,1563.3586070321298,0.9453842400882482,0.9453842400882482
    188.25,          Miocene,     14.29,   25.6179,       261,,,0.374871,            Slt,3,3,21.2,3,3,9.6,3,3,30.9,3,2.350417959759341,2.350417959759341,1563.3641076066697,1563.3641076066697,0.9452056012378599,0.9452056012378599
    188.50,          Miocene,      14.3,    26.719,       260,,,0.394891,            Slt,3,3,21.2,3,3,9.6,3,3,30.9,3,2.3144903751274857,2.3144903751274857,1563.806362635937,1563.806362635937,0.9308427506966013,0.9308427506966013
    188.75,          Miocene,      14.3,   26.8323,       260,,,0.39695,            Slt,3,3,21.2,3,3,9.6,3,3,30.9,3,2.310795325339424,2.310795325339424,1563.8518473065294,1563.8518473065294,0.9293655724116636,0.9293655724116636
    189.00,          Miocene,   14.3033,   28.4076,       261,,,0.425593,            Slt,3,3,21.2,3,3,9.6,3,3,30.9,3,2.2593930372969546,2.2593930372969546,1564.4845901038973,1564.4845901038973,0.9088163652161956,0.9088163652161956
    189.25,          Miocene,     14.32,   28.4076,       262,,,0.430591,            Slt,3,3,21.2,3,3,9.6,3,3,30.9,3,2.2504237032315193,2.2504237032315193,1564.5949992265885,1564.5949992265885,0.9052306745565947,0.9052306745565947
    189.50,          Miocene,     14.32,   28.6825,       261,,,0.430591,            Slt,3,3,21.2,3,3,9.6,3,3,30.9,3,2.2504237032315193,2.2504237032315193,1564.5949992265885,1564.5949992265885,0.9052306745565947,0.9052306745565947
    189.75,          Miocene,     14.33,   26.3118,       260,,,0.387487,            Slt,3,3,21.2,3,3,9.6,3,3,30.9,3,2.3277774798534727,2.3277774798534727,1563.6428033833547,1563.6428033833547,0.9361545661515203,0.9361545661515203
    190.00,          Miocene,   14.3375,   25.6391,       260,,,0.375256,            Slt,3,3,21.2,3,3,9.6,3,3,30.9,3,2.349727044670267,2.349727044670267,1563.3726125110786,1563.3726125110786,0.9449293925736049,0.9449293925736049
    190.25,          Miocene,     14.34,   25.4924,       260,,,0.372589,            Slt,3,3,21.2,3,3,9.6,3,3,30.9,3,2.3545132019236714,2.3545132019236714,1563.3136967187181,1563.3136967187181,0.9468427653205349,0.9468427653205349
    190.50,          Miocene,     14.35,   27.3187,       260,,,0.405795,            Slt,3,3,21.2,3,3,9.6,3,3,30.9,3,2.2949222241371885,2.2949222241371885,1564.047239201328,1564.047239201328,0.9230199473848189,0.9230199473848189
    190.75,          Miocene,     14.36,   27.3187,       260,,,0.455848,            Slt,3,3,21.2,3,3,9.6,3,3,30.9,3,2.2050978788036084,2.2050978788036084,1565.1529430464786,1565.1529430464786,0.8871106687563665,0.8871106687563665
    191.00,          Miocene,     14.36,   30.0716,       261,,,0.455848,            Slt,3,3,21.2,3,3,9.6,3,3,30.9,3,2.2050978788036084,2.2050978788036084,1565.1529430464786,1565.1529430464786,0.8871106687563665,0.8871106687563665
    191.25,          Miocene,     14.37,    30.312,       262,,,0.460218,            Slt,3,3,21.2,3,3,9.6,3,3,30.9,3,2.197255543896455,2.197255543896455,1565.2494792341859,1565.2494792341859,0.8839755210607969,0.8839755210607969
    191.50,          Miocene,     14.38,   28.8913,       261,,,0.434387,            Slt,3,3,21.2,3,3,9.6,3,3,30.9,3,2.2436114599117127,2.2436114599117127,1564.678855374995,1564.678855374995,0.9025073288695508,0.9025073288695508
    191.75,          Miocene,     14.38,   30.2288,       261,,,0.458705,            Slt,3,3,21.2,3,3,9.6,3,3,30.9,3,2.1999707504672843,2.1999707504672843,1565.2160560643918,1565.2160560643918,0.8850609852400639,0.8850609852400639
    192.00,          Miocene,     14.39,   31.1896,       260,,,0.476175,            Slt,3,3,21.2,3,3,9.6,3,3,30.9,3,2.1686193566851406,2.1686193566851406,1565.6019799086125,1565.6019799086125,0.8725275687088058,0.8725275687088058
    192.25,          Miocene,     14.39,   31.1896,       260,,,0.415167,            Slt,3,3,21.2,3,3,9.6,3,3,30.9,3,2.278103376826012,2.278103376826012,1564.2542728743697,1564.2542728743697,0.9162962393292406,0.9162962393292406
    192.50,          Miocene,      14.4,   27.8342,       263,,,0.415167,            Slt,3,3,21.2,3,3,9.6,3,3,30.9,3,2.278103376826012,2.278103376826012,1564.2542728743697,1564.2542728743697,0.9162962393292406,0.9162962393292406
    192.75,          Miocene,     14.41,   27.0729,       262,,,0.401326,            Slt,3,3,21.2,3,3,9.6,3,3,30.9,3,2.302942222924389,2.302942222924389,1563.9485160382014,1563.9485160382014,0.9262261201654824,0.9262261201654824
    193.00,          Miocene,     14.42,   29.9398,       262,,,0.453451,            Slt,3,3,21.2,3,3,9.6,3,3,30.9,3,2.2093994982023375,2.2093994982023375,1565.099991732535,1565.099991732535,0.8888303367257668,0.8888303367257668
    193.25,          Miocene,     14.42,   29.1938,       261,,,0.439888,            Slt,3,3,21.2,3,3,9.6,3,3,30.9,3,2.233739449768864,2.233739449768864,1564.8003761000698,1564.8003761000698,0.8985607733836636,0.8985607733836636
    193.50,          Miocene,     14.43,   27.8811,       260,,,0.416019,            Slt,3,3,21.2,3,3,9.6,3,3,30.9,3,2.276574390706814,2.276574390706814,1564.2730941173734,1564.2730941173734,0.9156849931423698,0.9156849931423698
    193.75,          Miocene,     14.43,   27.8811,       261,,,0.446718,            Slt,3,3,21.2,3,3,9.6,3,3,30.9,3,2.221482436630224,2.221482436630224,1564.9512553133513,1564.9512553133513,0.8936607599372701,0.8936607599372701
    194.00,          Miocene,     14.44,   29.5695,       261,,,0.446718,            Slt,3,3,21.2,3,3,9.6,3,3,30.9,3,2.221482436630224,2.221482436630224,1564.9512553133513,1564.9512553133513,0.8936607599372701,0.8936607599372701
    194.25,          Miocene,   14.4425,   31.8628,       264,,,0.488414,            Slt,3,3,21.2,3,3,9.6,3,3,30.9,3,2.1466554351911706,2.1466554351911706,1565.872347506175,1565.872347506175,0.8637470028859054,0.8637470028859054
    194.50,          Miocene,     14.45,   32.1738,       262,,,0.49407,            Slt,3,3,21.2,3,3,9.6,3,3,30.9,3,2.136505264428045,2.136505264428045,1565.9972922836744,1565.9972922836744,0.8596892465092143,0.8596892465092143
    194.75,          Miocene,     14.46,   30.1979,       261,,,0.458144,            Slt,3,3,21.2,3,3,9.6,3,3,30.9,3,2.200977512454221,2.200977512454221,1565.2036632036813,1565.2036632036813,0.885463460722264,0.885463460722264
    195.00,          Miocene,     14.47,   30.0971,       260,,,0.456312,            Slt,3,3,21.2,3,3,9.6,3,3,30.9,3,2.2042651915274254,2.2042651915274254,1565.1631931130912,1565.1631931130912,0.8867777835090566,0.8867777835090566
    195.25,          Miocene,     14.47,   30.0971,       260,,,0.475118,            Slt,3,3,21.2,3,3,9.6,3,3,30.9,3,2.1705162326569623,2.1705162326569623,1565.5786300801442,1565.5786300801442,0.8732858870415785,0.8732858870415785
    195.50,          Miocene,   14.4733,   31.1315,       260,,,0.475118,            Slt,3,3,21.2,3,3,9.6,3,3,30.9,3,2.1705162326569623,2.1705162326569623,1565.5786300801442,1565.5786300801442,0.8732858870415785,0.8732858870415785
    195.75,          Miocene,     14.48,   30.8039,       261,,,0.469162,            Slt,3,3,21.2,3,3,9.6,3,3,30.9,3,2.1812047788141715,2.1812047788141715,1565.447058104404,1565.447058104404,0.877558870948858,0.877558870948858
    196.00,          Miocene,     14.49,    28.645,       262,,,0.42991,            Slt,3,3,21.2,3,3,9.6,3,3,30.9,3,2.2516458153760897,2.2516458153760897,1564.5799554865819,1564.5799554865819,0.9057192410510301,0.9057192410510301
    196.25,          Miocene,      14.5,   28.5484,       262,,,0.428154,            Slt,3,3,21.2,3,3,9.6,3,3,30.9,3,2.2547971060161265,2.2547971060161265,1564.5411642862125,1564.5411642862125,0.9069790395300735,0.9069790395300735
    196.50,          Miocene,      14.5,    29.374,       262,,,0.443164,            Slt,3,3,21.2,3,3,9.6,3,3,30.9,3,2.2278603904654695,2.2278603904654695,1564.872745104859,1564.872745104859,0.8962104887496394,0.8962104887496394
    196.75,          Miocene,     14.51,    29.374,       264,,,0.460103,            Slt,3,3,21.2,3,3,9.6,3,3,30.9,3,2.197461921130854,2.197461921130854,1565.2469388081936,1565.2469388081936,0.8840580249475225,0.8840580249475225
    197.00,          Miocene,     14.51,   30.3057,       264,,,0.460103,            Slt,3,3,21.2,3,3,9.6,3,3,30.9,3,2.197461921130854,2.197461921130854,1565.2469388081936,1565.2469388081936,0.8840580249475225,0.8840580249475225
    197.25,          Miocene,     14.52,   27.8412,       263,,,0.415294,            Slt,3,3,21.2,3,3,9.6,3,3,30.9,3,2.2778754645758497,2.2778754645758497,1564.2570783882916,1564.2570783882916,0.9162051263412916,0.9162051263412916
    197.50,          Miocene,     14.53,   25.7372,       263,,,0.37704,            Slt,3,3,21.2,3,3,9.6,3,3,30.9,3,2.3465255056601158,2.3465255056601158,1563.4120222499503,1563.4120222499503,0.9436495061917065,0.9436495061917065
    197.75,          Miocene,     14.53,   28.1454,       261,,,0.420826,            Slt,3,3,21.2,3,3,9.6,3,3,30.9,3,2.2679478223089458,2.2679478223089458,1564.3792839238513,1564.3792839238513,0.9122363306772435,0.9122363306772435
    198.00,          Miocene,     14.54,    27.297,       261,,,0.405401,            Slt,3,3,21.2,3,3,9.6,3,3,30.9,3,2.295629290488085,2.295629290488085,1564.0385354809719,1564.0385354809719,0.9233026128749915,0.9233026128749915
    198.25,          Miocene,   14.5425,    27.297,       261,,,0.395436,            Slt,3,3,21.2,3,3,9.6,3,3,30.9,3,2.3135123264949002,2.3135123264949002,1563.8184020460744,1563.8184020460744,0.9304517540160325,0.9304517540160325
    198.50,          Miocene,     14.55,    26.749,       261,,,0.395436,            Slt,3,3,21.2,3,3,9.6,3,3,30.9,3,2.3135123264949002,2.3135123264949002,1563.8184020460744,1563.8184020460744,0.9304517540160325,0.9304517540160325
    198.75,          Miocene,     14.55,   26.8524,       261,,,0.397317,            Slt,3,3,21.2,3,3,9.6,3,3,30.9,3,2.3101367127739953,2.3101367127739953,1563.859954579044,1563.859954579044,0.929102277399244,0.929102277399244
    199.00,          Miocene,     14.56,   27.6094,       261,,,0.41108,            Slt,3,3,21.2,3,3,9.6,3,3,30.9,3,2.2854378442780794,2.2854378442780794,1564.1639883436696,1564.1639883436696,0.9192283557209551,0.9192283557209551
    199.25,          Miocene,     14.57,   29.3202,       261,,,0.442186,            Slt,3,3,21.2,3,3,9.6,3,3,30.9,3,2.2296154942501825,2.2296154942501825,1564.851140438594,1564.851140438594,0.8969121304993573,0.8969121304993573
    199.50,          Miocene,     14.57,   29.6528,       261,,,0.448233,            Slt,3,3,21.2,3,3,9.6,3,3,30.9,3,2.218763640890101,2.218763640890101,1564.9847226644672,1564.9847226644672,0.8925738609077992,0.8925738609077992
    199.75,          Miocene,     14.58,   29.6528,       267,,,0.440529,            Slt,3,3,21.2,3,3,9.6,3,3,30.9,3,2.2325891210101716,2.2325891210101716,1564.8145362136443,1564.8145362136443,0.8981009038933065,0.8981009038933065
    200.00,          Miocene,     14.59,   29.2291,       262,,,0.440529,            Slt,3,3,21.2,3,3,9.6,3,3,30.9,3,2.2325891210101716,2.2325891210101716,1564.8145362136443,1564.8145362136443,0.8981009038933065,0.8981009038933065
    200.25,          Miocene,     14.59,    28.195,       268,,,0.421727,            Slt,3,3,21.2,3,3,9.6,3,3,30.9,3,2.266330901542047,2.266330901542047,1564.3991876092346,1564.3991876092346,0.9115899306603767,0.9115899306603767
    200.50,          Miocene,      14.6,   27.9864,       262,,,0.417934,            Slt,3,3,21.2,3,3,9.6,3,3,30.9,3,2.273137761107913,2.273137761107913,1564.3153977328104,1564.3153977328104,0.9143111240721147,0.9143111240721147
    200.75,          Miocene,      14.6,    28.023,       263,,,0.418599,            Slt,3,3,21.2,3,3,9.6,3,3,30.9,3,2.2719443623176936,2.2719443623176936,1564.3300880222441,1564.3300880222441,0.9138340363793106,0.9138340363793106
    201.00,          Miocene,     14.61,   27.6616,       263,,,0.41203,            Slt,3,3,21.2,3,3,9.6,3,3,30.9,3,2.283732988863481,2.283732988863481,1564.184974471432,1564.184974471432,0.9185468018740922,0.9185468018740922
    201.25,          Miocene,     14.62,   27.6616,       262,,,0.413286,            Slt,3,3,21.2,3,3,9.6,3,3,30.9,3,2.2814789905469173,2.2814789905469173,1564.2127203414,1564.2127203414,0.9176457159460292,0.9176457159460292
    201.50,          Miocene,     14.63,   27.7308,       263,,,0.413286,            Slt,3,3,21.2,3,3,9.6,3,3,30.9,3,2.2814789905469173,2.2814789905469173,1564.2127203414,1564.2127203414,0.9176457159460292,0.9176457159460292
    201.75,          Miocene,     14.63,   26.1583,       263,,,0.384696,            Slt,3,3,21.2,3,3,9.6,3,3,30.9,3,2.3327861656030984,2.3327861656030984,1563.5811483490547,1563.5811483490547,0.9381568996110934,0.9381568996110934
    202.00,          Miocene,     14.64,   26.8209,       263,,,0.396744,            Slt,3,3,21.2,3,3,9.6,3,3,30.9,3,2.311165009776695,2.311165009776695,1563.8472966304041,1563.8472966304041,0.9295133619826677,0.9295133619826677
    202.25,          Miocene,     14.64,   28.1132,       263,,,0.420239,            Slt,3,3,21.2,3,3,9.6,3,3,30.9,3,2.2690012434967026,2.2690012434967026,1564.3663167059603,1564.3663167059603,0.9126574592120946,0.9126574592120946
    202.50,          Miocene,     14.65,    29.905,       264,,,0.452818,            Slt,3,3,21.2,3,3,9.6,3,3,30.9,3,2.2105354702838547,2.2105354702838547,1565.086008344247,1565.086008344247,0.8892844668153081,0.8892844668153081
    202.75,          Miocene,     14.65,    29.905,       268,,,0.481364,            Slt,3,3,21.2,3,3,9.6,3,3,30.9,3,2.1593072569521388,2.1593072569521388,1565.716608347517,1565.716608347517,0.8688048498547303,0.8688048498547303
    203.00,          Miocene,    14.655,    31.475,       267,,,0.481364,            Slt,3,3,21.2,3,3,9.6,3,3,30.9,3,2.1593072569521388,2.1593072569521388,1565.716608347517,1565.716608347517,0.8688048498547303,0.8688048498547303
    203.25,          Miocene,     14.66,   33.3487,       263,,,0.51543,            Slt,3,3,21.2,3,3,9.6,3,3,30.9,3,2.0981729363692816,2.0981729363692816,1566.469148798417,1566.469148798417,0.8443650463313279,0.8443650463313279
    203.50,          Miocene,     14.67,   32.8161,       263,,,0.505747,            Slt,3,3,21.2,3,3,9.6,3,3,30.9,3,2.1155498995056585,2.1155498995056585,1566.2552449298657,1566.2552449298657,0.851311873593616,0.851311873593616
    203.75,          Miocene,     14.68,   30.7466,       263,,,0.46812,            Slt,3,3,21.2,3,3,9.6,3,3,30.9,3,2.183074736016289,2.183074736016289,1565.4240396358477,1565.4240396358477,0.8783064279051014,0.8783064279051014
    204.00,          Miocene,     14.68,   26.4963,       263,,,0.390842,            Slt,3,3,21.2,3,3,9.6,3,3,30.9,3,2.3217566483629692,2.3217566483629692,1563.7169175503473,1563.7169175503473,0.9337476049344412,0.9337476049344412
    204.25,          Miocene,   14.6975,   26.4963,       263,,,0.308896,            Slt,3,3,21.2,3,3,9.6,3,3,30.9,3,2.4688156818415927,2.4688156818415927,1561.9066762602206,1561.9066762602206,0.9925377223397349,0.9925377223397349
    204.50,          Miocene,     14.69,   21.9893,       262,,,0.308896,            Slt,3,3,21.2,3,3,9.6,3,3,30.9,3,2.4688156818415927,2.4688156818415927,1561.9066762602206,1561.9066762602206,0.9925377223397349,0.9925377223397349
    204.75,          Miocene,      14.7,   21.3469,       262,,,0.297216,            Slt,3,3,21.2,3,3,9.6,3,3,30.9,3,2.48977643051792,2.48977643051792,1561.6486573420466,1561.6486573420466,1.000917247530639,1.000917247530639
    205.00,          Miocene,   14.7025,   22.0602,       261,,,0.310185,            Slt,3,3,21.2,3,3,9.6,3,3,30.9,3,2.4665024622316793,2.4665024622316793,1561.935151121995,1561.935151121995,0.9916129613833072,0.9916129613833072
    205.25,          Miocene,   14.7025,   24.9813,       262,,,0.363296,         S (si),3,3,21.2,3,3,9.6,3,3,30.9,3,2.3711902770477393,2.3711902770477393,1563.1084082078798,1563.1084082078798,0.9535097967930581,0.9535097967930581
    205.50,          Miocene,     14.72,   26.5728,       263,,,0.392233,         S (si),3,3,21.2,3,3,9.6,3,3,30.9,3,2.3192603811190677,2.3192603811190677,1563.7476456595236,1563.7476456595236,0.9327496666176136,0.9327496666176136
    205.75,          Miocene,     14.73,   26.5728,       262,,,0.427353,         S (si),3,3,21.2,3,3,9.6,3,3,30.9,3,2.2562345683183302,2.2562345683183302,1564.5234696669097,1564.5234696669097,0.9075536970367443,0.9075536970367443
    206.00,          Miocene,     14.73,   28.5044,       261,,,0.427353,         S (si),3,3,21.2,3,3,9.6,3,3,30.9,3,2.2562345683183302,2.2562345683183302,1564.5234696669097,1564.5234696669097,0.9075536970367443,0.9075536970367443
    206.25,          Miocene,     14.74,   29.2609,       261,,,0.441108,         S (si),3,3,21.2,3,3,9.6,3,3,30.9,3,2.2315500564995903,2.2315500564995903,1564.8273267062489,1564.8273267062489,0.897685514759271,0.897685514759271
    206.50,          Miocene,   14.7433,    28.361,       262,,,0.424746,         S (si),3,3,21.2,3,3,9.6,3,3,30.9,3,2.260913050492918,2.260913050492918,1564.4658793141975,1564.4658793141975,0.9094240242775565,0.9094240242775565
    206.75,          Miocene,     14.75,   26.8801,       262,,,0.397819,         S (si),3,3,21.2,3,3,9.6,3,3,30.9,3,2.3092358312812284,2.3092358312812284,1563.8710440907669,1563.8710440907669,0.9287421299980596,0.9287421299980596
    207.00,          Miocene,     14.76,    27.174,       262,,,0.403164,         S (si),3,3,21.2,3,3,9.6,3,3,30.9,3,2.2996437763433026,2.2996437763433026,1563.9891186727566,1563.9891186727566,0.9249074928280782,0.9249074928280782
    207.25,          Miocene,     14.76,    27.174,       262,,,0.471755,         S (si),3,3,21.2,3,3,9.6,3,3,30.9,3,2.1765514208246413,2.1765514208246413,1565.504339187865,1565.504339187865,0.8756985876594733,0.8756985876594733
    207.50,          Miocene,     14.77,   30.9465,       262,,,0.471755,         S (si),3,3,21.2,3,3,9.6,3,3,30.9,3,2.1765514208246413,2.1765514208246413,1565.504339187865,1565.504339187865,0.8756985876594733,0.8756985876594733
    207.75,          Miocene,     14.77,   30.7271,       262,,,0.467766,         S (si),3,3,21.2,3,3,9.6,3,3,30.9,3,2.183710018981308,2.183710018981308,1565.4162195419237,1565.4162195419237,0.8785603963911957,0.8785603963911957
    208.00,          Miocene,     14.78,   26.2754,       262,,,0.386825,         S (si),3,3,21.2,3,3,9.6,3,3,30.9,3,2.3289654948897507,2.3289654948897507,1563.6281793659034,1563.6281793659034,0.9366295015690185,0.9366295015690185
    208.25,          Miocene,     14.78,   26.6033,       262,,,0.392787,         S (si),3,3,21.2,3,3,9.6,3,3,30.9,3,2.3182661812246597,2.3182661812246597,1563.7598838856084,1563.7598838856084,0.9323522131111271,0.9323522131111271
    208.50,          Miocene,   14.7967,   27.9888,       262,,,0.417978,         S (si),3,3,21.2,3,3,9.6,3,3,30.9,3,2.2730587993834472,2.2730587993834472,1564.3163697218856,1564.3163697218856,0.9142795573676283,0.9142795573676283
    208.75,          Miocene,      14.8,   27.9888,       262,,,0.424776,         S (si),3,3,21.2,3,3,9.6,3,3,30.9,3,2.2608592129535094,2.2608592129535094,1564.4665420340216,1564.4665420340216,0.9094025015244978,0.9094025015244978
    209.00,          Miocene,     14.81,   28.3627,       262,,,0.424776,         S (si),3,3,21.2,3,3,9.6,3,3,30.9,3,2.2608592129535094,2.2608592129535094,1564.4665420340216,1564.4665420340216,0.9094025015244978,0.9094025015244978
    209.25,          Miocene,     14.81,   27.4293,       263,,,0.407806,         S (si),3,3,21.2,3,3,9.6,3,3,30.9,3,2.2913133144121804,2.2913133144121804,1564.091663520202,1564.091663520202,0.9215772055047753,0.9215772055047753
    209.50,          Miocene,     14.82,   28.6483,       262,,,0.42997,         S (si),3,3,21.2,3,3,9.6,3,3,30.9,3,2.2515381402972725,2.2515381402972725,1564.58128092623,1564.58128092623,0.9056761955449124,0.9056761955449124
    209.75,          Miocene,     14.82,   30.4597,       262,,,0.462903,         S (si),3,3,21.2,3,3,9.6,3,3,30.9,3,2.1924370841194056,2.1924370841194056,1565.3087926584408,1565.3087926584408,0.8820492346620318,0.8820492346620318
    210.00,          Miocene,     14.83,   29.0572,       262,,,0.437403,         S (si),3,3,21.2,3,3,9.6,3,3,30.9,3,2.2381989926165247,2.2381989926165247,1564.7454808079756,1564.7454808079756,0.9003435747620365,0.9003435747620365
    210.25,          Miocene,   14.8375,   29.0572,       262,,,0.428847,              S,3,3,21.2,3,3,9.6,3,3,30.9,3,2.253553458855793,2.253553458855793,1564.5564731141487,1564.5564731141487,0.9064818639344145,0.9064818639344145
    210.50,          Miocene,     14.84,   28.5866,       262,,,0.428847,              S,3,3,21.2,3,3,9.6,3,3,30.9,3,2.253553458855793,2.253553458855793,1564.5564731141487,1564.5564731141487,0.9064818639344145,0.9064818639344145
    210.75,          Miocene,     14.85,   27.4317,       265,,,0.407849,              S,3,3,21.2,3,3,9.6,3,3,30.9,3,2.2912361472723615,2.2912361472723615,1564.0926134186166,1564.0926134186166,0.9215463562253909,0.9215463562253909
    211.00,          Miocene,     14.86,    29.379,       265,,,0.443255,              S,3,3,21.2,3,3,9.6,3,3,30.9,3,2.2276970832625973,2.2276970832625973,1564.874755354992,1564.874755354992,0.8961452030653609,0.8961452030653609
    211.25,          Miocene,     14.87,   31.7909,       263,,,0.487107,              S,3,3,21.2,3,3,9.6,3,3,30.9,3,2.149000957324729,2.149000957324729,1565.8434750125061,1565.8434750125061,0.8646846774941684,0.8646846774941684
    211.50,          Miocene,     14.87,   33.2567,       263,,,0.513757,              S,3,3,21.2,3,3,9.6,3,3,30.9,3,2.1011752764836222,2.1011752764836222,1566.4321911228944,1566.4321911228944,0.8455652985269086,0.8455652985269086
    211.75,          Miocene,     14.88,   33.2567,       263,,,0.550636,              S,3,3,21.2,3,3,9.6,3,3,30.9,3,2.034992789288907,2.034992789288907,1567.246872602632,1567.246872602632,0.81910737819169,0.81910737819169
    212.00,          Miocene,     14.89,    35.285,       263,,,0.550636,              S,3,3,21.2,3,3,9.6,3,3,30.9,3,2.034992789288907,2.034992789288907,1567.246872602632,1567.246872602632,0.81910737819169,0.81910737819169
    212.25,          Miocene,      14.9,   35.5347,       263,,,0.555176,              S,3,3,21.2,3,3,9.6,3,3,30.9,3,2.026845374991773,2.026845374991773,1567.3471642026757,1567.3471642026757,0.8158502682287871,0.8158502682287871
    212.50,          Miocene,      14.9,   32.9098,       263,,,0.50745,              S,3,3,21.2,3,3,9.6,3,3,30.9,3,2.1124937218519095,2.1124937218519095,1566.2928653252127,1566.2928653252127,0.8500900986449764,0.8500900986449764
    212.75,          Miocene,     14.91,   32.4507,       263,,,0.499103,              S,3,3,21.2,3,3,9.6,3,3,30.9,3,2.1274731198999666,2.1274731198999666,1566.1084745794935,1566.1084745794935,0.8560784459710447,0.8560784459710447
    213.00,          Miocene,     14.92,   33.5198,       263,,,0.518542,              S,3,3,21.2,3,3,9.6,3,3,30.9,3,2.0925881889479867,2.0925881889479867,1566.5378949348346,1566.5378949348346,0.8421324194140254,0.8421324194140254
    213.25,          Miocene,   14.9233,   33.5198,       263,,,0.549461,              S,3,3,21.2,3,3,9.6,3,3,30.9,3,2.0371014262490683,2.0371014262490683,1567.220916076189,1567.220916076189,0.8199503526864942,0.8199503526864942
    213.50,          Miocene,     14.93,   35.2203,       264,,,0.549461,              S,3,3,21.2,3,3,9.6,3,3,30.9,3,2.0371014262490683,2.0371014262490683,1567.220916076189,1567.220916076189,0.8199503526864942,0.8199503526864942
    213.75,          Miocene,     14.94,   33.3915,       265,,,0.516209,              S,3,3,21.2,3,3,9.6,3,3,30.9,3,2.096774954929311,2.096774954929311,1566.4863574231822,1566.4863574231822,0.8438061721769003,0.8438061721769003
    214.00,          Miocene,     14.95,   31.6807,       264,,,0.485103,              S,3,3,21.2,3,3,9.6,3,3,30.9,3,2.152597304957208,2.152597304957208,1565.7992053282578,1565.7992053282578,0.8661223973984982,0.8661223973984982
    214.25,          Miocene,     14.95,   30.8705,       265,,,0.470373,              S,3,3,21.2,3,3,9.6,3,3,30.9,3,2.17903153680672,2.17903153680672,1565.473809894636,1565.473809894636,0.8766900691503834,0.8766900691503834
    214.50,          Miocene,     14.96,   32.9837,       267,,,0.508795,              S,3,3,21.2,3,3,9.6,3,3,30.9,3,2.1100800055017674,2.1100800055017674,1566.3225772639921,1566.3225772639921,0.8491251618828389,0.8491251618828389
    214.75,          Miocene,     14.97,   32.9837,       265,,,0.523779,              S,3,3,21.2,3,3,9.6,3,3,30.9,3,2.0831899491519312,2.0831899491519312,1566.6535837254576,1566.6535837254576,0.8383752641550557,0.8383752641550557
    215.00,          Miocene,   14.9667,   33.8078,       265,,,0.523779,              S,3,3,21.2,3,3,9.6,3,3,30.9,3,2.0831899491519312,2.0831899491519312,1566.6535837254576,1566.6535837254576,0.8383752641550557,0.8383752641550557
    215.25,          Miocene,     14.98,     35.87,       265,,,0.561273,              S,3,3,21.2,3,3,9.6,3,3,30.9,3,2.015903792399344,2.015903792399344,1567.4818509615889,1567.4818509615889,0.8114761273821312,0.8114761273821312
    215.50,          Miocene,     14.99,   38.9286,       265,,,0.616884,              S,3,3,21.2,3,3,9.6,3,3,30.9,3,1.9161051455980393,1.9161051455980393,1568.7103346994802,1568.7103346994802,0.7715794000369797,0.7715794000369797
    215.75,          Miocene,     14.99,   38.1631,       265,,,0.602965,              S,3,3,21.2,3,3,9.6,3,3,30.9,3,1.9410839692988784,1.9410839692988784,1568.4028547917694,1568.4028547917694,0.7815652400311744,0.7815652400311744
    216.00,          Miocene,        15,   37.3077,       263,,,0.587412,              S,3,3,21.2,3,3,9.6,3,3,30.9,3,1.9689951443128269,1.9689951443128269,1568.0592787443072,1568.0592787443072,0.7927233526419734,0.7927233526419734
    216.25,         Rupelian,     15.01,   37.3077,       264,,,0.641725,            Slt,3,3,21.2,3,3,9.6,3,3,30.9,3,1.8715258683832579,1.8715258683832579,1569.2590888044767,1569.2590888044767,0.7537578430791672,0.7537578430791672
    216.50,         Rupelian,     15.02,   40.2949,       265,,,0.641725,            Slt,3,3,21.2,3,3,9.6,3,3,30.9,3,1.8715258683832579,1.8715258683832579,1569.2590888044767,1569.2590888044767,0.7537578430791672,0.7537578430791672
    216.75,         Rupelian,     15.02,   41.8424,       265,,,0.669862,            Slt,3,3,21.2,3,3,9.6,3,3,30.9,3,1.8210316401721431,1.8210316401721431,1569.8806537274784,1569.8806537274784,0.7335716529852914,0.7335716529852914
    217.00,         Rupelian,     15.03,   42.5127,       265,,,0.682049,            Slt,3,3,21.2,3,3,9.6,3,3,30.9,3,1.7991610370798141,1.7991610370798141,1570.1498726106793,1570.1498726106793,0.7248283932676931,0.7248283932676931
    217.25,         Rupelian,   15.0333,   47.7396,       265,,,0.777084,            Slt,3,3,21.2,3,3,9.6,3,3,30.9,3,1.6286126851573168,1.6286126851573168,1572.249258560051,1572.249258560051,0.6566478987028322,0.6566478987028322
    217.50,         Rupelian,   15.0433,   51.3294,       264,,,0.842353,            Slt,3,3,21.2,3,3,9.6,3,3,30.9,3,1.5114819398358093,1.5114819398358093,1573.6910938999733,1573.6910938999733,0.6098222797229417,0.6098222797229417
    217.75,         Rupelian,     15.05,   51.3294,       265,,,0.860829,            Slt,3,3,21.2,3,3,9.6,3,3,30.9,3,1.4783251938988382,1.4783251938988382,1574.0992409489616,1574.0992409489616,0.5965671335391108,0.5965671335391108
    218.00,         Rupelian,     15.06,   52.3456,       266,,,0.860829,            Slt,3,3,21.2,3,3,9.6,3,3,30.9,3,1.4783251938988382,1.4783251938988382,1574.0992409489616,1574.0992409489616,0.5965671335391108,0.5965671335391108
    218.25,         Rupelian,     15.06,   48.7711,       264,,,0.795839,            Slt,3,3,21.2,3,3,9.6,3,3,30.9,3,1.5949552501038478,1.5949552501038478,1572.6635689034028,1572.6635689034028,0.6431925909155544,0.6431925909155544
    218.50,         Rupelian,     15.07,    47.195,       264,,,0.767181,            Slt,3,3,21.2,3,3,9.6,3,3,30.9,3,1.6463844569160215,1.6463844569160215,1572.0304947461232,1572.0304947461232,0.6637525594875517,0.6637525594875517
    218.75,         Rupelian,     15.08,   50.1576,       264,,,0.821047,            Slt,3,3,21.2,3,3,9.6,3,3,30.9,3,1.5497173603236374,1.5497173603236374,1573.220430280914,1573.220430280914,0.6251077389453221,0.6251077389453221
    219.00,         Rupelian,     15.09,   51.9512,       265,,,0.853659,            Slt,3,3,21.2,3,3,9.6,3,3,30.9,3,1.4911923658174397,1.4911923658174397,1573.9408509110071,1573.9408509110071,0.601711071520171,0.601711071520171
    219.25,         Rupelian,     15.09,   51.9512,       264,,,0.804377,            Slt,3,3,21.2,3,3,9.6,3,3,30.9,3,1.5796330863882242,1.5796330863882242,1572.8521789653353,1572.8521789653353,0.6370672153950115,0.6370672153950115
    219.50,         Rupelian,      15.1,   49.2407,       265,,,0.804377,            Slt,3,3,21.2,3,3,9.6,3,3,30.9,3,1.5796330863882242,1.5796330863882242,1572.8521789653353,1572.8521789653353,0.6370672153950115,0.6370672153950115
    219.75,         Rupelian,    15.105,   53.8021,       264,,,0.887312,            Slt,3,3,21.2,3,3,9.6,3,3,30.9,3,1.4307992086937715,1.4307992086937715,1574.6842679189958,1574.6842679189958,0.5775675645638785,0.5775675645638785
    220.00,         Rupelian,    15.105,    57.892,       264,,,0.961673,            Slt,3,3,21.2,3,3,9.6,3,3,30.9,3,1.2973520997622325,1.2973520997622325,1576.326951546935,1576.326951546935,0.5242191165569587,0.5242191165569587
    220.25,         Rupelian,     15.12,   55.1444,       264,,,0.911717,            Slt,3,3,21.2,3,3,9.6,3,3,30.9,3,1.3870023703850585,1.3870023703850585,1575.2233904958823,1575.2233904958823,0.560058804950521,0.560058804950521
    220.50,         Rupelian,     15.13,   52.0868,       264,,,0.856124,            Slt,3,3,21.2,3,3,9.6,3,3,30.9,3,1.4867687146627182,1.4867687146627182,1573.9953043898854,1573.9953043898854,0.5999426186438372,0.5999426186438372
    220.75,         Rupelian,     15.14,   52.0868,       264,,,0.827441,            Slt,3,3,21.2,3,3,9.6,3,3,30.9,3,1.5382427860910657,1.5382427860910657,1573.3616779660856,1573.3616779660856,0.6205205228433838,0.6205205228433838
    221.00,         Rupelian,     15.14,   50.5093,       264,,,0.827441,            Slt,3,3,21.2,3,3,9.6,3,3,30.9,3,1.5382427860910657,1.5382427860910657,1573.3616779660856,1573.3616779660856,0.6205205228433838,0.6205205228433838
    221.25,         Rupelian,     15.15,   47.0426,       264,,,0.764411,            Slt,3,3,21.2,3,3,9.6,3,3,30.9,3,1.6513554563880615,1.6513554563880615,1571.9693036157,1571.9693036157,0.6657398270199837,0.6657398270199837
    221.50,         Rupelian,     15.16,   40.7831,       265,,,0.650602,            Slt,3,3,21.2,3,3,9.6,3,3,30.9,3,1.8555953404723198,1.8555953404723198,1569.4551876004211,1569.4551876004211,0.7473892604490597,0.7473892604490597
    221.75,         Rupelian,     15.16,   37.8121,       266,,,0.596584,            Slt,3,3,21.2,3,3,9.6,3,3,30.9,3,1.9525352139310397,1.9525352139310397,1568.2618942851882,1568.2618942851882,0.7861431296067873,0.7861431296067873
    222.00,         Rupelian,     15.17,   38.8842,       266,,,0.616076,            Slt,3,3,21.2,3,3,9.6,3,3,30.9,3,1.9175551699927718,1.9175551699927718,1568.6924854455517,1568.6924854455517,0.7721590795193641,0.7721590795193641
    222.25,         Rupelian,     15.18,   38.8842,       265,,,0.653264,            Slt,3,3,21.2,3,3,9.6,3,3,30.9,3,1.85081815614215,1.85081815614215,1569.5139929394775,1569.5139929394775,0.7454794748276397,0.7454794748276397
    222.50,         Rupelian,     15.18,   40.9295,       265,,,0.653264,            Slt,3,3,21.2,3,3,9.6,3,3,30.9,3,1.85081815614215,1.85081815614215,1569.5139929394775,1569.5139929394775,0.7454794748276397,0.7454794748276397
    222.75,         Rupelian,     15.19,   49.0159,       263,,,0.800289,            Slt,3,3,21.2,3,3,9.6,3,3,30.9,3,1.5869693484249388,1.5869693484249388,1572.7618723439743,1572.7618723439743,0.640000049211828,0.640000049211828
    223.00,         Rupelian,      15.2,   54.9604,       266,,,0.908371,            Slt,3,3,21.2,3,3,9.6,3,3,30.9,3,1.3930070506137393,1.3930070506137393,1575.149475144837,1575.149475144837,0.5624593093416824,0.5624593093416824
    223.25,         Rupelian,      15.2,    55.295,       265,,,0.914455,            Slt,3,3,21.2,3,3,9.6,3,3,30.9,3,1.3820887976217209,1.3820887976217209,1575.2838747251596,1575.2838747251596,0.5580944950213519,0.5580944950213519
    223.50,         Rupelian,     15.21,    49.489,       265,,,0.80889,            Slt,3,3,21.2,3,3,9.6,3,3,30.9,3,1.5715341258765578,1.5715341258765578,1572.9518741175373,1572.9518741175373,0.6338294759098617,0.6338294759098617
    223.75,         Rupelian,     15.22,    49.489,       267,,,0.748083,            Slt,3,3,21.2,3,3,9.6,3,3,30.9,3,1.6806574345033929,1.6806574345033929,1571.6086073061158,1571.6086073061158,0.6774539440848023,0.6774539440848023
    224.00,         Rupelian,     15.23,   46.1446,       267,,,0.748083,            Slt,3,3,21.2,3,3,9.6,3,3,30.9,3,1.6806574345033929,1.6806574345033929,1571.6086073061158,1571.6086073061158,0.6774539440848023,0.6774539440848023
    224.25,         Rupelian,     15.23,   50.2199,       265,,,0.822181,            Slt,3,3,21.2,3,3,9.6,3,3,30.9,3,1.5476823013340006,1.5476823013340006,1573.245481090264,1573.245481090264,0.6242941788796984,0.6242941788796984
    224.50,         Rupelian,     15.24,   54.8035,       264,,,0.905518,            Slt,3,3,21.2,3,3,9.6,3,3,30.9,3,1.3981270006114757,1.3981270006114757,1575.0864504895671,1575.0864504895671,0.564506123157577,0.564506123157577
    224.75,         Rupelian,     15.25,    54.025,       266,,,0.891364,            Slt,3,3,21.2,3,3,9.6,3,3,30.9,3,1.423527551704347,1.423527551704347,1574.7737792765677,1574.7737792765677,0.5746605580507326,0.5746605580507326
    225.00,         Rupelian,     15.26,   54.5921,       266,,,0.494901,            Slt,3,3,21.2,3,3,9.6,3,3,30.9,3,2.1350139645864328,2.1350139645864328,1566.0156496228012,1566.0156496228012,0.8590930662494847,0.8590930662494847
    225.25,         Rupelian,     15.27,   54.5921,       269,,,0.515126,            Slt,3,3,21.2,3,3,9.6,3,3,30.9,3,2.0987184901019535,2.0987184901019535,1566.462433237533,1566.462433237533,0.8445831435623241,0.8445831435623241
    225.50,         Rupelian,     15.27,   56.2101,       267,,,0.515126,            Slt,3,3,21.2,3,3,9.6,3,3,30.9,3,2.0987184901019535,2.0987184901019535,1566.462433237533,1566.462433237533,0.8445831435623241,0.8445831435623241
    225.75,         Rupelian,     15.28,   53.0813,       270,,,0.476016,            Slt,3,3,21.2,3,3,9.6,3,3,30.9,3,2.168904695644005,2.168904695644005,1565.5984674935448,1565.5984674935448,0.8726416393000176,0.8726416393000176
    226.00,         Rupelian,     15.28,   53.8511,       269,,,0.485638,            Slt,3,3,21.2,3,3,9.6,3,3,30.9,3,2.1516372021710923,2.1516372021710923,1565.811023831787,1565.811023831787,0.8657385749689491,0.8657385749689491
    226.25,         Rupelian,     15.29,   55.6564,       269,,,0.508205,            Slt,3,3,21.2,3,3,9.6,3,3,30.9,3,2.1111388104434656,2.1111388104434656,1566.3095437741185,1566.3095437741185,0.8495484426929959,0.8495484426929959
    226.50,         Rupelian,     15.31,   57.3901,       266,,,0.529877,            Slt,3,3,21.2,3,3,9.6,3,3,30.9,3,2.0722465719748553,2.0722465719748553,1566.7882925750316,1566.7882925750316,0.8340004058832977,0.8340004058832977
    226.75,         Rupelian,     15.31,   57.3901,       263,,,0.516258,            Slt,3,3,21.2,3,3,9.6,3,3,30.9,3,2.096687020281611,2.096687020281611,1566.4874398655616,1566.4874398655616,0.8437710183469043,0.8437710183469043
    227.00,         Rupelian,     15.32,   56.3006,       265,,,0.516258,            Slt,3,3,21.2,3,3,9.6,3,3,30.9,3,2.096687020281611,2.096687020281611,1566.4874398655616,1566.4874398655616,0.8437710183469043,0.8437710183469043
    227.25,         Rupelian,     15.32,    55.789,       265,,,0.509863,            Slt,3,3,21.2,3,3,9.6,3,3,30.9,3,2.1081633890988294,2.1081633890988294,1566.3461700897292,1566.3461700897292,0.8483589518739447,0.8483589518739447
    227.50,         Rupelian,     15.33,    61.262,       267,,,0.578274,            Slt,3,3,21.2,3,3,9.6,3,3,30.9,3,1.9853940588166181,1.9853940588166181,1567.8574142858934,1567.8574142858934,0.7992791832236927,0.7992791832236927
    227.75,         Rupelian,     15.34,   69.8164,       264,,,0.685205,            Slt,3,3,21.2,3,3,9.6,3,3,30.9,3,1.7934973279340531,1.7934973279340531,1570.2195907361722,1570.2195907361722,0.7225641996459042,0.7225641996459042
    228.00,         Rupelian,     15.35,   79.8826,       265,,,0.811032,            Slt,3,3,21.2,3,3,9.6,3,3,30.9,3,1.5676901255627997,1.5676901255627997,1572.9991923129762,1572.9991923129762,0.6322927513414612,0.6322927513414612
    228.25,         Rupelian,     15.36,   79.8826,       267,,,0.810446,            Slt,3,3,21.2,3,3,9.6,3,3,30.9,3,1.56874175216591,1.56874175216591,1572.986247185746,1572.986247185746,0.6327131624512103,0.6327131624512103
    228.50,         Rupelian,     15.36,   79.8357,       267,,,0.810446,            Slt,3,3,21.2,3,3,9.6,3,3,30.9,3,1.56874175216591,1.56874175216591,1572.986247185746,1572.986247185746,0.6327131624512103,0.6327131624512103
    228.75,         Rupelian,     15.37,   69.7698,       264,,,0.684622,            Slt,3,3,21.2,3,3,9.6,3,3,30.9,3,1.7945435707832227,1.7945435707832227,1570.2067118809243,1570.2067118809243,0.7229824584803475,0.7229824584803475
    229.00,         Rupelian,     15.38,   61.9141,       265,,,0.586426,            Slt,3,3,21.2,3,3,9.6,3,3,30.9,3,1.9707646047747156,1.9707646047747156,1568.0374973527557,1568.0374973527557,0.7934307337925068,0.7934307337925068
    229.25,         Rupelian,     15.39,   59.8046,       269,,,0.560058,            Slt,3,3,21.2,3,3,9.6,3,3,30.9,3,2.018084212745383,2.018084212745383,1567.4550108087137,1567.4550108087137,0.8123477988810137,0.8123477988810137
    229.50,         Rupelian,      15.4,   59.3882,       264,,,0.554853,            Slt,3,3,21.2,3,3,9.6,3,3,30.9,3,2.027425025832736,2.027425025832736,1567.3400289192366,1567.3400289192366,0.8160819965367205,0.8160819965367205
    229.75,         Rupelian,     15.41,   59.3882,       265,,,0.499337,            Slt,3,3,21.2,3,3,9.6,3,3,30.9,3,2.1270531870925815,2.1270531870925815,1566.1136437941213,1566.1136437941213,0.8559105684971858,0.8559105684971858
    230.00,         Rupelian,     15.41,    54.947,       264,,,0.499337,            Slt,3,3,21.2,3,3,9.6,3,3,30.9,3,2.1270531870925815,2.1270531870925815,1566.1136437941213,1566.1136437941213,0.8559105684971858,0.8559105684971858
    230.25,         Rupelian,     15.42,   52.2495,       265,,,0.465619,            Slt,3,3,21.2,3,3,9.6,3,3,30.9,3,2.1875629922183006,2.1875629922183006,1565.3687908931806,1565.3687908931806,0.8801007080851058,0.8801007080851058
    230.50,         Rupelian,     15.43,   52.5075,       265,,,0.468844,            Slt,3,3,21.2,3,3,9.6,3,3,30.9,3,2.1817754567319003,2.1817754567319003,1565.440033274269,1565.440033274269,0.8777870121312816,0.8777870121312816
    230.75,         Rupelian,     15.44,   52.0689,       265,,,0.463362,            Slt,3,3,21.2,3,3,9.6,3,3,30.9,3,2.1916133697664577,2.1916133697664577,1565.3189322717492,1565.3189322717492,0.8817199365402317,0.8817199365402317
    231.00,         Rupelian,     15.45,   53.7535,       263,,,0.484419,            Slt,3,3,21.2,3,3,9.6,3,3,30.9,3,2.1538248008557193,2.1538248008557193,1565.7840953162688,1565.7840953162688,0.8666131161682396,0.8666131161682396
    231.25,         Rupelian,   15.4533,   53.7535,       264,,,0.504311,            Slt,3,3,21.2,3,3,9.6,3,3,30.9,3,2.118126923058673,2.118126923058673,1566.2235227409533,1566.2235227409533,0.852342096040032,0.852342096040032
    231.50,         Rupelian,    15.465,   55.3449,       262,,,0.504311,            Slt,3,3,21.2,3,3,9.6,3,3,30.9,3,2.118126923058673,2.118126923058673,1566.2235227409533,1566.2235227409533,0.852342096040032,0.852342096040032
    231.75,         Rupelian,     15.47,   58.0313,       264,,,0.537891,            Slt,3,3,21.2,3,3,9.6,3,3,30.9,3,2.0578647706142315,2.0578647706142315,1566.9653271307034,1566.9653271307034,0.8282509611161826,0.8282509611161826
    232.00,         Rupelian,     15.48,   62.2557,       263,,,0.590696,            Slt,3,3,21.2,3,3,9.6,3,3,30.9,3,1.963101728332257,1.963101728332257,1568.1318244743827,1568.1318244743827,0.7903673286071335,0.7903673286071335
    232.25,         Rupelian,   15.4875,   65.4957,       259,,,0.631196,            Slt,3,3,21.2,3,3,9.6,3,3,30.9,3,1.8904210501309506,1.8904210501309506,1569.0264962368865,1569.0264962368865,0.7613116119777144,0.7613116119777144
    232.50,         Rupelian,      15.5,   65.7342,       251,,,0.634178,            Slt,3,3,21.2,3,3,9.6,3,3,30.9,3,1.885069598713758,1.885069598713758,1569.0923705873997,1569.0923705873997,0.7591722503236666,0.7591722503236666
    232.75,         Rupelian,     15.51,   65.7342,       263,,,0.609859,            Slt,3,3,21.2,3,3,9.6,3,3,30.9,3,1.9287121027428338,1.9287121027428338,1568.5551478073423,1568.5551478073423,0.7766193113782555,0.7766193113782555
    233.00,         Rupelian,     15.52,   63.7888,       266,,,0.609859,            Slt,3,3,21.2,3,3,9.6,3,3,30.9,3,1.9287121027428338,1.9287121027428338,1568.5551478073423,1568.5551478073423,0.7766193113782555,0.7766193113782555
    233.25,         Rupelian,     15.53,   62.4843,       267,,,0.593554,            Slt,3,3,21.2,3,3,9.6,3,3,30.9,3,1.9579728054112855,1.9579728054112855,1568.1949595829565,1568.1949595829565,0.7883169276657291,0.7883169276657291
    233.50,         Rupelian,     15.53,   61.0576,       266,,,0.57572,            Slt,3,3,21.2,3,3,9.6,3,3,30.9,3,1.9899774280049176,1.9899774280049176,1567.8009947382036,1567.8009947382036,0.801111486934101,0.801111486934101
    233.75,         Rupelian,     15.54,   60.6176,       269,,,0.57022,            Slt,3,3,21.2,3,3,9.6,3,3,30.9,3,1.9998476435631198,1.9998476435631198,1567.6794961037895,1567.6794961037895,0.8050573249948865,0.8050573249948865
    234.00,         Rupelian,     15.55,    61.546,       267,,,0.581825,            Slt,3,3,21.2,3,3,9.6,3,3,30.9,3,1.9790214887353133,1.9790214887353133,1567.935858222403,1567.935858222403,0.7967316066866292,0.7967316066866292
    234.25,         Rupelian,     15.56,    61.546,       267,,,0.576967,            Slt,3,3,21.2,3,3,9.6,3,3,30.9,3,1.987739580950176,1.987739580950176,1567.8285417922243,1567.8285417922243,0.8002168578319557,0.8002168578319557
    234.50,         Rupelian,     15.57,   61.1573,       267,,,0.576967,            Slt,3,3,21.2,3,3,9.6,3,3,30.9,3,1.987739580950176,1.987739580950176,1567.8285417922243,1567.8285417922243,0.8002168578319557,0.8002168578319557
    234.75,         Rupelian,     15.58,   57.9573,       267,,,0.536967,            Slt,3,3,21.2,3,3,9.6,3,3,30.9,3,2.0595229668280095,2.0595229668280095,1566.9449153601217,1566.9449153601217,0.8289138619103945,0.8289138619103945
    235.00,         Rupelian,     15.59,   59.8654,       266,,,0.560818,            Slt,3,3,21.2,3,3,9.6,3,3,30.9,3,2.0167203284137045,2.0167203284137045,1567.4717997109237,1567.4717997109237,0.8118025558035233,0.8118025558035233
    235.25,         Rupelian,      15.6,   60.2735,       266,,,0.565918,            Slt,3,3,21.2,3,3,9.6,3,3,30.9,3,2.0075679467142806,2.0075679467142806,1567.584462081017,1567.584462081017,0.8081436877835224,0.8081436877835224
    235.50,         Rupelian,   15.6067,   58.5861,       266,,,0.544826,            Slt,3,3,21.2,3,3,9.6,3,3,30.9,3,2.045419326087662,2.045419326087662,1567.118525863369,1567.118525863369,0.8232756180340832,0.8232756180340832
    235.75,         Rupelian,     15.61,   58.5861,       268,,,0.579129,            Slt,3,3,21.2,3,3,9.6,3,3,30.9,3,1.9838596889434792,1.9838596889434792,1567.8763018008794,1567.8763018008794,0.7986657847615161,0.7986657847615161
    236.00,         Rupelian,     15.62,   61.3303,       266,,,0.579129,            Slt,3,3,21.2,3,3,9.6,3,3,30.9,3,1.9838596889434792,1.9838596889434792,1567.8763018008794,1567.8763018008794,0.7986657847615161,0.7986657847615161
    236.25,         Rupelian,     15.63,    62.141,       263,,,0.589262,            Slt,3,3,21.2,3,3,9.6,3,3,30.9,3,1.9656751627159772,1.9656751627159772,1568.1001464667918,1568.1001464667918,0.7913961162033456,0.7913961162033456
    236.50,         Rupelian,     15.64,    60.022,       268,,,0.562775,            Slt,3,3,21.2,3,3,9.6,3,3,30.9,3,2.0132083262596314,2.0132083262596314,1567.5150311341145,1567.5150311341145,0.8103985548789858,0.8103985548789858
    236.75,         Rupelian,     15.65,    55.999,       268,,,0.512488,            Slt,3,3,21.2,3,3,9.6,3,3,30.9,3,2.1034526044005966,2.1034526044005966,1566.404158074336,1566.404158074336,0.846475710981297,0.846475710981297
    237.00,         Rupelian,     15.66,   53.7048,       270,,,0.48381,            Slt,3,3,21.2,3,3,9.6,3,3,30.9,3,2.154917702905709,2.154917702905709,1565.77064210384,1565.77064210384,0.8670500280553337,0.8670500280553337
    237.25,         Rupelian,     15.66,   53.7048,       268,,,0.508352,            Slt,3,3,21.2,3,3,9.6,3,3,30.9,3,2.1108750065003643,2.1108750065003643,1566.3127911012566,1566.3127911012566,0.8494429812030077,0.8494429812030077
    237.50,         Rupelian,     15.67,   55.6682,       266,,,0.508352,            Slt,3,3,21.2,3,3,9.6,3,3,30.9,3,2.1108750065003643,2.1108750065003643,1566.3127911012566,1566.3127911012566,0.8494429812030077,0.8494429812030077
    237.75,         Rupelian,     15.68,   59.0201,       265,,,0.550252,            Slt,3,3,21.2,3,3,9.6,3,3,30.9,3,2.0356819097933343,2.0356819097933343,1567.238389788884,1567.238389788884,0.819382869430843,0.819382869430843
    238.00,         Rupelian,     15.69,   61.3132,       266,,,0.578915,            Slt,3,3,21.2,3,3,9.6,3,3,30.9,3,1.9842437300579259,1.9842437300579259,1567.8715743994678,1567.8715743994678,0.7988193137333357,0.7988193137333357
    238.25,         Rupelian,     15.69,   65.1577,       266,,,0.626971,            Slt,3,3,21.2,3,3,9.6,3,3,30.9,3,1.8980031702642968,1.8980031702642968,1568.9331631949958,1568.9331631949958,0.7643427330334994,0.7643427330334994
    238.50,         Rupelian,      15.7,   66.9462,       266,,,0.649327,            Slt,3,3,21.2,3,3,9.6,3,3,30.9,3,1.8578834358971756,1.8578834358971756,1569.427022007898,1569.427022007898,0.7483039774540599,0.7483039774540599
    238.75,         Rupelian,     15.71,   66.9462,       264,,,0.580826,            Slt,3,3,21.2,3,3,9.6,3,3,30.9,3,1.9808142787976122,1.9808142787976122,1567.9137896522614,1567.9137896522614,0.7974483143634883,0.7974483143634883
    239.00,         Rupelian,     15.72,   61.4661,       266,,,0.580826,            Slt,3,3,21.2,3,3,9.6,3,3,30.9,3,1.9808142787976122,1.9808142787976122,1567.9137896522614,1567.9137896522614,0.7974483143634883,0.7974483143634883
    239.25,         Rupelian,     15.73,   61.8345,       267,,,0.585431,            Slt,3,3,21.2,3,3,9.6,3,3,30.9,3,1.9725502164984265,1.9725502164984265,1568.0155171452573,1568.0155171452573,0.794144571768958,0.794144571768958
    239.50,         Rupelian,     15.73,   61.9691,       267,,,0.587113,            Slt,3,3,21.2,3,3,9.6,3,3,30.9,3,1.9695317251222637,1.9695317251222637,1568.0526736367271,1568.0526736367271,0.7929378627474597,0.7929378627474597
    239.75,         Rupelian,   15.7367,   60.2838,       267,,,0.566047,            Slt,3,3,21.2,3,3,9.6,3,3,30.9,3,2.0073364452948246,2.0073364452948246,1567.5873117762603,1567.5873117762603,0.8080511399453696,0.8080511399453696
    240.00,         Rupelian,     15.75,   61.8881,       266,,,0.586101,            Slt,3,3,21.2,3,3,9.6,3,3,30.9,3,1.971347844784973,1.971347844784973,1568.030317887995,1568.030317887995,0.7936638969506442,0.7936638969506442
    240.25,         Rupelian,     15.76,   61.8881,       266,,,0.582556,            Slt,3,3,21.2,3,3,9.6,3,3,30.9,3,1.977709647358396,1.977709647358396,1567.95200649545,1567.95200649545,0.7962071689370959,0.7962071689370959
    240.50,         Rupelian,     15.77,   61.6045,       266,,,0.582556,            Slt,3,3,21.2,3,3,9.6,3,3,30.9,3,1.977709647358396,1.977709647358396,1567.95200649545,1567.95200649545,0.7962071689370959,0.7962071689370959
    240.75,         Rupelian,     15.79,   60.9239,       267,,,0.574049,            Slt,3,3,21.2,3,3,9.6,3,3,30.9,3,1.992976178949964,1.992976178949964,1567.7640812440025,1567.7640812440025,0.8023103042794778,0.8023103042794778
    241.00,         Rupelian,   15.7825,    59.113,       267,,,0.551412,            Slt,3,3,21.2,3,3,9.6,3,3,30.9,3,2.033600191602877,2.033600191602877,1567.264014955415,1567.264014955415,0.8185506563125683,0.8185506563125683
    241.25,         Rupelian,      15.8,   57.2768,       267,,,0.52846,            Slt,3,3,21.2,3,3,9.6,3,3,30.9,3,2.0747894984195776,2.0747894984195776,1566.7569901086745,1566.7569901086745,0.8350169972527764,0.8350169972527764
    241.50,         Rupelian,      15.8,   56.7924,       267,,,0.522405,            Slt,3,3,21.2,3,3,9.6,3,3,30.9,3,2.0856557084568346,2.0856557084568346,1566.623231157515,1566.623231157515,0.8393610062451502,0.8393610062451502
    241.75,         Rupelian,     15.81,   56.7924,       267,,,0.502392,            Slt,3,3,21.2,3,3,9.6,3,3,30.9,3,2.1215707309961616,2.1215707309961616,1566.1811307628732,1566.1811307628732,0.8537188348106951,0.8537188348106951
    242.00,         Rupelian,     15.82,   55.1914,       267,,,0.502392,            Slt,3,3,21.2,3,3,9.6,3,3,30.9,3,2.1215707309961616,2.1215707309961616,1566.1811307628732,1566.1811307628732,0.8537188348106951,0.8537188348106951
    242.25,         Rupelian,   15.8275,   56.8725,       268,,,0.523407,            Slt,3,3,21.2,3,3,9.6,3,3,30.9,3,2.083857534640595,2.083857534640595,1566.6453659996391,1566.6453659996391,0.8386421462929853,0.8386421462929853
    242.50,         Rupelian,     15.83,   59.2559,       260,,,0.553199,            Slt,3,3,21.2,3,3,9.6,3,3,30.9,3,2.0303932688387847,2.0303932688387847,1567.303490966269,1567.303490966269,0.8172686176553641,0.8172686176553641
    242.75,         Rupelian,     15.84,   57.3098,       266,,,0.528872,            Slt,3,3,21.2,3,3,9.6,3,3,30.9,3,2.0740501295450358,2.0740501295450358,1566.766091460925,1566.766091460925,0.8347214181107685,0.8347214181107685
    243.00,         Rupelian,     15.85,   55.7098,       267,,,0.508872,            Slt,3,3,21.2,3,3,9.6,3,3,30.9,3,2.1099418224839526,2.1099418224839526,1566.3242782448738,1566.3242782448738,0.849069920149988,0.849069920149988
    243.25,         Rupelian,     15.86,   55.7098,       267,,,0.502924,            Slt,3,3,21.2,3,3,9.6,3,3,30.9,3,2.1206160119639863,2.1206160119639863,1566.1928829944202,1566.1928829944202,0.8533371646564518,0.8533371646564518
    243.50,         Rupelian,     15.87,   55.2339,       268,,,0.502924,            Slt,3,3,21.2,3,3,9.6,3,3,30.9,3,2.1206160119639863,2.1206160119639863,1566.1928829944202,1566.1928829944202,0.8533371646564518,0.8533371646564518
    243.75,         Rupelian,     15.88,   57.6794,       269,,,0.533493,            Slt,3,3,21.2,3,3,9.6,3,3,30.9,3,2.0657573538914993,2.0657573538914993,1566.8681724044939,1566.8681724044939,0.8314061967146069,0.8314061967146069
    244.00,         Rupelian,     15.89,   58.0381,       269,,,0.537977,            Slt,3,3,21.2,3,3,9.6,3,3,30.9,3,2.0577104363345944,2.0577104363345944,1566.9672269275325,1566.9672269275325,0.8281892625574139,0.8281892625574139
    244.25,         Rupelian,      15.9,   55.6729,       267,,,0.508411,            Slt,3,3,21.2,3,3,9.6,3,3,30.9,3,2.1107691260061947,2.1107691260061947,1566.3140944502438,1566.3140944502438,0.849400653121992,0.849400653121992
    244.50,         Rupelian,      15.9,   56.2306,       265,,,0.515383,            Slt,3,3,21.2,3,3,9.6,3,3,30.9,3,2.0982572818476886,2.0982572818476886,1566.4681105373593,1566.4681105373593,0.84439876531112,0.84439876531112
    244.75,         Rupelian,     15.91,   56.2306,       269,,,0.50844,            Slt,3,3,21.2,3,3,9.6,3,3,30.9,3,2.1107170830514335,2.1107170830514335,1566.3147350794072,1566.3147350794072,0.8493798477940351,0.8493798477940351
    245.00,         Rupelian,     15.93,   55.6752,       266,,,0.50844,            Slt,3,3,21.2,3,3,9.6,3,3,30.9,3,2.1107170830514335,2.1107170830514335,1566.3147350794072,1566.3147350794072,0.8493798477940351,0.8493798477940351
    245.25,         Rupelian,   15.9375,   54.6794,       265,,,0.495993,            Slt,3,3,21.2,3,3,9.6,3,3,30.9,3,2.133054278151968,2.133054278151968,1566.0397726243975,1566.0397726243975,0.8583096380381432,0.8583096380381432
    245.50,         Rupelian,     15.94,   55.7845,       266,,,0.509806,            Slt,3,3,21.2,3,3,9.6,3,3,30.9,3,2.108265680423705,2.108265680423705,1566.3449109220635,1566.3449109220635,0.8483998451047564,0.8483998451047564
    245.75,         Rupelian,     15.95,   60.4593,       267,,,0.568242,            Slt,3,3,21.2,3,3,9.6,3,3,30.9,3,2.0033973319947784,2.0033973319947784,1567.635800776722,1567.635800776722,0.8064763918465652,0.8064763918465652
    246.00,         Rupelian,     15.96,   63.6072,       267,,,0.60759,            Slt,3,3,21.2,3,3,9.6,3,3,30.9,3,1.932784015306754,1.932784015306754,1568.5050240979813,1568.5050240979813,0.778247148934605,0.778247148934605
    246.25,         Rupelian,     15.97,   63.6072,       268,,,0.604123,            Slt,3,3,21.2,3,3,9.6,3,3,30.9,3,1.9390058402777153,1.9390058402777153,1568.4284357769789,1568.4284357769789,0.7807344617631036,0.7807344617631036
    246.50,         Rupelian,     15.98,   63.3298,       267,,,0.604123,            Slt,3,3,21.2,3,3,9.6,3,3,30.9,3,1.9390058402777153,1.9390058402777153,1568.4284357769789,1568.4284357769789,0.7807344617631036,0.7807344617631036
    246.75,         Rupelian,     15.99,   60.2675,       268,,,0.565844,            Slt,3,3,21.2,3,3,9.6,3,3,30.9,3,2.0077007459781546,2.0077007459781546,1567.5828273721174,1567.5828273721174,0.8081967772410676,0.8081967772410676
    247.00,         Rupelian,   15.9925,   54.3827,       267,,,0.492284,            Slt,3,3,21.2,3,3,9.6,3,3,30.9,3,2.13971039260749,2.13971039260749,1565.957838363481,1565.957838363481,0.8609705677413165,0.8609705677413165
    247.25,         Rupelian,        16,   52.9039,       267,,,0.473799,            Slt,3,3,21.2,3,3,9.6,3,3,30.9,3,2.172883289806284,2.172883289806284,1565.5494924985455,1565.5494924985455,0.874232170751065,0.874232170751065
    247.50,         Rupelian,     16.01,   57.0394,       267,,,0.525493,            Slt,3,3,21.2,3,3,9.6,3,3,30.9,3,2.0801140310670663,2.0801140310670663,1566.6914471180733,1566.6914471180733,0.8371455975302946,0.8371455975302946
    247.75,         Rupelian,     16.03,   57.0394,       266,,,0.558476,            Slt,3,3,21.2,3,3,9.6,3,3,30.9,3,2.0209232456568516,2.0209232456568516,1567.420063383324,1567.420063383324,0.813482765392316,0.813482765392316
    248.00,         Rupelian,     16.03,   59.6781,       266,,,0.558476,            Slt,3,3,21.2,3,3,9.6,3,3,30.9,3,2.0209232456568516,2.0209232456568516,1567.420063383324,1567.420063383324,0.813482765392316,0.813482765392316
    248.25,         Rupelian,     16.04,   61.7485,       266,,,0.584357,            Slt,3,3,21.2,3,3,9.6,3,3,30.9,3,1.9744776004092464,1.9744776004092464,1567.9917917755554,1567.9917917755554,0.7949150863284642,0.7949150863284642
    248.50,         Rupelian,    16.045,   60.4315,       266,,,0.567894,            Slt,3,3,21.2,3,3,9.6,3,3,30.9,3,2.0040218474519156,2.0040218474519156,1567.6281132267627,1567.6281132267627,0.8067260557820476,0.8067260557820476
    248.75,         Rupelian,     16.06,    58.742,       267,,,0.546775,            Slt,3,3,21.2,3,3,9.6,3,3,30.9,3,2.0419216806107645,2.0419216806107645,1567.1615805612735,1567.1615805612735,0.8218773565103613,0.8218773565103613
    249.00,         Rupelian,     16.06,   59.1783,       267,,,0.552229,            Slt,3,3,21.2,3,3,9.6,3,3,30.9,3,2.032134015946322,2.032134015946322,1567.2820630252907,1567.2820630252907,0.8179645200042662,0.8179645200042662
    249.25,         Rupelian,     16.07,   59.1783,       267,,,0.533131,            Slt,3,3,21.2,3,3,9.6,3,3,30.9,3,2.0664069935336937,2.0664069935336937,1566.8601755852833,1566.8601755852833,0.8316659046015168,0.8316659046015168
    249.50,         Rupelian,     16.08,   57.6505,       266,,,0.533131,            Slt,3,3,21.2,3,3,9.6,3,3,30.9,3,2.0664069935336937,2.0664069935336937,1566.8601755852833,1566.8601755852833,0.8316659046015168,0.8316659046015168
    249.75,         Rupelian,     16.09,   55.7013,       273,,,0.508766,            Slt,3,3,21.2,3,3,9.6,3,3,30.9,3,2.1101320484565287,2.1101320484565287,1566.3219366348287,1566.3219366348287,0.8491459672107957,0.8491459672107957
    250.00,         Rupelian,     16.09,   55.0461,       270,,,0.500576,            Slt,3,3,21.2,3,3,9.6,3,3,30.9,3,2.1248296967150155,2.1248296967150155,1566.1410141228557,1566.1410141228557,0.8550216787958562,0.8550216787958562
    250.25,         Rupelian,      16.1,   57.8262,       265,,,0.535327,            Slt,3,3,21.2,3,3,9.6,3,3,30.9,3,2.0624660856490005,2.0624660856490005,1566.9086866764058,1566.9086866764058,0.8300904390776105,0.8300904390776105
    250.50,         Rupelian,     16.11,   61.0463,       269,,,0.575579,            Slt,3,3,21.2,3,3,9.6,3,3,30.9,3,1.990230464440137,1.990230464440137,1567.7978799550303,1567.7978799550303,0.8012126438734776,0.8012126438734776
    250.75,         Rupelian,     16.12,   61.0463,       268,,,0.606939,            Slt,3,3,21.2,3,3,9.6,3,3,30.9,3,1.9339522899119157,1.9339522899119157,1568.4906430777987,1568.4906430777987,0.7787141926759815,0.7787141926759815
    251.00,         Rupelian,     16.13,   63.5551,       267,,,0.606939,            Slt,3,3,21.2,3,3,9.6,3,3,30.9,3,1.9339522899119157,1.9339522899119157,1568.4906430777987,1568.4906430777987,0.7787141926759815,0.7787141926759815
    251.25,         Rupelian,     16.14,   68.3483,       267,,,0.666854,            Slt,3,3,21.2,3,3,9.6,3,3,30.9,3,1.8264297507901561,1.8264297507901561,1569.8142050197844,1569.8142050197844,0.73572966769199,0.73572966769199
    251.50,         Rupelian,     16.15,   71.0646,       266,,,0.700807,            Slt,3,3,21.2,3,3,9.6,3,3,30.9,3,1.7654982182724042,1.7654982182724042,1570.5642492260138,1570.5642492260138,0.7113709332051092,0.7113709332051092
    251.75,         Rupelian,    16.165,    68.109,       266,,,0.663863,            Slt,3,3,21.2,3,3,9.6,3,3,30.9,3,1.8317973534691712,1.8317973534691712,1569.748131853324,1569.748131853324,0.7378754861719552,0.7378754861719552
    252.00,         Rupelian,     16.17,   62.3757,       266,,,0.592196,            Slt,3,3,21.2,3,3,9.6,3,3,30.9,3,1.9604098513618382,1.9604098513618382,1568.1649604655865,1568.1649604655865,0.7892911909541922,0.7892911909541922
    252.25,         Rupelian,     16.18,   62.3757,       265,,,0.554668,            Slt,3,3,21.2,3,3,9.6,3,3,30.9,3,2.027757023992421,2.027757023992421,1567.335942146988,1567.335942146988,0.8162147201805834,0.8162147201805834
    252.50,         Rupelian,     16.19,   59.3734,       265,,,0.554668,            Slt,3,3,21.2,3,3,9.6,3,3,30.9,3,2.027757023992421,2.027757023992421,1567.335942146988,1567.335942146988,0.8162147201805834,0.8162147201805834
    252.75,         Rupelian,      16.2,   56.3776,       262,,,0.517219,            Slt,3,3,21.2,3,3,9.6,3,3,30.9,3,2.094962424435896,2.094962424435896,1566.508668990593,1566.508668990593,0.8430815728239198,0.8430815728239198
    253.00,         Rupelian,      16.2,   58.5116,       266,,,0.543895,            Slt,3,3,21.2,3,3,9.6,3,3,30.9,3,2.047090084393969,2.047090084393969,1567.097959458162,1567.097959458162,0.8239435408040089,0.8239435408040089
    253.25,         Rupelian,     16.21,   65.6912,       267,,,0.63364,            Slt,3,3,21.2,3,3,9.6,3,3,30.9,3,1.886035085253815,1.886035085253815,1569.080485811888,1569.080485811888,0.7595582250285217,0.7595582250285217
    253.50,         Rupelian,     16.22,   66.2406,       267,,,0.640507,            Slt,3,3,21.2,3,3,9.6,3,3,30.9,3,1.8737116724832379,1.8737116724832379,1569.2321823796192,1569.2321823796192,0.7546316668533557,0.7546316668533557
    253.75,         Rupelian,     16.23,   66.2406,       269,,,0.638199,            Slt,3,3,21.2,3,3,9.6,3,3,30.9,3,1.877853573848389,1.877853573848389,1569.1811971344869,1569.1811971344869,0.7562874839886816,0.7562874839886816
    254.00,         Rupelian,     16.24,   66.0559,       272,,,0.638199,            Slt,3,3,21.2,3,3,9.6,3,3,30.9,3,1.877853573848389,1.877853573848389,1569.1811971344869,1569.1811971344869,0.7562874839886816,0.7562874839886816
    254.25,         Rupelian,   16.2425,   68.7412,       270,,,0.671765,            Slt,3,3,21.2,3,3,9.6,3,3,30.9,3,1.8176165455890052,1.8176165455890052,1569.9226922549858,1569.9226922549858,0.7322063930162597,0.7322063930162597
    254.50,         Rupelian,     16.25,   67.1088,       271,,,0.65136,            Slt,3,3,21.2,3,3,9.6,3,3,30.9,3,1.8542350453099348,1.8542350453099348,1569.4719323213094,1569.4719323213094,0.7468454522217732,0.7468454522217732
    254.75,         Rupelian,     16.26,   62.4083,       269,,,0.592603,            Slt,3,3,21.2,3,3,9.6,3,3,30.9,3,1.9596794554105312,1.9596794554105312,1568.1739513645332,1568.1739513645332,0.788999198937694,0.788999198937694
    255.00,         Rupelian,     16.27,   62.1425,       268,,,0.589281,            Slt,3,3,21.2,3,3,9.6,3,3,30.9,3,1.965641065607685,1.965641065607685,1568.100566189347,1568.100566189347,0.7913824851264083,0.7913824851264083
    255.25,         Rupelian,     16.28,   62.1425,       266,,,0.602647,            Slt,3,3,21.2,3,3,9.6,3,3,30.9,3,1.9416546472166072,1.9416546472166072,1568.3958299616343,1568.3958299616343,0.781793381213598,0.781793381213598
    255.50,         Rupelian,     16.29,   63.2117,       268,,,0.602647,            Slt,3,3,21.2,3,3,9.6,3,3,30.9,3,1.9416546472166072,1.9416546472166072,1568.3958299616343,1568.3958299616343,0.781793381213598,0.781793381213598
    255.75,         Rupelian,      16.3,   64.3658,       267,,,0.617073,            Slt,3,3,21.2,3,3,9.6,3,3,30.9,3,1.9157659690997666,1.9157659690997666,1568.714509834372,1568.714509834372,0.7714438066927091,0.7714438066927091
    256.00,         Rupelian,   16.3033,   65.3938,       267,,,0.629923,            Slt,3,3,21.2,3,3,9.6,3,3,30.9,3,1.8927055563865125,1.8927055563865125,1568.998374825685,1568.998374825685,0.7622248941325105,0.7622248941325105
    256.25,         Rupelian,     16.31,   61.7341,       268,,,0.584177,            Slt,3,3,21.2,3,3,9.6,3,3,30.9,3,1.974800625645697,1.974800625645697,1567.9878154566109,1567.9878154566109,0.7950442228468171,0.7950442228468171
    256.50,         Rupelian,     16.32,   59.2381,       272,,,0.552976,            Slt,3,3,21.2,3,3,9.6,3,3,30.9,3,2.0307934612150538,2.0307934612150538,1567.2985647489102,1567.2985647489102,0.8174286034531013,0.8174286034531013
    256.75,         Rupelian,     16.33,   59.2381,       267,,,0.522194,            Slt,3,3,21.2,3,3,9.6,3,3,30.9,3,2.08603436581734,2.08603436581734,1566.6185700280855,1566.6185700280855,0.8395123829416639,0.8395123829416639
    257.00,         Rupelian,     16.33,   56.7755,       265,,,0.522194,            Slt,3,3,21.2,3,3,9.6,3,3,30.9,3,2.08603436581734,2.08603436581734,1566.6185700280855,1566.6185700280855,0.8395123829416639,0.8395123829416639
    257.25,         Rupelian,     16.34,   54.4334,       264,,,0.492917,            Slt,3,3,21.2,3,3,9.6,3,3,30.9,3,2.1385744205259734,2.1385744205259734,1565.9718217517689,1565.9718217517689,0.8605164376517752,0.8605164376517752
    257.50,         Rupelian,     16.35,   55.4644,       267,,,0.505805,            Slt,3,3,21.2,3,3,9.6,3,3,30.9,3,2.1154458135961356,2.1154458135961356,1566.2565261881923,1566.2565261881923,0.8512702629377022,0.8512702629377022
    257.75,         Rupelian,     16.36,   61.3828,       266,,,0.579785,            Slt,3,3,21.2,3,3,9.6,3,3,30.9,3,1.9826824414150828,1.9826824414150828,1567.890793274366,1567.890793274366,0.7981951538946297,0.7981951538946297
    258.00,         Rupelian,     16.37,   64.3961,       268,,,0.617451,            Slt,3,3,21.2,3,3,9.6,3,3,30.9,3,1.915087616103221,1.915087616103221,1568.7228601041554,1568.7228601041554,0.7711726200041678,0.7711726200041678
    258.25,         Rupelian,     16.38,   64.3961,       266,,,0.61755,            Slt,3,3,21.2,3,3,9.6,3,3,30.9,3,1.9149099522231734,1.9149099522231734,1568.7250470795748,1568.7250470795748,0.7711015949190736,0.7711015949190736
    258.50,         Rupelian,     16.39,    64.404,       265,,,0.61755,            Slt,3,3,21.2,3,3,9.6,3,3,30.9,3,1.9149099522231734,1.9149099522231734,1568.7250470795748,1568.7250470795748,0.7711015949190736,0.7711015949190736
    258.75,         Rupelian,      16.4,   63.8191,       263,,,0.610239,            Slt,3,3,21.2,3,3,9.6,3,3,30.9,3,1.9280301605769945,1.9280301605769945,1568.5635422584473,1568.5635422584473,0.7763466898395104,0.7763466898395104
    259.00,         Rupelian,      16.4,   62.4813,       268,,,0.593516,            Slt,3,3,21.2,3,3,9.6,3,3,30.9,3,1.9580409996278696,1.9580409996278696,1568.194120137846,1568.194120137846,0.7883441898196035,0.7883441898196035
    259.25,         Rupelian,     16.41,   61.1177,       267,,,0.576472,            Slt,3,3,21.2,3,3,9.6,3,3,30.9,3,1.9886279003504144,1.9886279003504144,1567.817606915127,1567.817606915127,0.8005719832574264,0.8005719832574264
    259.50,         Rupelian,     16.42,   61.9526,       267,,,0.586908,            Slt,3,3,21.2,3,3,9.6,3,3,30.9,3,1.9698996149748877,1.9698996149748877,1568.0481450512627,1568.0481450512627,0.7930849348933617,0.7930849348933617
    259.75,         Rupelian,     16.43,   61.9526,       267,,,0.586864,            Slt,3,3,21.2,3,3,9.6,3,3,30.9,3,1.9699785766993532,1.9699785766993532,1568.0471730621873,1568.0471730621873,0.793116501597848,0.793116501597848
    260.00,         Rupelian,     16.44,   61.9491,       269,,,0.586864,            Slt,3,3,21.2,3,3,9.6,3,3,30.9,3,1.9699785766993532,1.9699785766993532,1568.0471730621873,1568.0471730621873,0.793116501597848,0.793116501597848
    260.25,         Rupelian,     16.45,   61.1264,       270,,,0.576579,            Slt,3,3,21.2,3,3,9.6,3,3,30.9,3,1.9884358797931911,1.9884358797931911,1567.819970615833,1567.819970615833,0.8004952187715166,0.8004952187715166
    260.50,         Rupelian,   16.4533,   62.8699,       270,,,0.598374,            Slt,3,3,21.2,3,3,9.6,3,3,30.9,3,1.9493229074130067,1.9493229074130067,1568.3014365680249,1568.3014365680249,0.7848589386742773,0.7848589386742773
    260.75,         Rupelian,    16.455,   64.7742,       267,,,0.622178,            Slt,3,3,21.2,3,3,9.6,3,3,30.9,3,1.906604614477108,1.906604614477108,1568.827282657769,1568.827282657769,0.7677813515471983,0.7677813515471983
    261.00,         Rupelian,     16.47,    66.186,       266,,,0.639825,            Slt,3,3,21.2,3,3,9.6,3,3,30.9,3,1.8749355792124551,1.8749355792124551,1569.217116548952,1569.217116548952,0.7551209507728931,0.7551209507728931
    261.25,         Rupelian,     16.48,    66.186,       266,,,0.621901,            Slt,3,3,21.2,3,3,9.6,3,3,30.9,3,1.907101714424312,1.907101714424312,1568.8211635447267,1568.8211635447267,0.7679800783004415,0.7679800783004415
    261.50,         Rupelian,     16.49,   64.7521,       268,,,0.621901,            Slt,3,3,21.2,3,3,9.6,3,3,30.9,3,1.907101714424312,1.907101714424312,1568.8211635447267,1568.8211635447267,0.7679800783004415,0.7679800783004415
    261.75,         Rupelian,      16.5,   61.9685,       268,,,0.587106,            Slt,3,3,21.2,3,3,9.6,3,3,30.9,3,1.9695442872147924,1.9695442872147924,1568.0525190021015,1568.0525190021015,0.7929428847231734,0.7929428847231734
    262.00,         Rupelian,     16.51,   59.7351,       267,,,0.559189,            Slt,3,3,21.2,3,3,9.6,3,3,30.9,3,2.019643706803579,2.019643706803579,1567.4358140244765,1567.4358140244765,0.8129712412946177,0.8129712412946177
    262.25,         Rupelian,    16.515,   58.8853,       268,,,0.548567,            Slt,3,3,21.2,3,3,9.6,3,3,30.9,3,2.0387057849234376,2.0387057849234376,1567.2011670254317,1567.2011670254317,0.8205917307276472,0.8205917307276472
    262.50,         Rupelian,     16.52,   58.6208,       268,,,0.54526,            Slt,3,3,21.2,3,3,9.6,3,3,30.9,3,2.044640476350888,2.044640476350888,1567.1281132101576,1567.1281132101576,0.8229642555398322,0.8229642555398322
    262.75,         Rupelian,     16.53,   58.6208,       268,,,0.566823,            Slt,3,3,21.2,3,3,9.6,3,3,30.9,3,2.005943847608795,2.005943847608795,1567.6044541290432,1567.6044541290432,0.8074944180662478,0.8074944180662478
    263.00,         Rupelian,     16.54,   60.3459,       268,,,0.566823,            Slt,3,3,21.2,3,3,9.6,3,3,30.9,3,2.005943847608795,2.005943847608795,1567.6044541290432,1567.6044541290432,0.8074944180662478,0.8074944180662478
    263.25,         Rupelian,     16.55,   61.0394,       269,,,0.575492,            Slt,3,3,21.2,3,3,9.6,3,3,30.9,3,1.9903865933044214,1.9903865933044214,1567.7959580675406,1567.7959580675406,0.8012750598573481,0.8012750598573481
    263.50,         Rupelian,     16.56,   61.3572,       267,,,0.579464,            Slt,3,3,21.2,3,3,9.6,3,3,30.9,3,1.9832585030867524,1.9832585030867524,1567.8837021722484,1567.8837021722484,0.7984254473523591,0.7984254473523591
    263.75,         Rupelian,     16.57,   63.4586,       267,,,0.605733,            Slt,3,3,21.2,3,3,9.6,3,3,30.9,3,1.9361165589961324,1.9361165589961324,1568.4640017408708,1568.4640017408708,0.7795794073489465,0.7795794073489465
    264.00,         Rupelian,   16.5767,   60.6811,       266,,,0.571014,            Slt,3,3,21.2,3,3,9.6,3,3,30.9,3,1.9984227433534447,1.9984227433534447,1567.6970360884668,1567.6970360884668,0.8044876894639293,0.8044876894639293
    264.25,         Rupelian,     16.58,   60.6811,       267,,,0.558548,            Slt,3,3,21.2,3,3,9.6,3,3,30.9,3,2.0207940355622713,2.0207940355622713,1567.421653910902,1567.421653910902,0.8134311107849748,0.8134311107849748
    264.50,         Rupelian,     16.59,   59.6839,       266,,,0.558548,            Slt,3,3,21.2,3,3,9.6,3,3,30.9,3,2.0207940355622713,2.0207940355622713,1567.421653910902,1567.421653910902,0.8134311107849748,0.8134311107849748
    264.75,         Rupelian,      16.6,   62.4832,       271,,,0.59354,            Slt,3,3,21.2,3,3,9.6,3,3,30.9,3,1.957997929596343,1.957997929596343,1568.1946503137053,1568.1946503137053,0.7883269716171566,0.7883269716171566
    265.00,         Rupelian,     16.62,     66.03,       266,,,0.637875,            Slt,3,3,21.2,3,3,9.6,3,3,30.9,3,1.8784350192739994,1.8784350192739994,1569.174039760387,1569.174039760387,0.7565199297217169,0.7565199297217169
    265.25,         Rupelian,     16.62,   65.8182,       267,,,0.635228,            Slt,3,3,21.2,3,3,9.6,3,3,30.9,3,1.883185284834465,1.883185284834465,1569.1155657812426,1569.1155657812426,0.7584189539666076,0.7584189539666076
    265.50,         Rupelian,     16.63,   64.1455,       267,,,0.614318,            Slt,3,3,21.2,3,3,9.6,3,3,30.9,3,1.9207100498021024,1.9207100498021024,1568.6536500638608,1568.6536500638608,0.7734203128486115,0.7734203128486115
    265.75,         Rupelian,     16.64,   64.1455,       267,,,0.645493,            Slt,3,3,21.2,3,3,9.6,3,3,30.9,3,1.864763873433566,1.864763873433566,1569.3423264143808,1569.3423264143808,0.7510545852949783,0.7510545852949783
    266.00,         Rupelian,     16.65,   66.6395,       266,,,0.645493,            Slt,3,3,21.2,3,3,9.6,3,3,30.9,3,1.864763873433566,1.864763873433566,1569.3423264143808,1569.3423264143808,0.7510545852949783,0.7510545852949783
    266.25,         Rupelian,     16.66,   69.1472,       265,,,0.67684,            Slt,3,3,21.2,3,3,9.6,3,3,30.9,3,1.808509028505755,1.808509028505755,1570.0348023585586,1570.0348023585586,0.7285654606238077,0.7285654606238077
    266.50,         Rupelian,     16.67,   68.8031,       266,,,0.672538,            Slt,3,3,21.2,3,3,9.6,3,3,30.9,3,1.816229331656916,1.816229331656916,1569.939768335786,1569.939768335786,0.7316518234124438,0.7316518234124438
    266.75,         Rupelian,     16.68,   67.3506,       268,,,0.654383,            Slt,3,3,21.2,3,3,9.6,3,3,30.9,3,1.8488100159222174,1.8488100159222174,1569.5387123889157,1569.5387123889157,0.7446766761385453,0.7446766761385453
    267.00,         Rupelian,     16.69,   63.0001,       270,,,0.600001,            Slt,3,3,21.2,3,3,9.6,3,3,30.9,3,1.9464031181924257,1.9464031181924257,1568.3373780731506,1568.3373780731506,0.7836916880333867,0.7836916880333867
    267.25,         Rupelian,    16.695,   63.0001,       275,,,0.573773,            Slt,3,3,21.2,3,3,9.6,3,3,30.9,3,1.9934714843125212,1.9934714843125212,1567.757984221621,1567.757984221621,0.802508313607619,0.802508313607619
    267.50,         Rupelian,     16.71,   60.9018,       278,,,0.573773,            Slt,3,3,21.2,3,3,9.6,3,3,30.9,3,1.9934714843125212,1.9934714843125212,1567.757984221621,1567.757984221621,0.802508313607619,0.802508313607619
    267.75,         Rupelian,     16.72,   63.3015,       269,,,0.603768,            Slt,3,3,21.2,3,3,9.6,3,3,30.9,3,1.9396429178273809,1.9396429178273809,1568.420593592394,1568.420593592394,0.7809891476742998,0.7809891476742998
    268.00,         Rupelian,     16.72,   64.1008,       266,,,0.61376,            Slt,3,3,21.2,3,3,9.6,3,3,30.9,3,1.9217114280350982,1.9217114280350982,1568.641323475133,1568.641323475133,0.7738206360555058,0.7738206360555058
    268.25,         Rupelian,     16.73,   63.1436,       266,,,0.601795,            Slt,3,3,21.2,3,3,9.6,3,3,30.9,3,1.943183633335805,1.943183633335805,1568.3770087186303,1568.3770087186303,0.7824046274004688,0.7824046274004688
    268.50,         Rupelian,     16.74,   60.3892,       266,,,0.567365,            Slt,3,3,21.2,3,3,9.6,3,3,30.9,3,2.00497118273015,2.00497118273015,1567.616427267198,1567.616427267198,0.8071055736609849,0.8071055736609849
    268.75,         Rupelian,     16.75,   60.3892,       266,,,0.54813,            Slt,3,3,21.2,3,3,9.6,3,3,30.9,3,2.039490018414153,2.039490018414153,1567.1915134066608,1567.1915134066608,0.8209052454972041,0.8209052454972041
    269.00,         Rupelian,     16.76,   58.8504,       266,,,0.54813,            Slt,3,3,21.2,3,3,9.6,3,3,30.9,3,2.039490018414153,2.039490018414153,1567.1915134066608,1567.1915134066608,0.8209052454972041,0.8209052454972041
    269.25,         Rupelian,     16.77,   62.1798,       266,,,0.589747,            Slt,3,3,21.2,3,3,9.6,3,3,30.9,3,1.9648047891622085,1.9648047891622085,1568.1108604372812,1568.1108604372812,0.7910481650288945,0.7910481650288945
    269.50,         Rupelian,     16.78,   65.6526,       266,,,0.633158,            Slt,3,3,21.2,3,3,9.6,3,3,30.9,3,1.8869000750536429,1.8869000750536429,1569.0698381133811,1569.0698381133811,0.7599040239276669,0.7599040239276669
    269.75,         Rupelian,     16.79,    64.584,       267,,,0.619799,            Slt,3,3,21.2,3,3,9.6,3,3,30.9,3,1.9108739313521923,1.9108739313521923,1568.7747289757197,1568.7747289757197,0.7694881058647635,0.7694881058647635
    270.00,         Rupelian,      16.8,   61.5773,       266,,,0.582216,            Slt,3,3,21.2,3,3,9.6,3,3,30.9,3,1.9783198061383576,1.9783198061383576,1567.944495670777,1567.944495670777,0.7964510934717626,0.7964510934717626
    270.25,         Rupelian,     16.81,   61.5773,       267,,,0.542225,            Slt,3,3,21.2,3,3,9.6,3,3,30.9,3,2.0500870407543683,2.0500870407543683,1567.0610680546217,1567.0610680546217,0.8251416407242838,0.8251416407242838
    270.50,         Rupelian,   16.8175,    58.378,       269,,,0.542225,            Slt,3,3,21.2,3,3,9.6,3,3,30.9,3,2.0500870407543683,2.0500870407543683,1567.0610680546217,1567.0610680546217,0.8251416407242838,0.8251416407242838
    270.75,         Rupelian,     16.83,   59.4402,       267,,,0.555502,            Slt,3,3,21.2,3,3,9.6,3,3,30.9,3,2.0262603403968686,2.0262603403968686,1567.3543657580974,1567.3543657580974,0.8156163876455479,0.8156163876455479
    271.00,         Rupelian,     16.84,   59.6111,       267,,,0.557639,            Slt,3,3,21.2,3,3,9.6,3,3,30.9,3,2.0224253130063454,2.0224253130063454,1567.4015735002324,1567.4015735002324,0.8140832502026574,0.8140832502026574
    271.25,         Rupelian,     16.85,   60.8135,       266,,,0.572669,            Slt,3,3,21.2,3,3,9.6,3,3,30.9,3,1.9954527057627494,1.9954527057627494,1567.733596132095,1567.733596132095,0.8033003509201839,0.8033003509201839
    271.50,         Rupelian,     16.86,   66.0381,       267,,,0.637977,            Slt,3,3,21.2,3,3,9.6,3,3,30.9,3,1.8782519716400108,1.8782519716400108,1569.1762930077887,1569.1762930077887,0.756446752361317,0.756446752361317
    271.75,         Rupelian,     16.87,   66.0381,       267,,,0.638269,            Slt,3,3,21.2,3,3,9.6,3,3,30.9,3,1.8777279529231028,1.8777279529231028,1569.182743480743,1569.182743480743,0.7562372642315444,0.7562372642315444
    272.00,         Rupelian,     16.88,   66.0615,       266,,,0.638269,            Slt,3,3,21.2,3,3,9.6,3,3,30.9,3,1.8777279529231028,1.8777279529231028,1569.182743480743,1569.182743480743,0.7562372642315444,0.7562372642315444
    272.25,         Rupelian,     16.89,   63.7886,       266,,,0.609858,            Slt,3,3,21.2,3,3,9.6,3,3,30.9,3,1.9287138973274807,1.9287138973274807,1568.5551257166815,1568.5551257166815,0.7766200288033575,0.7766200288033575
    272.50,         Rupelian,      16.9,   63.6585,       269,,,0.608231,            Slt,3,3,21.2,3,3,9.6,3,3,30.9,3,1.9316336865480617,1.9316336865480617,1568.5191842115557,1568.5191842115557,0.777787279444248,0.777787279444248
    272.75,         Rupelian,   16.9125,   70.8723,       270,,,0.698404,            Slt,3,3,21.2,3,3,9.6,3,3,30.9,3,1.769810605179015,1.769810605179015,1570.5111653681051,1570.5111653681051,0.7130949057251214,0.7130949057251214
    273.00,         Rupelian,     16.93,   76.8857,       270,,,0.773572,            Slt,3,3,21.2,3,3,9.6,3,3,30.9,3,1.6349152664373905,1.6349152664373905,1572.1716761593123,1572.1716761593123,0.6591674956609191,0.6591674956609191
    273.25,         Rupelian,     16.93,   76.8857,       270,,,0.727012,            Slt,3,3,21.2,3,3,9.6,3,3,30.9,3,1.7184711275991886,1.7184711275991886,1571.143134992345,1571.143134992345,0.6925708084082219,0.6925708084082219
    273.50,         Rupelian,     16.94,   73.1609,       270,,,0.727012,            Slt,3,3,21.2,3,3,9.6,3,3,30.9,3,1.7184711275991886,1.7184711275991886,1571.143134992345,1571.143134992345,0.6925708084082219,0.6925708084082219
    273.75,         Rupelian,     16.95,   68.6587,       270,,,0.670734,            Slt,3,3,21.2,3,3,9.6,3,3,30.9,3,1.819466762360006,1.819466762360006,1569.8999167836982,1569.8999167836982,0.7329460582963814,0.7329460582963814
    274.00,         Rupelian,     16.96,   69.3619,       268,,,0.679523,            Slt,3,3,21.2,3,3,9.6,3,3,30.9,3,1.8036941578979993,1.8036941578979993,1570.094071601492,1570.094071601492,0.7266406090752464,0.7266406090752464
    274.25,         Rupelian,   16.9725,   69.7513,       269,,,0.684391,            Slt,3,3,21.2,3,3,9.6,3,3,30.9,3,1.794958119836667,1.794958119836667,1570.201608938279,1570.201608938279,0.7231481836789004,0.7231481836789004
    274.50,         Rupelian,     16.98,   67.0082,       269,,,0.650102,            Slt,3,3,21.2,3,3,9.6,3,3,30.9,3,1.8564926327957927,1.8564926327957927,1569.4441422700197,1569.4441422700197,0.7477479730000403,0.7477479730000403
    274.75,         Rupelian,     16.99,   67.0082,       268,,,0.623356,            Slt,3,3,21.2,3,3,9.6,3,3,30.9,3,1.904490593763006,1.904490593763006,1568.8533054561944,1568.8533054561944,0.7669362247770882,0.7669362247770882
    275.00,         Rupelian,        17,   64.8685,       267,,,0.623356,            Slt,3,3,21.2,3,3,9.6,3,3,30.9,3,1.904490593763006,1.904490593763006,1568.8533054561944,1568.8533054561944,0.7669362247770882,0.7669362247770882
    275.25,         Rupelian,     17.01,   67.3165,       267,,,0.653957,            Slt,3,3,21.2,3,3,9.6,3,3,30.9,3,1.8495745089818165,1.8495745089818165,1569.5293017674137,1569.5293017674137,0.7449822992319806,0.7449822992319806
    275.50,         Rupelian,     17.02,   68.7917,       270,,,0.672396,            Slt,3,3,21.2,3,3,9.6,3,3,30.9,3,1.8164841626767823,1.8164841626767823,1569.9366314619522,1569.9366314619522,0.7317536977769223,0.7317536977769223
    275.75,         Rupelian,   17.0233,   64.8052,       270,,,0.622565,            Slt,3,3,21.2,3,3,9.6,3,3,30.9,3,1.90591011021874,1.90591011021874,1568.8358317434997,1568.8358317434997,0.7675037080327394,0.7675037080327394
    276.00,         Rupelian,     17.04,   64.2171,       269,,,0.615214,            Slt,3,3,21.2,3,3,9.6,3,3,30.9,3,1.9191021019584389,1.9191021019584389,1568.67344329594,1568.67344329594,0.7727774999572545,0.7727774999572545
    276.25,         Rupelian,     17.05,   64.2171,       267,,,0.626536,            Slt,3,3,21.2,3,3,9.6,3,3,30.9,3,1.898783814585718,1.898783814585718,1568.9235537575466,1568.9235537575466,0.7646548129528523,0.7646548129528523
    276.50,         Rupelian,     17.06,   65.1229,       272,,,0.626536,            Slt,3,3,21.2,3,3,9.6,3,3,30.9,3,1.898783814585718,1.898783814585718,1568.9235537575466,1568.9235537575466,0.7646548129528523,0.7646548129528523
    276.75,         Rupelian,     17.07,   64.8651,       267,,,0.623314,            Slt,3,3,21.2,3,3,9.6,3,3,30.9,3,1.9045659663181775,1.9045659663181775,1568.8523776484408,1568.8523776484408,0.7669663566313706,0.7669663566313706
    277.00,         Rupelian,     17.08,   63.4765,       267,,,0.605956,            Slt,3,3,21.2,3,3,9.6,3,3,30.9,3,1.9357163666198633,1.9357163666198633,1568.4689279582299,1568.4689279582299,0.7794194215512091,0.7794194215512091
    277.25,         Rupelian,     17.09,   59.5991,       267,,,0.557488,            Slt,3,3,21.2,3,3,9.6,3,3,30.9,3,2.022696295288034,2.022696295288034,1567.3982378104513,1567.3982378104513,0.8141915813930535,0.8141915813930535
    277.50,         Rupelian,      17.1,   58.0237,       267,,,0.537796,            Slt,3,3,21.2,3,3,9.6,3,3,30.9,3,2.058035256155691,2.058035256155691,1566.9632285179273,1566.9632285179273,0.8283191165008688,0.8283191165008688
    277.75,         Rupelian,     17.11,   58.0237,       269,,,0.591598,            Slt,3,3,21.2,3,3,9.6,3,3,30.9,3,1.9614830129807117,1.9614830129807117,1568.1517502504266,1568.1517502504266,0.7897202111651648,0.7897202111651648
    278.00,         Rupelian,     17.12,   62.3278,       268,,,0.591598,            Slt,3,3,21.2,3,3,9.6,3,3,30.9,3,1.9614830129807117,1.9614830129807117,1568.1517502504266,1568.1517502504266,0.7897202111651648,0.7897202111651648
    278.25,         Rupelian,     17.13,   64.6974,       267,,,0.621218,            Slt,3,3,21.2,3,3,9.6,3,3,30.9,3,1.908327415738176,1.908327415738176,1568.8060756233986,1568.8060756233986,0.7684700796450807,0.7684700796450807
    278.50,         Rupelian,    17.145,    62.964,       266,,,0.599551,            Slt,3,3,21.2,3,3,9.6,3,3,30.9,3,1.9472106812835517,1.9472106812835517,1568.3274372757894,1568.3274372757894,0.7840145293292692,0.7840145293292692
    278.75,         Rupelian,   17.1575,   62.3526,       268,,,0.591908,            Slt,3,3,21.2,3,3,9.6,3,3,30.9,3,1.9609266917401584,1.9609266917401584,1568.1585983552754,1568.1585983552754,0.7894978093835568,0.7894978093835568
    279.00,         Rupelian,     17.17,   62.7162,       268,,,0.596453,            Slt,3,3,21.2,3,3,9.6,3,3,30.9,3,1.9527703045197897,1.9527703045197897,1568.259000408623,1568.259000408623,0.7862371122951443,0.7862371122951443
    279.25,         Rupelian,   17.1775,   62.7162,       267,,,0.640898,            Slt,3,3,21.2,3,3,9.6,3,3,30.9,3,1.8730099898862822,1.8730099898862822,1569.240819827993,1569.240819827993,0.754351153638489,0.754351153638489
    279.50,         Rupelian,    17.185,   66.2719,       267,,,0.640898,            Slt,3,3,21.2,3,3,9.6,3,3,30.9,3,1.8730099898862822,1.8730099898862822,1569.240819827993,1569.240819827993,0.754351153638489,0.754351153638489
    279.75,         Rupelian,      17.2,   69.4642,       267,,,0.680802,            Slt,3,3,21.2,3,3,9.6,3,3,30.9,3,1.8013988841345556,1.8013988841345556,1570.1223255566586,1570.1223255566586,0.7257230223698383,0.7257230223698383
    280.00,         Rupelian,     17.21,   70.0174,       269,,,0.687718,            Slt,3,3,21.2,3,3,9.6,3,3,30.9,3,1.7889875367162782,1.7889875367162782,1570.275104566769,1570.275104566769,0.7207613103646763,0.7207613103646763
    280.25,         Rupelian,     17.22,   71.8361,       268,,,0.710452,            Slt,3,3,21.2,3,3,9.6,3,3,30.9,3,1.7481894493526118,1.7481894493526118,1570.7773136494545,1570.7773136494545,0.7044513680966956,0.7044513680966956
    280.50,         Rupelian,     17.23,   72.5634,       267,,,0.719542,            Slt,3,3,21.2,3,3,9.6,3,3,30.9,3,1.731876674911874,1.731876674911874,1570.9781177561497,1570.9781177561497,0.6979299739198704,0.6979299739198704
    280.75,         Rupelian,     17.24,   72.5634,       267,,,0.699223,            Slt,3,3,21.2,3,3,9.6,3,3,30.9,3,1.7683408403531664,1.7683408403531664,1570.5292576193026,1570.5292576193026,0.7125073345666153,0.7125073345666153
    281.00,         Rupelian,    17.245,   70.9379,       265,,,0.699223,            Slt,3,3,21.2,3,3,9.6,3,3,30.9,3,1.7683408403531664,1.7683408403531664,1570.5292576193026,1570.5292576193026,0.7125073345666153,0.7125073345666153
    281.25,         Rupelian,     17.26,   68.2449,       267,,,0.665561,            Slt,3,3,21.2,3,3,9.6,3,3,30.9,3,1.828750148738657,1.828750148738657,1569.7856417953667,1569.7856417953667,0.7366572983488255,0.7366572983488255
    281.50,         Rupelian,   17.2733,   67.1259,       267,,,0.651574,            Slt,3,3,21.2,3,3,9.6,3,3,30.9,3,1.8538510041954883,1.8538510041954883,1569.4766597227213,1569.4766597227213,0.7466919232499536,0.7466919232499536
    281.75,         Rupelian,     17.29,   70.5918,       264,,,0.694897,            Slt,3,3,21.2,3,3,9.6,3,3,30.9,3,1.776104213535854,1.776104213535854,1570.4336934206706,1570.4336934206706,0.7156109155576985,0.7156109155576985
    282.00,         Rupelian,     17.29,      73.3,       266,,,0.72875,            Slt,3,3,21.2,3,3,9.6,3,3,30.9,3,1.7153521394827969,1.7153521394827969,1571.1815285608197,1571.1815285608197,0.6913239235810138,0.6913239235810138
    282.25,         Rupelian,   17.3075,      73.3,       269,,,0.749463,            Slt,3,3,21.2,3,3,9.6,3,3,30.9,3,1.6781809076906078,1.6781809076906078,1571.6390924180232,1571.6390924180232,0.6764638974440962,0.6764638974440962
    282.50,         Rupelian,     17.32,   74.9571,       265,,,0.749463,            Slt,3,3,21.2,3,3,9.6,3,3,30.9,3,1.6781809076906078,1.6781809076906078,1571.6390924180232,1571.6390924180232,0.6764638974440962,0.6764638974440962
    282.75,         Rupelian,     17.33,    75.169,       265,,,0.752113,            Slt,3,3,21.2,3,3,9.6,3,3,30.9,3,1.6734252583762013,1.6734252583762013,1571.6976326691502,1571.6976326691502,0.6745627209238997,0.6745627209238997
    283.00,         Rupelian,   17.3325,   68.4199,       268,,,0.667749,            Slt,3,3,21.2,3,3,9.6,3,3,30.9,3,1.8248235975311395,1.8248235975311395,1569.8339761612026,1569.8339761612026,0.7350875722257348,0.7350875722257348
    283.25,         Rupelian,     17.35,   59.2623,       268,,,0.553279,            Slt,3,3,21.2,3,3,9.6,3,3,30.9,3,2.030249702067029,2.030249702067029,1567.3052582191333,1567.3052582191333,0.8172112236472071,0.8172112236472071
    283.50,         Rupelian,     17.36,   60.4351,       273,,,0.567939,            Slt,3,3,21.2,3,3,9.6,3,3,30.9,3,2.0039410911428033,2.0039410911428033,1567.6291073064988,1567.6291073064988,0.8066937716524594,0.8066937716524594
    283.75,         Rupelian,     17.38,   60.4351,       275,,,0.59714,            Slt,3,3,21.2,3,3,9.6,3,3,30.9,3,1.9515374248673378,1.9515374248673378,1568.2741766925944,1568.2741766925944,0.785744241250097,0.785744241250097
    284.00,         Rupelian,     17.39,   62.7712,       270,,,0.59714,            Slt,3,3,21.2,3,3,9.6,3,3,30.9,3,1.9515374248673378,1.9515374248673378,1568.2741766925944,1568.2741766925944,0.785744241250097,0.785744241250097
    284.25,         Rupelian,   17.4025,   63.1927,       268,,,0.602408,            Slt,3,3,21.2,3,3,9.6,3,3,30.9,3,1.9420835529472271,1.9420835529472271,1568.3905502937023,1568.3905502937023,0.7819648458129667,0.7819648458129667
    284.50,         Rupelian,     17.41,   66.3559,       276,,,0.641948,            Slt,3,3,21.2,3,3,9.6,3,3,30.9,3,1.871125676006989,1.871125676006989,1569.2640150218358,1569.2640150218358,0.7535978572814299,0.7535978572814299
    284.75,         Rupelian,     17.42,    67.546,       268,,,0.656825,            Slt,3,3,21.2,3,3,9.6,3,3,30.9,3,1.8444276402143758,1.8444276402143758,1569.5926577825956,1569.5926577825956,0.7429247240395566,0.7429247240395566
    285.00,         Rupelian,     17.44,   66.7971,       268,,,0.647464,            Slt,3,3,21.2,3,3,9.6,3,3,30.9,3,1.8612267470944357,1.8612267470944357,1569.3858671068226,1569.3858671068226,0.7496405404190132,0.7496405404190132
    285.25,         Rupelian,     17.45,   66.7971,       275,,,0.61632,            Slt,3,3,21.2,3,3,9.6,3,3,30.9,3,1.9171172913389167,1.9171172913389167,1568.6978755667876,1568.6978755667876,0.7719840277944856,0.7719840277944856
    285.50,         Rupelian,     17.46,   64.3056,       267,,,0.61632,            Slt,3,3,21.2,3,3,9.6,3,3,30.9,3,1.9171172913389167,1.9171172913389167,1568.6978755667876,1568.6978755667876,0.7719840277944856,0.7719840277944856
    285.75,         Rupelian,     17.47,   65.6811,       266,,,0.633513,            Slt,3,3,21.2,3,3,9.6,3,3,30.9,3,1.886262997503977,1.886262997503977,1569.077680297966,1569.077680297966,0.7596493380164707,0.7596493380164707
    286.00,         Rupelian,     17.48,   67.1691,       270,,,0.652114,            Slt,3,3,21.2,3,3,9.6,3,3,30.9,3,1.8528819284861378,1.8528819284861378,1569.4885886795546,1569.4885886795546,0.7463045136948947,0.7463045136948947
    286.25,         Rupelian,     17.49,   66.5716,       264,,,0.644645,            Slt,3,3,21.2,3,3,9.6,3,3,30.9,3,1.866285681214176,1.866285681214176,1569.3235935340201,1569.3235935340201,0.7516629617814412,0.7516629617814412
    286.50,         Rupelian,      17.5,   66.3104,       264,,,0.641379,            Slt,3,3,21.2,3,3,9.6,3,3,30.9,3,1.872146794671101,1.872146794671101,1569.251445435839,1569.251445435839,0.7540060721644457,0.7540060721644457
    286.75,         Rupelian,     17.51,   66.3104,       263,,,0.641016,            Slt,3,3,21.2,3,3,9.6,3,3,30.9,3,1.8727982288979423,1.8727982288979423,1569.2434265259678,1569.2434265259678,0.7542664974764575,0.7542664974764575
    287.00,         Rupelian,     17.52,   66.2813,       265,,,0.641016,            Slt,3,3,21.2,3,3,9.6,3,3,30.9,3,1.8727982288979423,1.8727982288979423,1569.2434265259678,1569.2434265259678,0.7542664974764575,0.7542664974764575
    287.25,         Rupelian,     17.53,   72.4355,       265,,,0.717943,            Slt,3,3,21.2,3,3,9.6,3,3,30.9,3,1.7347462157623403,1.7347462157623403,1570.9427947895265,1570.9427947895265,0.699077136657906,0.699077136657906
    287.50,         Rupelian,     17.55,   75.6073,       265,,,0.757591,            Slt,3,3,21.2,3,3,9.6,3,3,30.9,3,1.663594523680232,1.663594523680232,1571.8186453090266,1571.8186453090266,0.6706326662153574,0.6706326662153574
    287.75,         Rupelian,   17.5667,   70.2099,       265,,,0.690123,            Slt,3,3,21.2,3,3,9.6,3,3,30.9,3,1.7846715606403734,1.7846715606403734,1570.3282326059991,1570.3282326059991,0.7190359029944602,0.7190359029944602
    288.00,         Rupelian,     17.58,   71.5529,       265,,,0.706912,            Slt,3,3,21.2,3,3,9.6,3,3,30.9,3,1.7545422790028,1.7545422790028,1570.6991127102135,1570.6991127102135,0.7069910529576374,0.7069910529576374
    288.25,         Rupelian,     17.59,   71.5529,       265,,,0.692658,            Slt,3,3,21.2,3,3,9.6,3,3,30.9,3,1.7801222885603658,1.7801222885603658,1570.3842324311338,1570.3842324311338,0.7172172303609892,0.7172172303609892
    288.50,         Rupelian,      17.6,   70.4126,       265,,,0.692658,            Slt,3,3,21.2,3,3,9.6,3,3,30.9,3,1.7801222885603658,1.7801222885603658,1570.3842324311338,1570.3842324311338,0.7172172303609892,0.7172172303609892
    288.75,         Rupelian,   17.6175,   66.5195,       267,,,0.643994,            Slt,3,3,21.2,3,3,9.6,3,3,30.9,3,1.867453955819338,1.867453955819338,1569.3092125138378,1569.3092125138378,0.7521300055228177,0.7521300055228177
    289.00,         Rupelian,    17.625,   71.2599,       267,,,0.703249,            Slt,3,3,21.2,3,3,9.6,3,3,30.9,3,1.7611158425645626,1.7611158425645626,1570.6181946196937,1570.6181946196937,0.7096189811061205,0.7096189811061205
    289.25,         Rupelian,     17.64,   71.2597,       268,,,0.703246,            Slt,3,3,21.2,3,3,9.6,3,3,30.9,3,1.7611212263185032,1.7611212263185032,1570.6181283477113,1570.6181283477113,0.7096211333814263,0.7096211333814263
    289.50,         Rupelian,     17.66,   67.9246,       266,,,0.661557,            Slt,3,3,21.2,3,3,9.6,3,3,30.9,3,1.8359356656650283,1.8359356656650283,1569.6971907895131,1569.6971907895131,0.7395298684570772,0.7395298684570772
    289.75,         Rupelian,     17.67,   67.9246,       269,,,0.687699,            Slt,3,3,21.2,3,3,9.6,3,3,30.9,3,1.7890216338245704,1.7890216338245704,1570.2746848442139,1570.2746848442139,0.7207749414416136,0.7207749414416136
    290.00,         Rupelian,     17.68,    70.016,       268,,,0.687699,            Slt,3,3,21.2,3,3,9.6,3,3,30.9,3,1.7890216338245704,1.7890216338245704,1570.2746848442139,1570.2746848442139,0.7207749414416136,0.7207749414416136
    290.25,         Rupelian,     17.69,   70.5748,       269,,,0.694684,            Slt,3,3,21.2,3,3,9.6,3,3,30.9,3,1.7764864600656536,1.7764864600656536,1570.4289881099196,1570.4289881099196,0.7157637271044162,0.7157637271044162
    290.50,         Rupelian,      17.7,   70.3291,       267,,,0.691614,            Slt,3,3,21.2,3,3,9.6,3,3,30.9,3,1.7819958349317773,1.7819958349317773,1570.3611697812557,1570.3611697812557,0.7179662221674364,0.7179662221674364
    290.75,         Rupelian,     17.72,   75.1506,       269,,,0.751882,            Slt,3,3,21.2,3,3,9.6,3,3,30.9,3,1.6738398074296457,1.6738398074296457,1571.6925297265047,1571.6925297265047,0.6747284461224526,0.6747284461224526
    291.00,         Rupelian,     17.73,   76.1723,       268,,,0.764653,            Slt,3,3,21.2,3,3,9.6,3,3,30.9,3,1.6509211669035004,1.6509211669035004,1571.9746495556142,1571.9746495556142,0.665566210145309,0.665566210145309
    291.25,         Rupelian,     17.74,   76.1723,       269,,,0.753041,            Slt,3,3,21.2,3,3,9.6,3,3,30.9,3,1.6717598838238357,1.6717598838238357,1571.7181328023748,1571.7181328023748,0.6738969504292799,0.6738969504292799
    291.50,         Rupelian,     17.75,   75.2433,       268,,,0.753041,            Slt,3,3,21.2,3,3,9.6,3,3,30.9,3,1.6717598838238357,1.6717598838238357,1571.7181328023748,1571.7181328023748,0.6738969504292799,0.6738969504292799
    291.75,         Rupelian,     17.76,   72.6112,       269,,,0.72014,            Slt,3,3,21.2,3,3,9.6,3,3,30.9,3,1.7308035132930004,1.7308035132930004,1570.9913279713098,1570.9913279713098,0.6975009537088978,0.6975009537088978
    292.00,         Rupelian,     17.78,   67.6752,       269,,,0.65844,            Slt,3,3,21.2,3,3,9.6,3,3,30.9,3,1.8415293860095583,1.8415293860095583,1569.6283341997917,1569.6283341997917,0.7417660824998895,0.7417660824998895
    292.25,         Rupelian,   17.7867,   66.0226,       272,,,0.637782,            Slt,3,3,21.2,3,3,9.6,3,3,30.9,3,1.8786019156461653,1.8786019156461653,1569.1719853289324,1569.1719853289324,0.7565866502561993,0.7565866502561993
    292.50,         Rupelian,      17.8,   66.7335,       267,,,0.646669,            Slt,3,3,21.2,3,3,9.6,3,3,30.9,3,1.8626534418887577,1.8626534418887577,1569.3683050314846,1569.3683050314846,0.7502108933750722,0.7502108933750722
    292.75,         Rupelian,     17.82,   66.7335,       269,,,0.662662,            Slt,3,3,21.2,3,3,9.6,3,3,30.9,3,1.833952649630153,1.833952649630153,1569.7216009697,1569.7216009697,0.7387371137194104,0.7387371137194104
    293.00,         Rupelian,     17.83,   68.0129,       268,,,0.662662,            Slt,3,3,21.2,3,3,9.6,3,3,30.9,3,1.833952649630153,1.833952649630153,1569.7216009697,1569.7216009697,0.7387371137194104,0.7387371137194104
    293.25,         Rupelian,     17.84,   72.8095,       265,,,0.722619,            Slt,3,3,21.2,3,3,9.6,3,3,30.9,3,1.7263547379532216,1.7263547379532216,1571.0460907194392,1571.0460907194392,0.6957224568811365,0.6957224568811365
    293.50,         Rupelian,     17.85,   73.5597,       266,,,0.731996,            Slt,3,3,21.2,3,3,9.6,3,3,30.9,3,1.7095269177188106,1.7095269177188106,1571.2532348457848,1571.2532348457848,0.6889951617000485,0.6889951617000485
    293.75,         Rupelian,     17.87,   75.9748,       266,,,0.762186,            Slt,3,3,21.2,3,3,9.6,3,3,30.9,3,1.6553484072275158,1.6553484072275158,1571.9201518954144,1571.9201518954144,0.6673360978718468,0.6673360978718468
    294.00,         Rupelian,     17.87,   76.8704,       266,,,0.77338,            Slt,3,3,21.2,3,3,9.6,3,3,30.9,3,1.6352598266896043,1.6352598266896043,1572.167434752438,1572.167434752438,0.6593052412804957,0.6593052412804957
    294.25,         Rupelian,     17.89,   76.8704,       263,,,0.717074,            Slt,3,3,21.2,3,3,9.6,3,3,30.9,3,1.7363057098205363,1.7363057098205363,1570.923598005289,1570.923598005289,0.6997005790715101,0.6997005790715101
    294.50,         Rupelian,     17.91,   72.3659,       263,,,0.717074,            Slt,3,3,21.2,3,3,9.6,3,3,30.9,3,1.7363057098205363,1.7363057098205363,1570.923598005289,1570.923598005289,0.6997005790715101,0.6997005790715101
    294.75,         Rupelian,     17.91,   70.5773,       264,,,0.694717,            Slt,3,3,21.2,3,3,9.6,3,3,30.9,3,1.7764272387723044,1.7764272387723044,1570.429717101726,1570.429717101726,0.7157400520760515,0.7157400520760515
    295.00,         Rupelian,     17.93,    72.805,       264,,,0.722563,            Slt,3,3,21.2,3,3,9.6,3,3,30.9,3,1.7264552346934507,1.7264552346934507,1571.0448536424344,1571.0448536424344,0.6957626326868463,0.6957626326868463
    295.25,         Rupelian,     17.94,   69.4678,       264,,,0.680847,            Slt,3,3,21.2,3,3,9.6,3,3,30.9,3,1.801318127825443,1.801318127825443,1570.1233196363946,1570.1233196363946,0.7256907382402502,0.7256907382402502
    295.50,         Rupelian,     17.95,   64.9763,       266,,,0.624703,            Slt,3,3,21.2,3,3,9.6,3,3,30.9,3,1.9020732882435698,1.9020732882435698,1568.8830615762956,1568.8830615762956,0.7659698531647469,0.7659698531647469
    295.75,         Rupelian,     17.96,   64.9763,       266,,,0.656924,            Slt,3,3,21.2,3,3,9.6,3,3,30.9,3,1.8442499763343283,1.8442499763343283,1569.594844758015,1569.594844758015,0.7428536989544625,0.7428536989544625
    296.00,         Rupelian,    17.975,   67.5539,       266,,,0.656924,            Slt,3,3,21.2,3,3,9.6,3,3,30.9,3,1.8442499763343283,1.8442499763343283,1569.594844758015,1569.594844758015,0.7428536989544625,0.7428536989544625
    296.25,         Rupelian,     17.99,   74.3676,       266,,,0.742095,            Slt,3,3,21.2,3,3,9.6,3,3,30.9,3,1.6914034073693047,1.6914034073693047,1571.47632842923,1571.47632842923,0.6817498855953447,0.6817498855953447
    296.50,         Rupelian,        18,   77.1912,       267,,,0.77739,            Slt,3,3,21.2,3,3,9.6,3,3,30.9,3,1.6280635422553513,1.6280635422553513,1572.2560183022565,1572.2560183022565,0.6564283666216322,0.6564283666216322
    296.75,         Rupelian,   18.0175,   78.1349,       266,,,0.789186,            Slt,3,3,21.2,3,3,9.6,3,3,30.9,3,1.6068946217599782,1.6068946217599782,1572.5165997370834,1572.5165997370834,0.6479656201189006,0.6479656201189006
    297.00,         Rupelian,    18.035,   78.9047,       266,,,0.798809,            Slt,3,3,21.2,3,3,9.6,3,3,30.9,3,1.5896253337024187,1.5896253337024187,1572.7291781659865,1572.7291781659865,0.6410618383627302,0.6410618383627302
    297.25,         Rupelian,     18.04,   78.9047,       269,,,0.83238,            Slt,3,3,21.2,3,3,9.6,3,3,30.9,3,1.5293793325198002,1.5293793325198002,1573.4707837397893,1573.4707837397893,0.6169771602647984,0.6169771602647984
    297.50,         Rupelian,   18.0567,   81.5904,       269,,,0.83238,            Slt,3,3,21.2,3,3,9.6,3,3,30.9,3,1.5293793325198002,1.5293793325198002,1573.4707837397893,1573.4707837397893,0.6169771602647984,0.6169771602647984
    297.75,         Rupelian,     18.07,   84.0051,       269,,,0.862563,            Slt,3,3,21.2,3,3,9.6,3,3,30.9,3,1.475213384121034,1.475213384121034,1574.1375461547932,1574.1375461547932,0.5953231184123106,0.5953231184123106
    298.00,         Rupelian,     18.08,   85.9267,       276,,,0.886584,            Slt,3,3,21.2,3,3,9.6,3,3,30.9,3,1.4321056663167482,1.4321056663167482,1574.6681859179316,1574.6681859179316,0.5780898500381061,0.5780898500381061
    298.25,         Rupelian,     18.09,   83.2559,       270,,,0.853198,            Slt,3,3,21.2,3,3,9.6,3,3,30.9,3,1.4920196693396817,1.4920196693396817,1573.9306671163772,1573.9306671163772,0.602041804492175,0.602041804492175
    298.50,         Rupelian,      18.1,   82.3076,       265,,,0.841345,            Slt,3,3,21.2,3,3,9.6,3,3,30.9,3,1.5132908811599306,1.5132908811599306,1573.6688265138844,1573.6688265138844,0.6105454442257183,0.6105454442257183
    298.75,         Rupelian,     18.12,   82.3076,       264,,,0.872328,            Slt,3,3,21.2,3,3,9.6,3,3,30.9,3,1.457689265043608,1.457689265043608,1574.3532614575302,1574.3532614575302,0.5883174622916617,0.5883174622916617
    299.00,         Rupelian,     18.13,   84.7862,       265,,,0.872328,            Slt,3,3,21.2,3,3,9.6,3,3,30.9,3,1.457689265043608,1.457689265043608,1574.3532614575302,1574.3532614575302,0.5883174622916617,0.5883174622916617
    299.25,         Rupelian,     18.14,   84.7817,       269,,,0.872271,            Slt,3,3,21.2,3,3,9.6,3,3,30.9,3,1.4577915563684838,1.4577915563684838,1574.3520022898645,1574.3520022898645,0.5883583555224734,0.5883583555224734
    299.50,         Rupelian,     18.15,   82.9186,       264,,,0.848983,            Slt,3,3,21.2,3,3,9.6,3,3,30.9,3,1.4995838436265583,1.4995838436265583,1573.8375549810944,1573.8375549810944,0.6050657512969405,0.6050657512969405
    299.75,         Rupelian,     18.17,    87.016,       263,,,0.9002,            Slt,3,3,21.2,3,3,9.6,3,3,30.9,3,1.4076706017639338,1.4076706017639338,1574.9689723554193,1574.9689723554193,0.5683213898498055,0.5683213898498055
    300.00,         Rupelian,     18.18,   90.6164,       266,,,0.945205,            Slt,3,3,21.2,3,3,9.6,3,3,30.9,3,1.3269053197281366,1.3269053197281366,1575.9631625448385,1575.9631625448385,0.5360336731360521,0.5360336731360521
    300.25,         Rupelian,     18.19,   90.6164,       265,,,0.937025,            Slt,3,3,21.2,3,3,9.6,3,3,30.9,3,1.3415850221401533,1.3415850221401533,1575.7824609394736,1575.7824609394736,0.5419022104700928,0.5419022104700928
    300.50,         Rupelian,   18.2067,    89.962,       265,,,0.937025,            Slt,3,3,21.2,3,3,9.6,3,3,30.9,3,1.3415850221401533,1.3415850221401533,1575.7824609394736,1575.7824609394736,0.5419022104700928,0.5419022104700928
    300.75,         Rupelian,     18.22,   87.7132,       266,,,0.908915,            Slt,3,3,21.2,3,3,9.6,3,3,30.9,3,1.3920307965658008,1.3920307965658008,1575.1614924643136,1575.1614924643136,0.5620690300862157,0.5620690300862157
    301.00,         Rupelian,   18.2325,   84.0685,       265,,,0.863357,            Slt,3,3,21.2,3,3,9.6,3,3,30.9,3,1.4737884839113589,1.4737884839113589,1574.1550861394703,1574.1550861394703,0.5947534828813534,0.5947534828813534
    301.25,         Rupelian,     18.25,   86.2785,       264,,,0.890982,            Slt,3,3,21.2,3,3,9.6,3,3,30.9,3,1.4242130830394804,1.4242130830394804,1574.7653406441411,1574.7653406441411,0.5749346144396816,0.5749346144396816
    301.50,         Rupelian,   18.2575,   87.0051,       264,,,0.900064,            Slt,3,3,21.2,3,3,9.6,3,3,30.9,3,1.4079146652759185,1.4079146652759185,1574.96596802555,1574.96596802555,0.5684189596636722,0.5684189596636722
    301.75,         Rupelian,     18.27,   87.0051,       265,,,0.848932,            Slt,3,3,21.2,3,3,9.6,3,3,30.9,3,1.4996753674435526,1.4996753674435526,1573.8364283573935,1573.8364283573935,0.6051023399771405,0.6051023399771405
    302.00,         Rupelian,   18.2867,   82.9146,       266,,,0.848932,            Slt,3,3,21.2,3,3,9.6,3,3,30.9,3,1.4996753674435526,1.4996753674435526,1573.8364283573935,1573.8364283573935,0.6051023399771405,0.6051023399771405
    302.25,         Rupelian,      18.3,   81.6395,       268,,,0.832993,            Slt,3,3,21.2,3,3,9.6,3,3,30.9,3,1.5282792521312223,1.5282792521312223,1573.4843253148613,1573.4843253148613,0.6165373786772964,0.6165373786772964
    302.50,         Rupelian,     18.31,   82.8608,       268,,,0.84826,            Slt,3,3,21.2,3,3,9.6,3,3,30.9,3,1.5008813283263003,1.5008813283263003,1573.8215834333341,1573.8215834333341,0.6055844496456583,0.6055844496456583
    302.75,         Rupelian,     18.32,   86.1109,       267,,,0.888887,            Slt,3,3,21.2,3,3,9.6,3,3,30.9,3,1.427972737874832,1.427972737874832,1574.7190607097598,1574.7190607097598,0.5764376200282899,0.5764376200282899
    303.00,         Rupelian,   18.3367,   86.4819,       271,,,0.893524,            Slt,3,3,21.2,3,3,9.6,3,3,30.9,3,1.4196512488669442,1.4196512488669442,1574.8214951039013,1574.8214951039013,0.5731109198304969,0.5731109198304969
    303.25,         Rupelian,     18.34,   86.4819,       268,,,0.908594,            Slt,3,3,21.2,3,3,9.6,3,3,30.9,3,1.3926068582374704,1.3926068582374704,1575.1544013621958,1575.1544013621958,0.5622993235439451,0.5622993235439451
    303.50,         Rupelian,     18.36,   87.6875,       266,,,0.908594,            Slt,3,3,21.2,3,3,9.6,3,3,30.9,3,1.3926068582374704,1.3926068582374704,1575.1544013621958,1575.1544013621958,0.5622993235439451,0.5622993235439451
    303.75,         Rupelian,     18.37,   91.4927,       268,,,0.956159,            Slt,3,3,21.2,3,3,9.6,3,3,30.9,3,1.3072474395054918,1.3072474395054918,1576.2051436432698,1576.2051436432698,0.5281749985691716,0.5281749985691716
    304.00,         Rupelian,     18.39,   93.3228,       272,,,0.979035,            Slt,3,3,21.2,3,3,9.6,3,3,30.9,3,1.266194521121959,1.266194521121959,1576.7104895997893,1576.7104895997893,0.5117631819367124,0.5117631819367124
    304.25,         Rupelian,      18.4,   85.3399,       269,,,0.879249,            Slt,3,3,21.2,3,3,9.6,3,3,30.9,3,1.4452689447020959,1.4452689447020959,1574.5061509209447,1574.5061509209447,0.5833521631609898,0.5833521631609898
    304.50,         Rupelian,     18.41,   83.5815,       267,,,0.857269,            Slt,3,3,21.2,3,3,9.6,3,3,30.9,3,1.4847139152419653,1.4847139152419653,1574.0205981965044,1574.0205981965044,0.5991211669020919,0.5991211669020919
    304.75,         Rupelian,     18.42,   83.5815,       270,,,0.875058,            Slt,3,3,21.2,3,3,9.6,3,3,30.9,3,1.452790048957446,1.452790048957446,1574.4135689615212,1574.4135689615212,0.5863588917633082,0.5863588917633082
    305.00,         Rupelian,     18.43,   85.0046,       267,,,0.875058,            Slt,3,3,21.2,3,3,9.6,3,3,30.9,3,1.452790048957446,1.452790048957446,1574.4135689615212,1574.4135689615212,0.5863588917633082,0.5863588917633082
    305.25,         Rupelian,     18.45,   86.5975,       270,,,0.894968,            Slt,3,3,21.2,3,3,9.6,3,3,30.9,3,1.4170598686367544,1.4170598686367544,1574.8533940181003,1574.8533940181003,0.5720749579832654,0.5720749579832654
    305.50,         Rupelian,   18.4675,   85.7249,       269,,,0.884062,            Slt,3,3,21.2,3,3,9.6,3,3,30.9,3,1.4366316087963455,1.4366316087963455,1574.6124732713874,1574.6124732713874,0.5798991961452516,0.5798991961452516
    305.75,         Rupelian,     18.47,    83.882,       272,,,0.861025,            Slt,3,3,21.2,3,3,9.6,3,3,30.9,3,1.4779734553080366,1.4779734553080366,1574.1035707184787,1574.1035707184787,0.5964265182191265,0.5964265182191265
    306.00,         Rupelian,   18.4833,    85.399,       270,,,0.879987,            Slt,3,3,21.2,3,3,9.6,3,3,30.9,3,1.44394454123265,1.44394454123265,1574.522453828617,1574.522453828617,0.5828227034357426,0.5828227034357426
    306.25,         Rupelian,      18.5,    85.399,       267,,,0.828291,            Slt,3,3,21.2,3,3,9.6,3,3,30.9,3,1.5367173891411616,1.5367173891411616,1573.3804550277678,1573.3804550277678,0.6199107115067168,0.6199107115067168
    306.50,         Rupelian,     18.51,   81.2633,       272,,,0.828291,            Slt,3,3,21.2,3,3,9.6,3,3,30.9,3,1.5367173891411616,1.5367173891411616,1573.3804550277678,1573.3804550277678,0.6199107115067168,0.6199107115067168
    306.75,         Rupelian,     18.52,   80.6311,       273,,,0.820388,            Slt,3,3,21.2,3,3,9.6,3,3,30.9,3,1.5508999916059745,1.5508999916059745,1573.205872535445,1573.205872535445,0.6255805220875145,0.6255805220875145
    307.00,         Rupelian,   18.5375,   81.1769,       268,,,0.827211,            Slt,3,3,21.2,3,3,9.6,3,3,30.9,3,1.538655540559863,1.538655540559863,1573.3565971141009,1573.3565971141009,0.6206855306168347,0.6206855306168347
    307.25,         Rupelian,     18.55,    77.603,       267,,,0.782538,            Slt,3,3,21.2,3,3,9.6,3,3,30.9,3,1.6188250204928745,1.6188250204928745,1572.369741024068,1572.369741024068,0.6527350621967372,0.6527350621967372
    307.50,         Rupelian,     18.56,   76.3804,       266,,,0.767255,            Slt,3,3,21.2,3,3,9.6,3,3,30.9,3,1.6462516576521475,1.6462516576521475,1572.0321294550224,1572.0321294550224,0.6636994700300066,0.6636994700300066
    307.75,         Rupelian,     18.57,   76.3804,       273,,,0.81601,            Slt,3,3,21.2,3,3,9.6,3,3,30.9,3,1.5587566831903035,1.5587566831903035,1573.1091596224514,1573.1091596224514,0.6287214091838995,0.6287214091838995
    308.00,         Rupelian,     18.58,   80.2808,       278,,,0.81601,            Slt,3,3,21.2,3,3,9.6,3,3,30.9,3,1.5587566831903035,1.5587566831903035,1573.1091596224514,1573.1091596224514,0.6287214091838995,0.6287214091838995
    308.25,         Rupelian,      18.6,    84.226,       271,,,0.865324,            Slt,3,3,21.2,3,3,9.6,3,3,30.9,3,1.4702585359108167,1.4702585359108167,1574.1985384692691,1574.1985384692691,0.5933423077057963,0.5933423077057963
    308.50,         Rupelian,   18.6067,   82.1504,       270,,,0.83938,            Slt,3,3,21.2,3,3,9.6,3,3,30.9,3,1.5168172399911792,1.5168172399911792,1573.6254183654073,1573.6254183654073,0.6119551845510717,0.6119551845510717
    308.75,         Rupelian,     18.62,   76.6685,       263,,,0.770857,            Slt,3,3,21.2,3,3,9.6,3,3,30.9,3,1.6397875637538486,1.6397875637538486,1572.1117000152333,1572.1117000152333,0.6611153048127433,0.6611153048127433
    309.00,         Rupelian,     18.63,   75.8792,       271,,,0.76099,            Slt,3,3,21.2,3,3,9.6,3,3,30.9,3,1.657494730465263,1.657494730465263,1571.8937314650943,1571.8937314650943,0.668194138293792,0.668194138293792
    309.25,         Rupelian,     18.65,   75.8792,       269,,,0.745454,            Slt,3,3,21.2,3,3,9.6,3,3,30.9,3,1.6853753975402137,1.6853753975402137,1571.5505309588657,1571.5505309588657,0.6793400546778577,0.6793400546778577
    309.50,         Rupelian,     18.66,   74.6363,       274,,,0.745454,            Slt,3,3,21.2,3,3,9.6,3,3,30.9,3,1.6853753975402137,1.6853753975402137,1571.5505309588657,1571.5505309588657,0.6793400546778577,0.6793400546778577
    309.75,         Rupelian,     18.67,   72.4317,       269,,,0.717897,            Slt,3,3,21.2,3,3,9.6,3,3,30.9,3,1.7348287666561,1.7348287666561,1570.9417786191295,1570.9417786191295,0.6991101382125962,0.6991101382125962
    310.00,         Rupelian,     18.68,   73.4009,       271,,,0.730011,            Slt,3,3,21.2,3,3,9.6,3,3,30.9,3,1.713089168242998,1.713089168242998,1571.2093848840918,1571.2093848840918,0.690419250527441,0.690419250527441
    310.25,         Rupelian,   18.6975,   77.0726,       272,,,0.775907,            Slt,3,3,21.2,3,3,9.6,3,3,30.9,3,1.630724911286772,1.630724911286772,1572.2232578522862,1572.2232578522862,0.6574923080478403,0.6574923080478403
    310.50,         Rupelian,     18.71,   76.9497,       268,,,0.774372,            Slt,3,3,21.2,3,3,9.6,3,3,30.9,3,1.633479598719834,1.633479598719834,1572.1893486879544,1572.1893486879544,0.6585935555793505,0.6585935555793505
    310.75,         Rupelian,     18.72,   76.9497,       266,,,0.776273,            Slt,3,3,21.2,3,3,9.6,3,3,30.9,3,1.63006809330599,1.63006809330599,1572.23134303414,1572.23134303414,0.6572297304605226,0.6572297304605226
    311.00,         Rupelian,   18.7367,   77.1018,       273,,,0.776273,            Slt,3,3,21.2,3,3,9.6,3,3,30.9,3,1.63006809330599,1.63006809330599,1572.23134303414,1572.23134303414,0.6572297304605226,0.6572297304605226
    311.25,         Rupelian,     18.75,   80.6703,       270,,,0.820878,            Slt,3,3,21.2,3,3,9.6,3,3,30.9,3,1.550020645128971,1.550020645128971,1573.2166969592383,1573.2166969592383,0.6252289837875535,0.6252289837875535
    311.50,         Rupelian,   18.7533,   79.9986,       268,,,0.812483,            Slt,3,3,21.2,3,3,9.6,3,3,30.9,3,1.5650861832400815,1.5650861832400815,1573.0312458618007,1573.0312458618007,0.631251767518516,0.631251767518516
    311.75,         Rupelian,     18.77,    82.655,       272,,,0.845687,            Slt,3,3,21.2,3,3,9.6,3,3,30.9,3,1.505498794622892,1.505498794622892,1573.764744163089,1573.764744163089,0.6074303844330039,0.6074303844330039
    312.00,         Rupelian,     18.78,   87.0568,       270,,,0.90071,            Slt,3,3,21.2,3,3,9.6,3,3,30.9,3,1.4067553635939913,1.4067553635939913,1574.9802385924286,1574.9802385924286,0.5679555030478054,0.5679555030478054
    312.25,         Rupelian,     18.81,   87.0568,       274,,,0.898841,            Slt,3,3,21.2,3,3,9.6,3,3,30.9,3,1.4101094422991332,1.4101094422991332,1574.9389511473885,1574.9389511473885,0.5692963705633705,0.5692963705633705
    312.50,         Rupelian,     18.82,   86.9073,       272,,,0.898841,            Slt,3,3,21.2,3,3,9.6,3,3,30.9,3,1.4101094422991332,1.4101094422991332,1574.9389511473885,1574.9389511473885,0.5692963705633705,0.5692963705633705
    312.75,         Rupelian,     18.83,   80.4753,       266,,,0.818441,            Slt,3,3,21.2,3,3,9.6,3,3,30.9,3,1.554394047913578,1.554394047913578,1573.1628620188624,1573.1628620188624,0.6269773487610325,0.6269773487610325
    313.00,         Rupelian,     18.84,   79.0901,       268,,,0.801127,            Slt,3,3,21.2,3,3,9.6,3,3,30.9,3,1.5854654864907982,1.5854654864907982,1572.7803843177269,1572.7803843177269,0.6393988469763846,0.6393988469763846
    313.25,         Rupelian,     18.86,   78.6984,       272,,,0.79623,            Slt,3,3,21.2,3,3,9.6,3,3,30.9,3,1.594253567506892,1.594253567506892,1572.6722063517768,1572.6722063517768,0.6429120777006876,0.6429120777006876
    313.50,         Rupelian,     18.87,   76.4358,       269,,,0.767947,            Slt,3,3,21.2,3,3,9.6,3,3,30.9,3,1.6450098050764608,1.6450098050764608,1572.0474161922978,1572.0474161922978,0.6632030118594496,0.6632030118594496
    313.75,         Rupelian,     18.89,   76.4358,       267,,,0.801254,            Slt,3,3,21.2,3,3,9.6,3,3,30.9,3,1.5852375742406362,1.5852375742406362,1572.7831898316488,1572.7831898316488,0.6393077339884357,0.6393077339884357
    314.00,         Rupelian,   18.8925,   79.1004,       268,,,0.801254,            Slt,3,3,21.2,3,3,9.6,3,3,30.9,3,1.5852375742406362,1.5852375742406362,1572.7831898316488,1572.7831898316488,0.6393077339884357,0.6393077339884357
    314.25,         Rupelian,     18.91,   81.0058,       269,,,0.825072,            Slt,3,3,21.2,3,3,9.6,3,3,30.9,3,1.5424941571196802,1.5424941571196802,1573.3093451906443,1573.3093451906443,0.6222201029099292,0.6222201029099292
    314.50,         Rupelian,     18.92,   77.9134,       274,,,0.786418,            Slt,3,3,21.2,3,3,9.6,3,3,30.9,3,1.6118620320627246,1.6118620320627246,1572.455452787982,1572.455452787982,0.6499514528011286,0.6499514528011286
    314.75,         Rupelian,     18.93,   72.4348,       273,,,0.717935,            Slt,3,3,21.2,3,3,9.6,3,3,30.9,3,1.734760572439516,1.734760572439516,1570.9426180642402,1570.9426180642402,0.6990828760587217,0.6990828760587217
    315.00,         Rupelian,     18.95,   72.7973,       272,,,0.722466,            Slt,3,3,21.2,3,3,9.6,3,3,30.9,3,1.7266293094042042,1.7266293094042042,1571.0427108483366,1571.0427108483366,0.6958322229217365,0.6958322229217365
    315.25,         Rupelian,     18.96,   72.7973,       269,,,0.734257,            Slt,3,3,21.2,3,3,9.6,3,3,30.9,3,1.705469361832066,1.705469361832066,1571.3031818298596,1571.3031818298596,0.6873730635445147,0.6873730635445147
    315.50,         Rupelian,     18.98,   73.7406,       267,,,0.734257,            Slt,3,3,21.2,3,3,9.6,3,3,30.9,3,1.705469361832066,1.705469361832066,1571.3031818298596,1571.3031818298596,0.6873730635445147,0.6873730635445147
    315.75,         Rupelian,     18.99,   74.6303,       269,,,0.745378,            Slt,3,3,21.2,3,3,9.6,3,3,30.9,3,1.6855117859733815,1.6855117859733815,1571.548852068645,1571.548852068645,0.6793945789856068,0.6793945789856068
    316.00,         Rupelian,        19,   78.5362,       265,,,0.794202,            Slt,3,3,21.2,3,3,9.6,3,3,30.9,3,1.5978929851708983,1.5978929851708983,1572.627406491669,1572.627406491669,0.6443670158074645,0.6443670158074645
    316.25,         Rupelian,     19.01,   80.7045,       276,,,0.821307,            Slt,3,3,21.2,3,3,9.6,3,3,30.9,3,1.5492507683154313,1.5492507683154313,1573.2261738527227,1573.2261738527227,0.6249212084188123,0.6249212084188123
    316.50,         Rupelian,     19.03,    80.444,       268,,,0.81805,            Slt,3,3,21.2,3,3,9.6,3,3,30.9,3,1.5550957305105337,1.5550957305105337,1573.1542245704886,1573.1542245704886,0.6272578619758992,0.6272578619758992
    316.75,         Rupelian,   19.0433,    80.444,       268,,,0.76392,            Slt,3,3,21.2,3,3,9.6,3,3,30.9,3,1.6522365974497117,1.6522365974497117,1571.958457101246,1571.958457101246,0.6660920827450465,0.6660920827450465
    317.00,         Rupelian,     19.05,   76.1136,       267,,,0.76392,            Slt,3,3,21.2,3,3,9.6,3,3,30.9,3,1.6522365974497117,1.6522365974497117,1571.958457101246,1571.958457101246,0.6660920827450465,0.6660920827450465
    317.25,         Rupelian,     19.06,   71.3324,       267,,,0.704155,            Slt,3,3,21.2,3,3,9.6,3,3,30.9,3,1.7594899488744296,1.7594899488744296,1570.6382087583806,1570.6382087583806,0.7089689939637439,0.7089689939637439
    317.50,         Rupelian,     19.07,   70.5659,       269,,,0.694574,            Slt,3,3,21.2,3,3,9.6,3,3,30.9,3,1.7766838643768175,1.7766838643768175,1570.4265581372315,1570.4265581372315,0.7158426438656319,0.7158426438656319
    317.75,         Rupelian,     19.09,   69.8171,       273,,,0.685213,            Slt,3,3,21.2,3,3,9.6,3,3,30.9,3,1.7934829712568776,1.7934829712568776,1570.2197674614586,1570.2197674614586,0.7225584602450885,0.7225584602450885
    318.00,         Rupelian,      19.1,    71.881,       270,,,0.711013,            Slt,3,3,21.2,3,3,9.6,3,3,30.9,3,1.747182687365675,1.747182687365675,1570.7897065101647,1570.7897065101647,0.7040488926144955,0.7040488926144955
    318.25,         Rupelian,     19.12,    71.881,       269,,,0.77417,            Slt,3,3,21.2,3,3,9.6,3,3,30.9,3,1.633842104818517,1.633842104818517,1572.1848863744722,1572.1848863744722,0.6587384754499466,0.6587384754499466
    318.50,         Rupelian,     19.13,   76.9336,       267,,,0.77417,            Slt,3,3,21.2,3,3,9.6,3,3,30.9,3,1.633842104818517,1.633842104818517,1572.1848863744722,1572.1848863744722,0.6587384754499466,0.6587384754499466
    318.75,         Rupelian,     19.14,   79.9001,       269,,,0.811251,            Slt,3,3,21.2,3,3,9.6,3,3,30.9,3,1.5672971115251184,1.5672971115251184,1573.004030167692,1573.004030167692,0.6321356352441317,0.6321356352441317
    319.00,         Rupelian,     19.16,   77.3856,       270,,,0.779821,            Slt,3,3,21.2,3,3,9.6,3,3,30.9,3,1.6237009069786261,1.6237009069786261,1572.3097206986674,1572.3097206986674,0.6546843061987652,0.6546843061987652
    319.25,         Rupelian,     19.17,   76.1841,       268,,,0.764801,            Slt,3,3,21.2,3,3,9.6,3,3,30.9,3,1.6506555683757527,1.6506555683757527,1571.977918973413,1571.977918973413,0.6654600312302189,0.6654600312302189
    319.50,         Rupelian,     19.18,   74.2198,       268,,,0.740248,            Slt,3,3,21.2,3,3,9.6,3,3,30.9,3,1.6947180052122135,1.6947180052122135,1571.4355269787277,1571.4355269787277,0.6830749697586666,0.6830749697586666
    319.75,         Rupelian,   19.1967,   74.2198,       270,,,0.697901,            Slt,3,3,21.2,3,3,9.6,3,3,30.9,3,1.7707132812564288,1.7707132812564288,1570.5000537657215,1570.5000537657215,0.7134557705514077,0.7134557705514077
    320.00,         Rupelian,     19.21,    70.832,       268,,,0.697901,            Slt,3,3,21.2,3,3,9.6,3,3,30.9,3,1.7707132812564288,1.7707132812564288,1570.5000537657215,1570.5000537657215,0.7134557705514077,0.7134557705514077
    320.25,         Rupelian,     19.23,   67.9361,       265,,,0.661702,            Slt,3,3,21.2,3,3,9.6,3,3,30.9,3,1.835675450891221,1.835675450891221,1569.7003939353297,1569.7003939353297,0.739425841817293,0.739425841817293
    320.50,         Rupelian,     19.24,   69.4371,       267,,,0.680463,            Slt,3,3,21.2,3,3,9.6,3,3,30.9,3,1.8020072483298701,1.8020072483298701,1570.1148368226463,1570.1148368226463,0.7259662294794031,0.7259662294794031
    320.75,         Rupelian,     19.25,   69.6456,       266,,,0.68307,            Slt,3,3,21.2,3,3,9.6,3,3,30.9,3,1.7973287661552826,1.7973287661552826,1570.1724271753587,1570.1724271753587,0.7240959022385909,0.7240959022385909
    321.00,         Rupelian,     19.26,   67.7998,       265,,,0.659998,            Slt,3,3,21.2,3,3,9.6,3,3,30.9,3,1.8387334231296169,1.8387334231296169,1569.662751449322,1569.662751449322,0.7406483341910344,0.7406483341910344
    321.25,         Rupelian,     19.27,   67.7998,       270,,,0.648354,            Slt,3,3,21.2,3,3,9.6,3,3,30.9,3,1.859629566758654,1.859629566758654,1569.405527794937,1569.405527794937,0.749002032078268,0.749002032078268
    321.50,         Rupelian,    19.285,   66.8683,       268,,,0.648354,            Slt,3,3,21.2,3,3,9.6,3,3,30.9,3,1.859629566758654,1.859629566758654,1569.405527794937,1569.405527794937,0.749002032078268,0.749002032078268
    321.75,         Rupelian,      19.3,   67.8519,       269,,,0.660649,            Slt,3,3,21.2,3,3,9.6,3,3,30.9,3,1.8375651485244548,1.8375651485244548,1569.6771324695044,1569.6771324695044,0.7401812904496579,0.7401812904496579
    322.00,         Rupelian,     19.31,   69.8328,       270,,,0.68541,            Slt,3,3,21.2,3,3,9.6,3,3,30.9,3,1.7931294380814293,1.7931294380814293,1570.2241193216366,1570.2241193216366,0.7224171275000022,0.7224171275000022
    322.25,         Rupelian,     19.32,   71.6372,       272,,,0.707964,            Slt,3,3,21.2,3,3,9.6,3,3,30.9,3,1.7526543759542128,1.7526543759542128,1570.7223520853777,1570.7223520853777,0.7062363217503745,0.7062363217503745
    322.50,         Rupelian,     19.33,   75.7501,       267,,,0.759376,            Slt,3,3,21.2,3,3,9.6,3,3,30.9,3,1.6603911900854336,1.6603911900854336,1571.858077138559,1571.858077138559,0.6693520624083571,0.6693520624083571
    322.75,         Rupelian,     19.34,   75.7501,       270,,,0.794578,            Slt,3,3,21.2,3,3,9.6,3,3,30.9,3,1.5972182213436465,1.5972182213436465,1572.635712580131,1572.635712580131,0.644097263969127,0.644097263969127
    323.00,         Rupelian,     19.36,   78.5663,       266,,,0.794578,            Slt,3,3,21.2,3,3,9.6,3,3,30.9,3,1.5972182213436465,1.5972182213436465,1572.635712580131,1572.635712580131,0.644097263969127,0.644097263969127
    323.25,         Rupelian,     19.37,    76.455,       267,,,0.768187,            Slt,3,3,21.2,3,3,9.6,3,3,30.9,3,1.644579104761194,1.644579104761194,1572.0527179508904,1572.0527179508904,0.6630308298349791,0.6630308298349791
    323.50,         Rupelian,   19.3767,   70.8997,       266,,,0.698746,            Slt,3,3,21.2,3,3,9.6,3,3,30.9,3,1.7691968572297596,1.7691968572297596,1570.5187203740998,1570.5187203740998,0.7128495463402508,0.7128495463402508
    323.75,         Rupelian,     19.39,   72.0668,       271,,,0.713335,            Slt,3,3,21.2,3,3,9.6,3,3,30.9,3,1.7430156618154666,1.7430156618154666,1570.8410010245482,1570.8410010245482,0.7023830315277421,0.7023830315277421
    324.00,         Rupelian,     19.41,   75.5884,       273,,,0.757355,            Slt,3,3,21.2,3,3,9.6,3,3,30.9,3,1.6640180456569111,1.6640180456569111,1571.813431913077,1571.813431913077,0.6708019785394203,0.6708019785394203
    324.25,         Rupelian,     19.42,   75.5884,       266,,,0.757355,            Slt,3,3,21.2,3,3,9.6,3,3,30.9,3,1.6640180456569111,1.6640180456569111,1571.813431913077,1571.813431913077,0.6708019785394203,0.6708019785394203
    324.50,         Rupelian,     19.43,   74.7956,       269,,,0.747445,            Slt,3,3,21.2,3,3,9.6,3,3,30.9,3,1.6818023795081445,1.6818023795081445,1571.5945134645237,1571.5945134645237,0.6779116612998535,0.6779116612998535
    324.75,         Rupelian,     19.43,   76.0453,       269,,,0.763066,            Slt,3,3,21.2,3,3,9.6,3,3,30.9,3,1.6537691727382036,1.6537691727382036,1571.9395916769206,1571.9395916769206,0.6667047637821212,0.6667047637821212
    325.00,         Rupelian,     19.46,   77.4909,       267,,,0.781136,            Slt,3,3,21.2,3,3,9.6,3,3,30.9,3,1.6213410281678924,1.6213410281678924,1572.3387699176228,1572.3387699176228,0.6537408921896863,0.6537408921896863
    325.25,         Rupelian,   19.4667,   72.3639,       272,,,0.717049,            Slt,3,3,21.2,3,3,9.6,3,3,30.9,3,1.7363505744367098,1.7363505744367098,1570.923045738769,1570.923045738769,0.6997185146990591,0.6997185146990591
    325.50,         Rupelian,     19.48,   71.6971,       266,,,0.708713,            Slt,3,3,21.2,3,3,9.6,3,3,30.9,3,1.7513102320536504,1.7513102320536504,1570.738897990319,1570.738897990319,0.7056989703490057,0.7056989703490057
    325.75,         Rupelian,     19.49,   71.6971,       263,,,0.708713,            Slt,3,3,21.2,3,3,9.6,3,3,30.9,3,1.7513102320536504,1.7513102320536504,1570.738897990319,1570.738897990319,0.7056989703490057,0.7056989703490057
    326.00,         Rupelian,      19.5,   74.3077,       270,,,0.741346,            Slt,3,3,21.2,3,3,9.6,3,3,30.9,3,1.692747551269867,1.692747551269867,1571.4597825242888,1571.4597825242888,0.6822872369967135,0.6822872369967135
    326.25,         Rupelian,     19.51,   74.6908,       270,,,0.746135,            Slt,3,3,21.2,3,3,9.6,3,3,30.9,3,1.6841532853956436,1.6841532853956436,1571.5655746988723,1571.5655746988723,0.6788514881834223,0.6788514881834223
    326.50,         Rupelian,     19.52,   77.3547,       272,,,0.779434,            Slt,3,3,21.2,3,3,9.6,3,3,30.9,3,1.6243954112369943,1.6243954112369943,1572.301171612937,1572.301171612937,0.6549619497132241,0.6549619497132241
    326.75,         Rupelian,     19.53,   79.8257,       266,,,0.810322,            Slt,3,3,21.2,3,3,9.6,3,3,30.9,3,1.5689642806621313,1.5689642806621313,1572.9835079438064,1572.9835079438064,0.6328021231638535,0.6328021231638535
    327.00,         Rupelian,     19.55,   80.9864,       266,,,0.82483,            Slt,3,3,21.2,3,3,9.6,3,3,30.9,3,1.5429284466042412,1.5429284466042412,1573.30399925073,1573.30399925073,0.6223937197846038,0.6223937197846038
    327.25,         Rupelian,     19.55,   80.9864,       277,,,0.82483,            Slt,3,3,21.2,3,3,9.6,3,3,30.9,3,1.5429284466042412,1.5429284466042412,1573.30399925073,1573.30399925073,0.6223937197846038,0.6223937197846038
    327.50,         Rupelian,     19.57,   80.5398,       264,,,0.819247,            Slt,3,3,21.2,3,3,9.6,3,3,30.9,3,1.5529476126881399,1.5529476126881399,1573.1806670914693,1573.1806670914693,0.6263991041288519,0.6263991041288519
    327.75,         Rupelian,     19.58,   78.2253,       269,,,0.790316,            Slt,3,3,21.2,3,3,9.6,3,3,30.9,3,1.6048667411089297,1.6048667411089297,1572.5415621837903,1572.5415621837903,0.6471549297536847,0.6471549297536847
    328.00,         Rupelian,     19.59,   74.9105,       269,,,0.748882,            Slt,3,3,21.2,3,3,9.6,3,3,30.9,3,1.6792235613704831,1.6792235613704831,1571.626257744097,1571.626257744097,0.6768807214283356,0.6768807214283356
    328.25,         Rupelian,      19.6,   76.6201,       267,,,0.770252,            Slt,3,3,21.2,3,3,9.6,3,3,30.9,3,1.6408732874652507,1.6408732874652507,1572.0983351654477,1572.0983351654477,0.6615493469994296,0.6615493469994296
    328.50,         Rupelian,     19.61,   73.7835,       266,,,0.734794,            Slt,3,3,21.2,3,3,9.6,3,3,30.9,3,1.7045056698766563,1.7045056698766563,1571.3150445147105,1571.3150445147105,0.6869878062647617,0.6869878062647617
    328.75,         Rupelian,     19.62,   73.7835,       265,,,0.734794,            Slt,3,3,21.2,3,3,9.6,3,3,30.9,3,1.7045056698766563,1.7045056698766563,1571.3150445147105,1571.3150445147105,0.6869878062647617,0.6869878062647617
    329.00,         Rupelian,   19.6325,    72.448,       269,,,0.718099,            Slt,3,3,21.2,3,3,9.6,3,3,30.9,3,1.7344662605574168,1.7344662605574168,1570.9462409326118,1570.9462409326118,0.6989652183420001,0.6989652183420001
    329.25,         Rupelian,     19.65,   67.4147,       267,,,0.655184,            Slt,3,3,21.2,3,3,9.6,3,3,30.9,3,1.847372553620014,1.847372553620014,1569.5564070082185,1569.5564070082185,0.7441020186318745,0.7441020186318745
    329.50,         Rupelian,   19.6525,   65.7524,       267,,,0.634405,            Slt,3,3,21.2,3,3,9.6,3,3,30.9,3,1.8846622279989014,1.8846622279989014,1569.097385167402,1569.097385167402,0.7590093948255214,0.7590093948255214
    329.75,         Rupelian,     19.67,    68.135,       265,,,0.664187,            Slt,3,3,21.2,3,3,9.6,3,3,30.9,3,1.8312159080435606,1.8312159080435606,1569.7552892274239,1569.7552892274239,0.7376430404389199,0.7376430404389199
    330.00,         Rupelian,     19.69,   69.8279,       266,,,0.685348,            Slt,3,3,21.2,3,3,9.6,3,3,30.9,3,1.7932407023295398,1.7932407023295398,1570.222749700667,1570.222749700667,0.7224616078563239,0.7224616078563239
    330.25,         Rupelian,      19.7,   69.8279,       267,,,0.685348,            Slt,3,3,21.2,3,3,9.6,3,3,30.9,3,1.7932407023295398,1.7932407023295398,1570.222749700667,1570.222749700667,0.7224616078563239,0.7224616078563239
    330.50,         Rupelian,     19.72,   75.5209,       264,,,0.756511,            Slt,3,3,21.2,3,3,9.6,3,3,30.9,3,1.6655326750989334,1.6655326750989334,1571.7947873953597,1571.7947873953597,0.6714074853254752,0.6714074853254752
    330.75,         Rupelian,     19.73,   77.7506,       266,,,0.784382,            Slt,3,3,21.2,3,3,9.6,3,3,30.9,3,1.6155158064039061,1.6155158064039061,1572.410476202588,1572.410476202588,0.6514121303087211,0.6514121303087211
    331.00,         Rupelian,     19.75,   77.5607,       267,,,0.782009,            Slt,3,3,21.2,3,3,9.6,3,3,30.9,3,1.6197743557711088,1.6197743557711088,1572.3580550645036,1572.3580550645036,0.6531145800756746,0.6531145800756746
    331.25,         Rupelian,     19.76,   78.4471,       264,,,0.793089,            Slt,3,3,21.2,3,3,9.6,3,3,30.9,3,1.5998903578829486,1.5998903578829486,1572.602819586196,1572.602819586196,0.6451655099459469,0.6451655099459469
    331.50,         Rupelian,     19.77,    74.153,       266,,,0.739413,            Slt,3,3,21.2,3,3,9.6,3,3,30.9,3,1.6962164833924134,1.6962164833924134,1571.4170812769576,1571.4170812769576,0.683674019718804,0.683674019718804
    331.75,         Rupelian,     19.79,    74.153,       266,,,0.739413,            Slt,3,3,21.2,3,3,9.6,3,3,30.9,3,1.6962164833924134,1.6962164833924134,1571.4170812769576,1571.4170812769576,0.683674019718804,0.683674019718804
    332.00,         Rupelian,      19.8,   71.4953,       268,,,0.706191,            Slt,3,3,21.2,3,3,9.6,3,3,30.9,3,1.7558361745332478,1.7558361745332478,1570.6831853437748,1570.6831853437748,0.7075083164561513,0.7075083164561513
    332.25,         Rupelian,     19.82,   72.4051,       269,,,0.717564,            Slt,3,3,21.2,3,3,9.6,3,3,30.9,3,1.735426363343533,1.735426363343533,1570.9344224290824,1570.9344224290824,0.6993490407715492,0.6993490407715492
    332.50,         Rupelian,     19.83,   74.6689,       271,,,0.745861,            Slt,3,3,21.2,3,3,9.6,3,3,30.9,3,1.6846450015889067,1.6846450015889067,1571.5595218578123,1571.5595218578123,0.6790480626613596,0.6790480626613596
    332.75,         Rupelian,     19.85,   75.3087,       266,,,0.753859,            Slt,3,3,21.2,3,3,9.6,3,3,30.9,3,1.670291913582634,1.670291913582634,1571.7362029629114,1571.7362029629114,0.6733100966958758,0.6733100966958758
    333.00,         Rupelian,     19.86,   78.0482,     188.5,,,0.788102,            Slt,3,3,21.2,3,3,9.6,3,3,30.9,3,1.6088399515172678,1.6088399515172678,1572.4926534607735,1572.4926534607735,0.6487433089294263,0.6487433089294263
    333.25,         Rupelian,    19.875,   78.0482,       187,,,0.788102,            Slt,3,3,21.2,3,3,9.6,3,3,30.9,3,1.6088399515172678,1.6088399515172678,1572.4926534607735,1572.4926534607735,0.6487433089294263,0.6487433089294263
    333.50,         Rupelian,     19.89,   79.6586,     187.5,,,0.808232,            Slt,3,3,21.2,3,3,9.6,3,3,30.9,3,1.5727149625742483,1.5727149625742483,1572.937338462729,1572.937338462729,0.6343015416269521,0.6343015416269521
    333.75,         Rupelian,      19.9,   79.5234,     188.5,,,0.806543,            Slt,3,3,21.2,3,3,9.6,3,3,30.9,3,1.5757460160429395,1.5757460160429395,1572.9000273366335,1572.9000273366335,0.635513272624164,0.635513272624164
    334.00,         Rupelian,     19.91,   79.3359,       189,,,0.804199,            Slt,3,3,21.2,3,3,9.6,3,3,30.9,3,1.5799525224553805,1.5799525224553805,1572.8482468277123,1572.8482468277123,0.6371949170631606,0.6371949170631606
    334.25,         Rupelian,     19.93,   79.5929,     188.5,,,0.807411,            Slt,3,3,21.2,3,3,9.6,3,3,30.9,3,1.5741883165693906,1.5741883165693906,1572.9192020302103,1572.9192020302103,0.634890547635662,0.634890547635662
    334.50,         Rupelian,     19.94,   80.5041,     187.5,,,0.818801,            Slt,3,3,21.2,3,3,9.6,3,3,30.9,3,1.5537479974406776,1.5537479974406776,1573.1708146567514,1573.1708146567514,0.6267190757243265,0.6267190757243265
    334.75,         Rupelian,     19.95,   80.5041,       187,,,0.818801,            Slt,3,3,21.2,3,3,9.6,3,3,30.9,3,1.5537479974406776,1.5537479974406776,1573.1708146567514,1573.1708146567514,0.6267190757243265,0.6267190757243265
    335.00,         Rupelian,     19.97,   77.0994,       264,,,0.776242,            Slt,3,3,21.2,3,3,9.6,3,3,30.9,3,1.6301237254300454,1.6301237254300454,1572.2306582236552,1572.2306582236552,0.6572519706386835,0.6572519706386835
    335.25,         Rupelian,     19.98,   79.7888,       264,,,0.80986,            Slt,3,3,21.2,3,3,9.6,3,3,30.9,3,1.5697933787690201,1.5697933787690201,1572.9733020585156,1572.9733020585156,0.6331335735609595,0.6331335735609595
    335.50,         Rupelian,     19.99,   80.5393,       263,,,0.819241,            Slt,3,3,21.2,3,3,9.6,3,3,30.9,3,1.5529583801960214,1.5529583801960214,1573.1805345475045,1573.1805345475045,0.6264034086794636,0.6264034086794636
    335.75,         Rupelian,   20.0218,   78.2966,       271,,,0.791208,            Slt,3,3,21.2,3,3,9.6,3,3,30.9,3,1.603265971603854,1.603265971603854,1572.5612670532262,1572.5612670532262,0.6465149865627355,0.6465149865627355
    336.00,         Rupelian,     20.03,   78.3085,       260,,,0.791356,            Slt,3,3,21.2,3,3,9.6,3,3,30.9,3,1.603000373076106,1.603000373076106,1572.5645364710251,1572.5645364710251,0.6464088076476453,0.6464088076476453
    336.25,         Rupelian,     20.04,   78.3085,       264,,,0.791356,            Slt,3,3,21.2,3,3,9.6,3,3,30.9,3,1.603000373076106,1.603000373076106,1572.5645364710251,1572.5645364710251,0.6464088076476453,0.6464088076476453
    336.50,         Rupelian,   20.0533,   81.6609,       266,,,0.833261,            Slt,3,3,21.2,3,3,9.6,3,3,30.9,3,1.5277983034458407,1.5277983034458407,1573.4902456119564,1573.4902456119564,0.6163451087499708,0.6163451087499708
    336.75,         Rupelian,     20.07,   80.1826,       266,,,0.814783,            Slt,3,3,21.2,3,3,9.6,3,3,30.9,3,1.560958638552106,1.560958638552106,1573.0820543816467,1573.0820543816467,0.6296016897840057,0.6296016897840057
    337.00,         Rupelian,   20.0775,   76.0999,       269,,,0.763749,            Slt,3,3,21.2,3,3,9.6,3,3,30.9,3,1.6525434714243397,1.6525434714243397,1571.9546795982487,1571.9546795982487,0.6662147624374818,0.6662147624374818
    337.25,         Rupelian,     20.08,   74.2071,       276,,,0.740089,            Slt,3,3,21.2,3,3,9.6,3,3,30.9,3,1.695003344171078,1.695003344171078,1571.43201456366,1571.43201456366,0.6831890403498784,0.6831890403498784
    337.50,         Rupelian,      20.1,   74.1108,       287,,,0.738885,            Slt,3,3,21.2,3,3,9.6,3,3,30.9,3,1.6971640240860006,1.6971640240860006,1571.4054174080538,1571.4054174080538,0.6840528201726394,0.6840528201726394
    337.75,         Rupelian,     20.11,   74.1108,       269,,,0.738885,            Slt,3,3,21.2,3,3,9.6,3,3,30.9,3,1.6971640240860006,1.6971640240860006,1571.4054174080538,1571.4054174080538,0.6840528201726394,0.6840528201726394
    338.00,         Rupelian,     20.12,   75.1174,       269,,,0.751468,            Slt,3,3,21.2,3,3,9.6,3,3,30.9,3,1.6745827654734813,1.6745827654734813,1571.6833841929324,1571.6833841929324,0.6750254601146645,0.6750254601146645
    338.25,         Rupelian,     20.13,   75.2361,       263,,,0.752951,            Slt,3,3,21.2,3,3,9.6,3,3,30.9,3,1.6719213964420605,1.6719213964420605,1571.7161446429027,1571.7161446429027,0.6739615186884563,0.6739615186884563
    338.50,         Rupelian,     20.14,   76.8056,       258,,,0.77257,            Slt,3,3,21.2,3,3,9.6,3,3,30.9,3,1.6367134402536305,1.6367134402536305,1572.149541317188,1572.149541317188,0.6598863556130841,0.6598863556130841
    338.75,         Rupelian,     20.15,   77.2101,       258,,,0.777627,            Slt,3,3,21.2,3,3,9.6,3,3,30.9,3,1.6276382256940254,1.6276382256940254,1572.2612537888667,1572.2612537888667,0.6562583368724675,0.6562583368724675
    339.00,         Rupelian,     20.16,   77.9013,       262,,,0.786266,            Slt,3,3,21.2,3,3,9.6,3,3,30.9,3,1.6121348089290601,1.6121348089290601,1572.45209500754,1572.45209500754,0.6500605014166266,0.6500605014166266
    339.25,         Rupelian,     20.17,   77.9013,       262,,,0.786266,            Slt,3,3,21.2,3,3,9.6,3,3,30.9,3,1.6121348089290601,1.6121348089290601,1572.45209500754,1572.45209500754,0.6500605014166266,0.6500605014166266
    339.50,         Rupelian,     20.18,   75.3947,       256,,,0.754934,            Slt,3,3,21.2,3,3,9.6,3,3,30.9,3,1.668362735087167,1.668362735087167,1571.7599504232742,1571.7599504232742,0.6725388647112678,0.6725388647112678
    339.75,         Rupelian,   20.1833,   68.3943,       255,,,0.667429,            Slt,3,3,21.2,3,3,9.6,3,3,30.9,3,1.8253978646181621,1.8253978646181621,1569.826907149746,1569.826907149746,0.7353171482583625,0.7353171482583625
    340.00,         Rupelian,     20.19,    65.966,       286,,,0.637074,            Slt,3,3,21.2,3,3,9.6,3,3,30.9,3,1.879872481576203,1.879872481576203,1569.156345141084,1569.156345141084,0.7570945872283876,0.7570945872283876
    340.25,         Rupelian,      20.2,   62.8794,       252,,,0.598492,            Slt,3,3,21.2,3,3,9.6,3,3,30.9,3,1.949111146424667,1.949111146424667,1568.3040432659996,1568.3040432659996,0.7847742825122458,0.7847742825122458
    340.50,         Rupelian,     20.21,   57.1765,       226,,,0.527206,            Slt,3,3,21.2,3,3,9.6,3,3,30.9,3,2.077039907566848,2.077039907566848,1566.729288420028,1566.729288420028,0.8359166483306355,0.8359166483306355
    340.75,         Rupelian,     20.22,   57.1765,       258,,,0.527206,            Slt,3,3,21.2,3,3,9.6,3,3,30.9,3,2.077039907566848,2.077039907566848,1566.729288420028,1566.729288420028,0.8359166483306355,0.8359166483306355
    341.00,         Rupelian,     20.22,   51.7485,       264,,,0.459356,            Slt,3,3,21.2,3,3,9.6,3,3,30.9,3,2.1988024758621227,2.1988024758621227,1565.230437084574,1565.230437084574,0.8845939414986874,0.8845939414986874
    341.25,         Rupelian,     20.23,   50.7982,       264,,,0.447477,            Slt,3,3,21.2,3,3,9.6,3,3,30.9,3,2.220120346883192,2.220120346883192,1564.9680221249005,1564.9680221249005,0.8931162342848817,0.8931162342848817
    341.50,         Rupelian,     20.24,   49.9187,       265,,,0.436484,            Slt,3,3,21.2,3,3,9.6,3,3,30.9,3,2.2398482159070676,2.2398482159070676,1564.7251794906979,1564.7251794906979,0.9010028884307386,0.9010028884307386
    341.75,         Rupelian,     20.25,   51.6526,       265,,,0.458158,            Slt,3,3,21.2,3,3,9.6,3,3,30.9,3,2.2009523882691635,2.2009523882691635,1565.2039724729327,1565.2039724729327,0.8854534167708366,0.8854534167708366
    342.00,         Rupelian,   20.2525,   58.3629,       263,,,0.542037,            Slt,3,3,21.2,3,3,9.6,3,3,30.9,3,2.0504244226679944,2.0504244226679944,1567.0569150103909,1567.0569150103909,0.8252765166434524,0.8252765166434524
    342.25,         Rupelian,     20.26,   58.3629,       261,,,0.542037,            Slt,3,3,21.2,3,3,9.6,3,3,30.9,3,2.0504244226679944,2.0504244226679944,1567.0569150103909,1567.0569150103909,0.8252765166434524,0.8252765166434524
    342.50,         Rupelian,     20.27,   56.1715,       261,,,0.514644,            Slt,3,3,21.2,3,3,9.6,3,3,30.9,3,2.0995834799017814,2.0995834799017814,1566.4517855390263,1566.4517855390263,0.8449289424614692,0.8449289424614692
    342.75,         Rupelian,     20.27,   51.6464,       261,,,0.458079,            Slt,3,3,21.2,3,3,9.6,3,3,30.9,3,2.2010941604562726,2.2010941604562726,1565.2022273107293,1565.2022273107293,0.8855100933538915,0.8855100933538915
    343.00,         Rupelian,     20.28,   50.5586,       261,,,0.444482,            Slt,3,3,21.2,3,3,9.6,3,3,30.9,3,2.225495127900795,2.225495127900795,1564.9018605957967,1564.9018605957967,0.8952649224652548,0.8952649224652548
    343.25,         Rupelian,     20.29,   49.6916,       261,,,0.433645,            Slt,3,3,21.2,3,3,9.6,3,3,30.9,3,2.244943041719747,2.244943041719747,1564.6624641046794,1564.6624641046794,0.9030396582952058,0.9030396582952058
    343.50,         Rupelian,     20.29,   47.6567,       258,,,0.408208,            Slt,3,3,21.2,3,3,9.6,3,3,30.9,3,2.290591891384108,2.290591891384108,1564.1005439658447,1564.1005439658447,0.921288800613787,0.921288800613787
    343.75,         Rupelian,   20.2933,   47.6567,       258,,,0.408208,            Slt,3,3,21.2,3,3,9.6,3,3,30.9,3,2.290591891384108,2.290591891384108,1564.1005439658447,1564.1005439658447,0.921288800613787,0.921288800613787
    344.00,         Rupelian,     20.31,   47.5867,       258,,,0.407334,            Slt,3,3,21.2,3,3,9.6,3,3,30.9,3,2.2921603583655386,2.2921603583655386,1564.081236728303,1564.081236728303,0.9219158301529009,0.9219158301529009
    344.25,         Rupelian,   20.3125,   49.6109,       254,,,0.432636,            Slt,3,3,21.2,3,3,9.6,3,3,30.9,3,2.2467537776285154,2.2467537776285154,1564.6401746279296,1564.6401746279296,0.9037635402230845,0.9037635402230845
    344.50,         Rupelian,     20.32,   52.0136,       251,,,0.46267,            Slt,3,3,21.2,3,3,9.6,3,3,30.9,3,2.192855222342144,2.192855222342144,1565.3036455344738,1565.3036455344738,0.8822163947107886,0.8822163947107886
    344.75,         Rupelian,     20.33,   49.9345,       218,,,0.436681,            Slt,3,3,21.2,3,3,9.6,3,3,30.9,3,2.2394946827316193,2.2394946827316193,1564.729531350876,1564.729531350876,0.9008615556856523,0.9008615556856523
    345.00,         Rupelian,     20.34,   48.1609,       209,,,0.414512,            Slt,3,3,21.2,3,3,9.6,3,3,30.9,3,2.2792788297697615,2.2792788297697615,1564.239803491544,1564.239803491544,0.9167661527710251,0.9167661527710251
    345.25,         Rupelian,     20.34,   48.1609,       192,,,0.414512,            Slt,3,3,21.2,3,3,9.6,3,3,30.9,3,2.2792788297697615,2.2792788297697615,1564.239803491544,1564.239803491544,0.9167661527710251,0.9167661527710251
    345.50,         Rupelian,     20.35,   46.8348,       194,,,0.397935,            Slt,3,3,21.2,3,3,9.6,3,3,30.9,3,2.3090276594621826,2.3090276594621826,1563.87360660742,1563.87360660742,0.928658908686232,0.928658908686232
    345.75,         Rupelian,   20.3533,   41.2705,       194,,,0.328381,            Slt,3,3,21.2,3,3,9.6,3,3,30.9,3,2.433848199995853,2.433848199995853,1562.3371127859584,1562.3371127859584,0.9785586942280254,0.9785586942280254
    346.00,         Rupelian,     20.36,   38.8928,       175,,,0.298661,            Slt,3,3,21.2,3,3,9.6,3,3,30.9,3,2.487183255703083,2.487183255703083,1561.6805783469063,1561.6805783469063,0.9998805682583054,0.9998805682583054
    346.25,         Rupelian,   20.3675,   41.5877,       176,,,0.332346,            Slt,3,3,21.2,3,3,9.6,3,3,30.9,3,2.4267326718707127,2.4267326718707127,1562.4247022560405,1562.4247022560405,0.9757141036987502,0.9757141036987502
    346.50,         Rupelian,     20.38,   42.5813,       184,,,0.344766,            Slt,3,3,21.2,3,3,9.6,3,3,30.9,3,2.4044439305556455,2.4044439305556455,1562.6990682632083,1562.6990682632083,0.9668036839323949,0.9668036839323949
    346.75,         Rupelian,     20.38,   42.5813,       203,,,0.344766,            Slt,3,3,21.2,3,3,9.6,3,3,30.9,3,2.4044439305556455,2.4044439305556455,1562.6990682632083,1562.6990682632083,0.9668036839323949,0.9668036839323949
    347.00,         Rupelian,   20.3833,   43.3115,       186,,,0.353893,            Slt,3,3,21.2,3,3,9.6,3,3,30.9,3,2.388064756482971,2.388064756482971,1562.9006897243535,1562.9006897243535,0.9602557450267971,0.9602557450267971
    347.25,         Rupelian,      20.4,   46.4534,       188,,,0.393167,            Slt,3,3,21.2,3,3,9.6,3,3,30.9,3,2.3175842390588204,2.3175842390588204,1563.7682783367134,1563.7682783367134,0.9320795915723821,0.9320795915723821
    347.50,         Rupelian,      20.4,   45.4072,       196,,,0.38009,            Slt,3,3,21.2,3,3,9.6,3,3,30.9,3,2.341052022486931,2.341052022486931,1563.4793987653982,1563.4793987653982,0.9414613596307255,0.9414613596307255
    347.75,         Rupelian,     20.41,   48.6466,       221,,,0.420583,            Slt,3,3,21.2,3,3,9.6,3,3,30.9,3,2.2683839063781535,2.2683839063781535,1564.3739158932763,1564.3739158932763,0.9124106649770201,0.9124106649770201
    348.00,         Rupelian,     20.41,   47.8323,       260,,,0.410404,            Slt,3,3,21.2,3,3,9.6,3,3,30.9,3,2.286650983499415,2.286650983499415,1564.149055056967,1564.149055056967,0.9197133350898807,0.9197133350898807
    348.25,         Rupelian,     20.42,   47.8323,       263,,,0.410404,            Slt,3,3,21.2,3,3,9.6,3,3,30.9,3,2.286650983499415,2.286650983499415,1564.149055056967,1564.149055056967,0.9197133350898807,0.9197133350898807
    348.50,         Rupelian,     20.42,   43.2578,       260,,,0.353222,            Slt,3,3,21.2,3,3,9.6,3,3,30.9,3,2.3892689227810715,2.3892689227810715,1562.885866890955,1562.885866890955,0.9607371372702129,0.9607371372702129
    348.75,         Rupelian,     20.43,   42.9552,       260,,,0.34944,            Slt,3,3,21.2,3,3,9.6,3,3,30.9,3,2.3960560419158208,2.3960560419158208,1562.8023200117996,1562.8023200117996,0.9634504390058294,0.9634504390058294
    349.00,         Rupelian,     20.43,   45.3005,       263,,,0.378756,            Slt,3,3,21.2,3,3,9.6,3,3,30.9,3,2.3434459984059566,2.3434459984059566,1563.4499298238875,1563.4499298238875,0.9424184047167415,0.9424184047167415
    349.25,         Rupelian,     20.44,   47.5918,       262,,,0.407397,            Slt,3,3,21.2,3,3,9.6,3,3,30.9,3,2.292047299532781,2.292047299532781,1564.0826284399338,1564.0826284399338,0.9218706323714774,0.9218706323714774
    349.50,         Rupelian,     20.45,    44.504,       262,,,0.3688,            Slt,3,3,21.2,3,3,9.6,3,3,30.9,3,2.3613128831509496,2.3613128831509496,1563.2299952049373,1563.2299952049373,0.9495610890318649,0.9495610890318649
    349.75,         Rupelian,     20.45,    44.504,       263,,,0.3688,            Slt,3,3,21.2,3,3,9.6,3,3,30.9,3,2.3613128831509496,2.3613128831509496,1563.2299952049373,1563.2299952049373,0.9495610890318649,0.9495610890318649
    350.00,         Rupelian,     20.46,   43.4817,       262,,,0.356022,            Slt,3,3,21.2,3,3,9.6,3,3,30.9,3,2.384244085769623,2.384244085769623,1562.9477207412021,1562.9477207412021,0.9587283469847222,0.9587283469847222
    350.25,         Rupelian,     20.47,   42.1356,       262,,,0.339195,            Slt,3,3,21.2,3,3,9.6,3,3,30.9,3,2.414441561623781,2.414441561623781,1562.5760011918774,1562.5760011918774,0.9708004591754195,0.9708004591754195
    350.50,         Rupelian,     20.47,   43.2193,       263,,,0.352742,            Slt,3,3,21.2,3,3,9.6,3,3,30.9,3,2.3901303234116056,2.3901303234116056,1562.8752633737697,1562.8752633737697,0.9610815013191543,0.9610815013191543
    350.75,         Rupelian,     20.48,   38.6025,       262,,,0.295031,            Slt,3,3,21.2,3,3,9.6,3,3,30.9,3,2.4936975979714964,2.4936975979714964,1561.6003892481929,1561.6003892481929,1.0024848213784237,1.0024848213784237
    351.00,         Rupelian,     20.48,   34.7641,       262,,,0.247051,            Slt,3,3,21.2,3,3,9.6,3,3,30.9,3,2.5798017693319575,2.5798017693319575,1560.540479342886,1560.540479342886,1.036906877770511,1.036906877770511
    351.25,         Rupelian,     20.49,   34.7641,       262,,,0.247051,            Slt,3,3,21.2,3,3,9.6,3,3,30.9,3,2.5798017693319575,2.5798017693319575,1560.540479342886,1560.540479342886,1.036906877770511,1.036906877770511
    351.50,         Rupelian,      20.5,   34.8893,       263,,,0.248617,            Slt,3,3,21.2,3,3,9.6,3,3,30.9,3,2.5769914497748405,2.5769914497748405,1560.5750733177028,1560.5750733177028,1.0357833900608402,1.0357833900608402
    351.75,         Rupelian,      20.5,   38.0647,       263,,,0.288308,            Slt,3,3,21.2,3,3,9.6,3,3,30.9,3,2.5057625905529135,2.5057625905529135,1561.4518737356173,1561.4518737356173,1.0073080703389072,1.0073080703389072
    352.00,         Rupelian,     20.51,   38.4897,       264,,,0.293622,            Slt,3,3,21.2,3,3,9.6,3,3,30.9,3,2.496226167739043,2.496226167739043,1561.569263507122,1561.569263507122,1.0034956733470868,1.0034956733470868
    352.25,         Rupelian,    20.515,   40.7187,       263,,,0.321484,            Slt,3,3,21.2,3,3,9.6,3,3,30.9,3,2.4462254503058385,2.4462254503058385,1562.184753498403,1562.184753498403,0.9835067751562502,0.9835067751562502
    352.50,         Rupelian,     20.52,   40.6576,       262,,,0.32072,            Slt,3,3,21.2,3,3,9.6,3,3,30.9,3,2.447596512976105,2.447596512976105,1562.16787623355,1562.16787623355,0.9840548879341484,0.9840548879341484
    352.75,         Rupelian,     20.53,   40.6576,       261,,,0.32072,            Slt,3,3,21.2,3,3,9.6,3,3,30.9,3,2.447596512976105,2.447596512976105,1562.16787623355,1562.16787623355,0.9840548879341484,0.9840548879341484
    353.00,         Rupelian,     20.53,   40.5642,       262,,,0.319553,            Slt,3,3,21.2,3,3,9.6,3,3,30.9,3,2.449690793259091,2.449690793259091,1562.1420964323934,1562.1420964323934,0.9848921230281369,0.9848921230281369
    353.25, Eocene/Paleocene,     20.54,   42.6863,       264,,,0.346079,          Sltst,3,3,21.2,3,3,9.6,3,3,30.9,3,2.4020876409142056,2.4020876409142056,1562.7280733008422,1562.7280733008422,0.9658617047735201,0.9658617047735201
    353.50, Eocene/Paleocene,   20.5433,   45.3441,       264,,,0.379301,          Sltst,3,3,21.2,3,3,9.6,3,3,30.9,3,2.342467949773371,2.342467949773371,1563.461969234025,1563.461969234025,0.9420274080361728,0.9420274080361728
    353.75, Eocene/Paleocene,    20.555,   47.7186,       263,,,0.408983,          Sltst,3,3,21.2,3,3,9.6,3,3,30.9,3,2.289201088282725,2.289201088282725,1564.1176642279665,1564.1176642279665,0.9207327961597673,0.9207327961597673
    354.00, Eocene/Paleocene,     20.56,   46.1544,       260,,,0.38943,          Sltst,3,3,21.2,3,3,9.6,3,3,30.9,3,2.324290601884457,2.324290601884457,1563.685725537294,1563.685725537294,0.9347606091784102,0.9347606091784102
    354.25, Eocene/Paleocene,     20.57,   46.1544,       264,,,0.38943,          Sltst,3,3,21.2,3,3,9.6,3,3,30.9,3,2.324290601884457,2.324290601884457,1563.685725537294,1563.685725537294,0.9347606091784102,0.9347606091784102
    354.50, Eocene/Paleocene,     20.57,   47.8454,       264,,,0.410568,          Sltst,3,3,21.2,3,3,9.6,3,3,30.9,3,2.286356671617316,2.286356671617316,1564.1526779253386,1564.1526779253386,0.9195956773731592,0.9195956773731592
    354.75, Eocene/Paleocene,     20.58,    46.397,       263,,,0.392462,          Sltst,3,3,21.2,3,3,9.6,3,3,30.9,3,2.3188494212349173,2.3188494212349173,1563.7527044208475,1563.7527044208475,0.9325853762692644,0.9325853762692644
    355.00, Eocene/Paleocene,   20.5867,   43.8068,       260,,,0.360085,          Sltst,3,3,21.2,3,3,9.6,3,3,30.9,3,2.3769526883490824,2.3769526883490824,1563.037475096043,1563.037475096043,0.9558134487954548,0.9558134487954548
    355.25, Eocene/Paleocene,     20.59,   45.5291,       259,,,0.381614,          Sltst,3,3,21.2,3,3,9.6,3,3,30.9,3,2.3383170754849854,2.3383170754849854,1563.5130649324612,1563.5130649324612,0.940368003775337,0.940368003775337
    355.50, Eocene/Paleocene,   20.6075,   48.0546,       264,,,0.413182,          Sltst,3,3,21.2,3,3,9.6,3,3,30.9,3,2.2816656273501996,2.2816656273501996,1564.2104229126767,1564.2104229126767,0.9177203281566332,0.9177203281566332
    355.75, Eocene/Paleocene,     20.61,   48.0546,       263,,,0.413182,          Sltst,3,3,21.2,3,3,9.6,3,3,30.9,3,2.2816656273501996,2.2816656273501996,1564.2104229126767,1564.2104229126767,0.9177203281566332,0.9177203281566332
    356.00, Eocene/Paleocene,     20.61,   50.7312,       264,,,0.44664,          Sltst,3,3,21.2,3,3,9.6,3,3,30.9,3,2.221622414232686,2.221622414232686,1564.9495322418088,1564.9495322418088,0.8937167190952231,0.8937167190952231
    356.25, Eocene/Paleocene,    20.615,   51.0925,       265,,,0.451156,          Sltst,3,3,21.2,3,3,9.6,3,3,30.9,3,2.2135180699670784,2.2135180699670784,1565.0492936659932,1565.0492936659932,0.8904768273347673,0.8904768273347673
    356.50, Eocene/Paleocene,     20.63,   52.0462,       265,,,0.463077,          Sltst,3,3,21.2,3,3,9.6,3,3,30.9,3,2.1921248263908373,2.1921248263908373,1565.3126364334205,1565.3126364334205,0.8819244026942905,0.8819244026942905
    356.75, Eocene/Paleocene,     20.64,   53.4804,       266,,,0.481005,          Sltst,3,3,21.2,3,3,9.6,3,3,30.9,3,2.1599515128403923,2.1599515128403923,1565.7086778002888,1565.7086778002888,0.8690624054663343,0.8690624054663343
    357.00, Eocene/Paleocene,     20.64,   55.1024,       266,,,0.50128,          Sltst,3,3,21.2,3,3,9.6,3,3,30.9,3,2.1235663091235653,2.1235663091235653,1566.1565659480607,1566.1565659480607,0.8545166115240757,0.8545166115240757
    357.25, Eocene/Paleocene,     20.65,   55.1024,       263,,,0.50128,          Sltst,3,3,21.2,3,3,9.6,3,3,30.9,3,2.1235663091235653,2.1235663091235653,1566.1565659480607,1566.1565659480607,0.8545166115240757,0.8545166115240757
    357.50, Eocene/Paleocene,   20.6533,   55.2194,       263,,,0.502742,          Sltst,3,3,21.2,3,3,9.6,3,3,30.9,3,2.1209426263697306,2.1209426263697306,1566.1888624941541,1566.1888624941541,0.8534677360250087,0.8534677360250087
    357.75, Eocene/Paleocene,     20.66,   52.4407,       266,,,0.468009,          Sltst,3,3,21.2,3,3,9.6,3,3,30.9,3,2.1832739349121004,2.1832739349121004,1565.4215875724988,1565.4215875724988,0.878386062091419,0.878386062091419
    358.00, Eocene/Paleocene,     20.67,   55.0121,       264,,,0.500151,          Sltst,3,3,21.2,3,3,9.6,3,3,30.9,3,2.125592395189967,2.125592395189967,1566.1316255920146,1566.1316255920146,0.8553265844641895,0.8553265844641895
    358.25, Eocene/Paleocene,     20.67,   58.0698,       263,,,0.538373,          Sltst,3,3,21.2,3,3,9.6,3,3,30.9,3,2.0569997808144036,2.0569997808144036,1566.9759748292104,1566.9759748292104,0.8279051622170374,0.8279051622170374
    358.50, Eocene/Paleocene,     20.68,   54.8827,       262,,,0.498533,          Sltst,3,3,21.2,3,3,9.6,3,3,30.9,3,2.1284960331487257,2.1284960331487257,1566.0958829028361,1566.0958829028361,0.8564873782791624,0.8564873782791624
    358.75, Eocene/Paleocene,     20.69,   54.8827,       262,,,0.498533,          Sltst,3,3,21.2,3,3,9.6,3,3,30.9,3,2.1284960331487257,2.1284960331487257,1566.0958829028361,1566.0958829028361,0.8564873782791624,0.8564873782791624
    359.00, Eocene/Paleocene,     20.69,    54.991,       270,,,0.499887,          Sltst,3,3,21.2,3,3,9.6,3,3,30.9,3,2.126066165536761,2.126066165536761,1566.1257936575628,1566.1257936575628,0.8555159846911072,0.8555159846911072
    359.25, Eocene/Paleocene,      20.7,   56.7509,       264,,,0.521887,          Sltst,3,3,21.2,3,3,9.6,3,3,30.9,3,2.0865853033039525,2.0865853033039525,1566.611788195219,1566.611788195219,0.8397326324479659,0.8397326324479659
    359.50, Eocene/Paleocene,     20.71,   55.6736,       264,,,0.50842,          Sltst,3,3,21.2,3,3,9.6,3,3,30.9,3,2.110752974744372,2.110752974744372,1566.314293266191,1566.314293266191,0.8493941962960743,0.8493941962960743
    359.75, Eocene/Paleocene,     20.72,   54.7373,       263,,,0.496717,          Sltst,3,3,21.2,3,3,9.6,3,3,30.9,3,2.1317549988675792,2.1317549988675792,1566.0557662628187,1566.0557662628187,0.8577902222643236,0.8577902222643236
    360.00, Eocene/Paleocene,     20.72,   53.2696,       262,,,0.47837,          Sltst,3,3,21.2,3,3,9.6,3,3,30.9,3,2.1646802433850945,2.1646802433850945,1565.650468909074,1565.650468909074,0.8709528206100015,0.8709528206100015
    360.25, Eocene/Paleocene,     20.73,   53.2696,       263,,,0.47837,          Sltst,3,3,21.2,3,3,9.6,3,3,30.9,3,2.1646802433850945,2.1646802433850945,1565.650468909074,1565.650468909074,0.8709528206100015,0.8709528206100015
    360.50, Eocene/Paleocene,     20.74,   49.4191,       263,,,0.430238,          Sltst,3,3,21.2,3,3,9.6,3,3,30.9,3,2.251057191611891,2.251057191611891,1564.587201223325,1564.587201223325,0.9054839256175868,0.9054839256175868
    360.75, Eocene/Paleocene,     20.74,   51.9037,       263,,,0.461296,          Sltst,3,3,21.2,3,3,9.6,3,3,30.9,3,2.195320981647048,2.195320981647048,1565.273292966531,1565.273292966531,0.8832021368008831,0.8832021368008831
    361.00, Eocene/Paleocene,     20.75,   54.9221,       263,,,0.499026,          Sltst,3,3,21.2,3,3,9.6,3,3,30.9,3,2.1276113029177814,2.1276113029177814,1566.1067735986119,1566.1067735986119,0.8561336877038956,0.8561336877038956
    361.25, Eocene/Paleocene,     20.75,   52.4726,       263,,,0.468408,          Sltst,3,3,21.2,3,3,9.6,3,3,30.9,3,2.1825578956379688,2.1825578956379688,1565.4304017461589,1565.4304017461589,0.8780998094757366,0.8780998094757366
    361.50, Eocene/Paleocene,     20.76,   49.3313,       263,,,0.429142,          Sltst,3,3,21.2,3,3,9.6,3,3,30.9,3,2.2530240563849437,2.2530240563849437,1564.5629898590855,1564.5629898590855,0.9062702235293361,0.9062702235293361
    361.75, Eocene/Paleocene,     20.77,   49.3313,       265,,,0.429142,          Sltst,3,3,21.2,3,3,9.6,3,3,30.9,3,2.2530240563849437,2.2530240563849437,1564.5629898590855,1564.5629898590855,0.9062702235293361,0.9062702235293361
    362.00, Eocene/Paleocene,     20.77,    52.628,       265,,,0.47035,          Sltst,3,3,21.2,3,3,9.6,3,3,30.9,3,2.1790728122536,2.1790728122536,1565.4733018094375,1565.4733018094375,0.8767065699277284,0.8767065699277284
    362.25, Eocene/Paleocene,     20.78,   52.5592,       265,,,0.46949,          Sltst,3,3,21.2,3,3,9.6,3,3,30.9,3,2.1806161550499734,2.1806161550499734,1565.4543038411473,1565.4543038411473,0.8773235555154149,0.8773235555154149
    362.50, Eocene/Paleocene,     20.79,   48.1887,       264,,,0.414859,          Sltst,3,3,21.2,3,3,9.6,3,3,30.9,3,2.2786561088972714,2.2786561088972714,1564.2474689508424,1564.2474689508424,0.9165172062606446,0.9165172062606446
    362.75, Eocene/Paleocene,      20.8,   48.9052,       264,,,0.423815,          Sltst,3,3,21.2,3,3,9.6,3,3,30.9,3,2.2625838087992243,2.2625838087992243,1564.4453129089902,1564.4453129089902,0.9100919470474822,0.9100919470474822
    363.00, Eocene/Paleocene,     20.81,    47.983,       263,,,0.412288,          Sltst,3,3,21.2,3,3,9.6,3,3,30.9,3,2.283269986024569,2.283269986024569,1564.190673861919,1564.190673861919,0.9183617061977862,0.9183617061977862
    363.25, Eocene/Paleocene,     20.81,    47.983,       266,,,0.412288,          Sltst,3,3,21.2,3,3,9.6,3,3,30.9,3,2.283269986024569,2.283269986024569,1564.190673861919,1564.190673861919,0.9183617061977862,0.9183617061977862
    363.50, Eocene/Paleocene,     20.82,   50.9441,       264,,,0.449301,          Sltst,3,3,21.2,3,3,9.6,3,3,30.9,3,2.216847024487163,2.216847024487163,1565.0083154902043,1565.0083154902043,0.8918076508989049,0.8918076508989049
    363.75, Eocene/Paleocene,   20.8275,   52.5587,       267,,,0.469484,          Sltst,3,3,21.2,3,3,9.6,3,3,30.9,3,2.180626922557855,2.180626922557855,1565.4541712971825,1565.4541712971825,0.8773278600660266,0.8773278600660266
    364.00, Eocene/Paleocene,     20.83,   52.4168,       266,,,0.467709,          Sltst,3,3,21.2,3,3,9.6,3,3,30.9,3,2.183812310306184,2.183812310306184,1565.414960374258,1565.414960374258,0.8786012896220075,0.8786012896220075
    364.25, Eocene/Paleocene,     20.84,   53.6765,       266,,,0.483456,          Sltst,3,3,21.2,3,3,9.6,3,3,30.9,3,2.155552985870728,2.155552985870728,1565.762822009916,1565.762822009916,0.867303996541428,0.867303996541428
    364.50, Eocene/Paleocene,     20.84,   56.6236,       264,,,0.520295,          Sltst,3,3,21.2,3,3,9.6,3,3,30.9,3,2.0894422820618903,2.0894422820618903,1566.5766198632216,1566.5766198632216,0.8408747732102878,0.8408747732102878
    364.75, Eocene/Paleocene,     20.85,   56.6236,       264,,,0.520295,          Sltst,3,3,21.2,3,3,9.6,3,3,30.9,3,2.0894422820618903,2.0894422820618903,1566.5766198632216,1566.5766198632216,0.8408747732102878,0.8408747732102878
    365.00, Eocene/Paleocene,     20.86,   55.4385,       266,,,0.505481,          Sltst,3,3,21.2,3,3,9.6,3,3,30.9,3,2.116027259021746,2.116027259021746,1566.2493688140923,1566.2493688140923,0.8515027086707376,0.8515027086707376
    365.25, Eocene/Paleocene,     20.87,   56.7265,       266,,,0.521581,          Sltst,3,3,21.2,3,3,9.6,3,3,30.9,3,2.0871344462059183,2.0871344462059183,1566.6050284530136,1566.6050284530136,0.839952164529166,0.839952164529166
    365.50, Eocene/Paleocene,    20.875,   54.2481,       267,,,0.490601,          Sltst,3,3,21.2,3,3,9.6,3,3,30.9,3,2.1427306785683,2.1427306785683,1565.9206597813502,1565.9206597813502,0.8621779941879169,0.8621779941879169
    365.75, Eocene/Paleocene,     20.88,   50.0485,       266,,,0.438106,          Sltst,3,3,21.2,3,3,9.6,3,3,30.9,3,2.2369373996097215,2.2369373996097215,1564.7610105425197,1564.7610105425197,0.899839224915358,0.899839224915358
    366.00, Eocene/Paleocene,     20.89,   51.6252,       266,,,0.457815,          Sltst,3,3,21.2,3,3,9.6,3,3,30.9,3,2.201567930803066,2.201567930803066,1565.1963953762775,1565.1963953762775,0.8856994935808091,0.8856994935808091
    366.25, Eocene/Paleocene,      20.9,   51.6252,       260,,,0.457815,          Sltst,3,3,21.2,3,3,9.6,3,3,30.9,3,2.201567930803066,2.201567930803066,1565.1963953762775,1565.1963953762775,0.8856994935808091,0.8856994935808091
    366.50, Eocene/Paleocene,      20.9,   49.6009,       266,,,0.432512,          Sltst,3,3,21.2,3,3,9.6,3,3,30.9,3,2.2469763061247363,2.2469763061247363,1564.63743538599,1564.63743538599,0.9038525009357277,0.9038525009357277
    366.75, Eocene/Paleocene,     20.91,   47.4518,       262,,,0.405648,          Sltst,3,3,21.2,3,3,9.6,3,3,30.9,3,2.2951860280802894,2.2951860280802894,1564.0439918741902,1564.0439918741902,0.9231254088748071,0.9231254088748071
    367.00, Eocene/Paleocene,     20.92,   47.5744,       261,,,0.40718,          Sltst,3,3,21.2,3,3,9.6,3,3,30.9,3,2.2924367244011683,2.2924367244011683,1564.0778347665396,1564.0778347665396,0.9220263136186029,0.9220263136186029
    367.25, Eocene/Paleocene,     20.92,   51.6868,       259,,,0.458585,          Sltst,3,3,21.2,3,3,9.6,3,3,30.9,3,2.2001861006249177,2.2001861006249177,1565.2134051850953,1565.2134051850953,0.8851470762522993,0.8851470762522993
    367.50, Eocene/Paleocene,     20.93,   50.3737,       257,,,0.442171,          Sltst,3,3,21.2,3,3,9.6,3,3,30.9,3,2.229642413019887,2.229642413019887,1564.850809078682,1564.850809078682,0.8969228918758867,0.8969228918758867
    367.75, Eocene/Paleocene,     20.94,   50.3737,       259,,,0.442171,          Sltst,3,3,21.2,3,3,9.6,3,3,30.9,3,2.229642413019887,2.229642413019887,1564.850809078682,1564.850809078682,0.8969228918758867,0.8969228918758867
    368.00, Eocene/Paleocene,     20.94,   48.3997,       265,,,0.417496,          Sltst,3,3,21.2,3,3,9.6,3,3,30.9,3,2.273923789183275,2.273923789183275,1564.3057220233788,1564.3057220233788,0.9146253562667735,0.9146253562667735
    368.25, Eocene/Paleocene,     20.95,   53.1405,       264,,,0.476757,          Sltst,3,3,21.2,3,3,9.6,3,3,30.9,3,2.167574908420618,2.167574908420618,1565.6148366731995,1565.6148366731995,0.8721100272994645,0.8721100272994645
    368.50, Eocene/Paleocene,     20.96,   54.9768,       267,,,0.49971,          Sltst,3,3,21.2,3,3,9.6,3,3,30.9,3,2.1263838070192707,2.1263838070192707,1566.1218836106007,1566.1218836106007,0.8556429689341544,0.8556429689341544
    368.75, Eocene/Paleocene,     20.96,   58.2094,       260,,,0.540117,          Sltst,3,3,21.2,3,3,9.6,3,3,30.9,3,2.0538700251901303,2.0538700251901303,1567.0145009416499,1567.0145009416499,0.8266539728392175,0.8266539728392175
    369.00, Eocene/Paleocene,     20.97,   56.2319,       261,,,0.515399,          Sltst,3,3,21.2,3,3,9.6,3,3,30.9,3,2.098228568493337,2.098228568493337,1566.4684639879322,1566.4684639879322,0.8443872865094887,0.8443872865094887
    369.25, Eocene/Paleocene,     20.98,   56.2319,       261,,,0.515399,          Sltst,3,3,21.2,3,3,9.6,3,3,30.9,3,2.098228568493337,2.098228568493337,1566.4684639879322,1566.4684639879322,0.8443872865094887,0.8443872865094887
    369.50, Eocene/Paleocene,     20.98,   54.2854,       261,,,0.491068,          Sltst,3,3,21.2,3,3,9.6,3,3,30.9,3,2.141892607538176,2.141892607538176,1565.930976119945,1565.930976119945,0.8618429566653011,0.8618429566653011
    369.75, Eocene/Paleocene,     20.99,   54.6998,       255,,,0.496248,          Sltst,3,3,21.2,3,3,9.6,3,3,30.9,3,2.132596659066997,2.132596659066997,1566.0454057429024,1566.0454057429024,0.8581266946371433,0.8581266946371433
    370.00, Eocene/Paleocene,        21,   57.5606,       256,,,0.532007,          Sltst,3,3,21.2,3,3,9.6,3,3,30.9,3,2.068424106676861,2.068424106676861,1566.8353456825412,1566.8353456825412,0.8324722904161209,0.8324722904161209
    370.25, Eocene/Paleocene,        21,    57.584,       252,,,0.5323,          Sltst,3,3,21.2,3,3,9.6,3,3,30.9,3,2.067898293375306,2.067898293375306,1566.8418182461562,1566.8418182461562,0.8322620848612463,0.8322620848612463
    370.50, Eocene/Paleocene,     21.01,   55.5597,       253,,,0.506996,          Sltst,3,3,21.2,3,3,9.6,3,3,30.9,3,2.113308463281623,2.113308463281623,1566.2828361652082,1566.2828361652082,0.8504158096412667,0.8504158096412667
    370.75, Eocene/Paleocene,     21.01,   55.5597,       257,,,0.506996,          Sltst,3,3,21.2,3,3,9.6,3,3,30.9,3,2.113308463281623,2.113308463281623,1566.2828361652082,1566.2828361652082,0.8504158096412667,0.8504158096412667
    371.00, Eocene/Paleocene,     21.02,   55.5636,       254,,,0.507045,          Sltst,3,3,21.2,3,3,9.6,3,3,30.9,3,2.1132205286339225,2.1132205286339225,1566.2839186075876,1566.2839186075876,0.8503806558112706,0.8503806558112706
    371.25, Eocene/Paleocene,     21.03,   57.1507,       261,,,0.526884,          Sltst,3,3,21.2,3,3,9.6,3,3,30.9,3,2.0776177638231643,2.0776177638231643,1566.7221752272496,1566.7221752272496,0.8361476592134669,0.8361476592134669
    371.50, Eocene/Paleocene,     21.03,   57.7433,       259,,,0.534292,          Sltst,3,3,21.2,3,3,9.6,3,3,30.9,3,2.0643234807585897,2.0643234807585897,1566.885822842475,1566.885822842475,0.8308329740581402,0.8308329740581402
    371.75, Eocene/Paleocene,     21.04,   58.6923,       253,,,0.546154,          Sltst,3,3,21.2,3,3,9.6,3,3,30.9,3,2.043036117676518,2.043036117676518,1567.147862260915,1567.147862260915,0.822322877498679,0.822322877498679
    372.00, Eocene/Paleocene,     21.04,   55.3242,       248,,,0.504053,          Sltst,3,3,21.2,3,3,9.6,3,3,30.9,3,2.1185899258975844,2.1185899258975844,1566.2178233504662,1566.2178233504662,0.852527191716338,0.852527191716338
    372.25, Eocene/Paleocene,     21.05,   55.3242,       255,,,0.504053,          Sltst,3,3,21.2,3,3,9.6,3,3,30.9,3,2.1185899258975844,2.1185899258975844,1566.2178233504662,1566.2178233504662,0.852527191716338,0.852527191716338
    372.50, Eocene/Paleocene,     21.06,   56.0263,       252,,,0.512829,          Sltst,3,3,21.2,3,3,9.6,3,3,30.9,3,2.1028406510359883,2.1028406510359883,1566.4116909896695,1566.4116909896695,0.8462310690215284,0.8462310690215284
    372.75, Eocene/Paleocene,     21.06,   52.6028,       251,,,0.470035,          Sltst,3,3,21.2,3,3,9.6,3,3,30.9,3,2.179638106417388,2.179638106417388,1565.4663432512848,1565.4663432512848,0.8769325588348462,0.8769325588348462
    373.00, Eocene/Paleocene,     21.07,   52.5555,       257,,,0.469444,          Sltst,3,3,21.2,3,3,9.6,3,3,30.9,3,2.1806987059437333,2.1806987059437333,1565.4532876707503,1565.4532876707503,0.8773565570701052,0.8773565570701052
    373.25, Eocene/Paleocene,     21.07,   49.3813,       280,,,0.429767,          Sltst,3,3,21.2,3,3,9.6,3,3,30.9,3,2.2519024409806025,2.2519024409806025,1564.576796522087,1564.576796522087,0.9058218328406105,0.9058218328406105
    373.50, Eocene/Paleocene,     21.08,   47.0755,       256,,,0.400944,          Sltst,3,3,21.2,3,3,9.6,3,3,30.9,3,2.3036277542595225,2.3036277542595225,1563.940077405775,1563.940077405775,0.9265001765544315,0.9265001765544315
    373.75, Eocene/Paleocene,     21.08,   47.0755,       229,,,0.400944,          Sltst,3,3,21.2,3,3,9.6,3,3,30.9,3,2.3036277542595225,2.3036277542595225,1563.940077405775,1563.940077405775,0.9265001765544315,0.9265001765544315
    374.00, Eocene/Paleocene,     21.09,   54.2571,       200,,,0.490714,          Sltst,3,3,21.2,3,3,9.6,3,3,30.9,3,2.142527890503195,2.142527890503195,1565.923156026021,1565.923156026021,0.8620969251513952,0.8620969251513952
    374.25, Eocene/Paleocene,      21.1,   51.2347,       185,,,0.452934,          Sltst,3,3,21.2,3,3,9.6,3,3,30.9,3,2.210327298464809,2.210327298464809,1565.0885708609,1565.0885708609,0.8892012455034807,0.8892012455034807
    374.50, Eocene/Paleocene,      21.1,   53.1785,       182,,,0.477231,          Sltst,3,3,21.2,3,3,9.6,3,3,30.9,3,2.1667242752979656,2.1667242752979656,1565.62530764642,1565.62530764642,0.871769967801135,0.871769967801135
    374.75, Eocene/Paleocene,     21.11,   51.4344,       217,,,0.45543,          Sltst,3,3,21.2,3,3,9.6,3,3,30.9,3,2.205848015186032,2.205848015186032,1565.1437091502632,1565.1437091502632,0.8874105524489861,0.8874105524489861
    375.00, Eocene/Paleocene,     21.11,   49.6004,       199,,,0.432505,          Sltst,3,3,21.2,3,3,9.6,3,3,30.9,3,2.246988868217265,2.246988868217265,1564.6372807513644,1564.6372807513644,0.9038575229114414,0.9038575229114414
    375.25, Eocene/Paleocene,     21.12,   49.6004,       252,,,0.432505,          Sltst,3,3,21.2,3,3,9.6,3,3,30.9,3,2.246988868217265,2.246988868217265,1564.6372807513644,1564.6372807513644,0.9038575229114414,0.9038575229114414
    375.50, Eocene/Paleocene,     21.12,   32.9827,       208,,,0.224784,          Sltst,3,3,21.2,3,3,9.6,3,3,30.9,3,2.6197617856655007,2.6197617856655007,1560.0485865987953,1560.0485865987953,1.052881782515876,1.052881782515876
    375.75, Eocene/Paleocene,   21.1275,   31.5873,       196,,,0.207341,            Sst,3,3,21.2,3,3,9.6,3,3,30.9,3,2.6510647256621764,2.6510647256621764,1559.6632592024162,1559.6632592024162,1.0653958285693812,1.0653958285693812
    376.00, Eocene/Paleocene,     21.13,   33.5652,       193,,,0.232065,            Sst,3,3,21.2,3,3,9.6,3,3,30.9,3,2.606695414851088,2.606695414851088,1560.209428700099,1560.209428700099,1.0476582103484982,1.0476582103484982
    376.25, Eocene/Paleocene,     21.14,   34.6752,       187,,,0.24594,            Sst,3,3,21.2,3,3,9.6,3,3,30.9,3,2.5817955528747145,2.5817955528747145,1560.5159366187343,1560.5159366187343,1.0377039370587897,1.0377039370587897
    376.50, Eocene/Paleocene,     21.14,   30.7105,       189,,,0.196381,            Sst,3,3,21.2,3,3,9.6,3,3,30.9,3,2.670733373392703,2.670733373392703,1559.4211455600202,1559.4211455600202,1.0732588076868734,1.0732588076868734
    376.75, Eocene/Paleocene,     21.15,   30.7105,       198,,,0.196381,            Sst,3,3,21.2,3,3,9.6,3,3,30.9,3,2.670733373392703,2.670733373392703,1559.4211455600202,1559.4211455600202,1.0732588076868734,1.0732588076868734
    377.00, Eocene/Paleocene,     21.15,   28.2068,       190,,,0.165085,            Sst,3,3,21.2,3,3,9.6,3,3,30.9,3,2.7268966945035196,2.7268966945035196,1558.7297962395432,1558.7297962395432,1.0957113436778438,1.0957113436778438
    377.25, Eocene/Paleocene,     21.16,    24.403,       196,,,0.117537,            Sst,3,3,21.2,3,3,9.6,3,3,30.9,3,2.8122256052965002,2.8122256052965002,1557.6794294997028,1557.6794294997028,1.1298234724258842,1.1298234724258842
    377.50, Eocene/Paleocene,     21.16,   24.0051,       196,,,0.112564,            Sst,3,3,21.2,3,3,9.6,3,3,30.9,3,2.821150074745762,2.821150074745762,1557.5695726435317,1557.5695726435317,1.133391227457936,1.133391227457936
    377.75, Eocene/Paleocene,     21.17,   24.0106,       222,,,0.112633,            Sst,3,3,21.2,3,3,9.6,3,3,30.9,3,2.8210262484051225,2.8210262484051225,1557.571096899127,1557.571096899127,1.1333417251259008,1.1333417251259008
    378.00, Eocene/Paleocene,     21.17,   24.5576,       206,,,0.11947,            Sst,3,3,21.2,3,3,9.6,3,3,30.9,3,2.8087566731739537,2.8087566731739537,1557.7221307470343,1557.7221307470343,1.1284366897037936,1.1284366897037936
    378.25, Eocene/Paleocene,     21.18,   24.5576,       198,,,0.11947,            Sst,3,3,21.2,3,3,9.6,3,3,30.9,3,2.8087566731739537,2.8087566731739537,1557.7221307470343,1557.7221307470343,1.1284366897037936,1.1284366897037936
    378.50, Eocene/Paleocene,     21.18,   23.3642,       195,,,0.104553,            Sst,3,3,21.2,3,3,9.6,3,3,30.9,3,2.835526492352445,2.835526492352445,1557.3926043598424,1557.3926043598424,1.1391385199497455,1.1391385199497455
    378.75, Eocene/Paleocene,     21.19,   24.5647,       203,,,0.119559,            Sst,3,3,21.2,3,3,9.6,3,3,30.9,3,2.8085969551403758,2.8085969551403758,1557.7240968158455,1557.7240968158455,1.1283728388697192,1.1283728388697192
    379.00, Eocene/Paleocene,     21.19,   26.8669,       209,,,0.148336,            Sst,3,3,21.2,3,3,9.6,3,3,30.9,3,2.7569541927552157,2.7569541927552157,1558.359799761761,1558.359799761761,1.1077274967105883,1.1077274967105883
    379.25, Eocene/Paleocene,      21.2,   27.2002,       216,,,0.152502,            Sst,3,3,21.2,3,3,9.6,3,3,30.9,3,2.749477953116039,2.749477953116039,1558.4518294546644,1558.4518294546644,1.1047387037358187,1.1047387037358187
    379.50, Eocene/Paleocene,      21.2,   27.4067,       183,,,0.155084,            Sst,3,3,21.2,3,3,9.6,3,3,30.9,3,2.744844335557625,2.744844335557625,1558.5088675408567,1558.5088675408567,1.1028863121225556,1.1028863121225556
    379.75, Eocene/Paleocene,     21.21,   27.4067,       183,,,0.155084,            Sst,3,3,21.2,3,3,9.6,3,3,30.9,3,2.744844335557625,2.744844335557625,1558.5088675408567,1558.5088675408567,1.1028863121225556,1.1028863121225556
    380.00, Eocene/Paleocene,   21.2133,   28.2701,       183,,,0.165876,            Sst,3,3,21.2,3,3,9.6,3,3,30.9,3,2.7254771780477856,2.7254771780477856,1558.747269952238,1558.747269952238,1.0951438604221928,1.0951438604221928
    380.25, Eocene/Paleocene,     21.21,   27.7707,       184,,,0.159633,            Sst,3,3,21.2,3,3,9.6,3,3,30.9,3,2.7366807699986686,2.7366807699986686,1558.6093579568476,1558.6093579568476,1.099622745333735,1.099622745333735
    380.50, Eocene/Paleocene,     21.23,   26.6259,       198,,,0.145324,            Sst,3,3,21.2,3,3,9.6,3,3,30.9,3,2.7623594817118162,2.7623594817118162,1558.2932626914237,1558.2932626914237,1.1098883811176947,1.1098883811176947
    380.75, Eocene/Paleocene,   21.2225,   26.4915,       190,,,0.143644,            Sst,3,3,21.2,3,3,9.6,3,3,30.9,3,2.7653743839186853,2.7653743839186853,1558.2561503812753,1558.2561503812753,1.1110936552889892,1.1110936552889892
    381.00, Eocene/Paleocene,     21.24,   25.3391,       188,,,0.129239,            Sst,3,3,21.2,3,3,9.6,3,3,30.9,3,2.79122537575794,2.79122537575794,1557.9379344124145,1557.9379344124145,1.1214281638827368,1.1214281638827368
    381.25, Eocene/Paleocene,     21.24,   25.3391,       188,,,0.129239,            Sst,3,3,21.2,3,3,9.6,3,3,30.9,3,2.79122537575794,2.79122537575794,1557.9379344124145,1557.9379344124145,1.1214281638827368,1.1214281638827368
    381.50, Eocene/Paleocene,     21.24,   23.5804,       214,,,0.107255,            Sst,3,3,21.2,3,3,9.6,3,3,30.9,3,2.830677524636397,2.830677524636397,1557.4522933253309,1557.4522933253309,1.1372000373242468,1.1372000373242468
    381.75, Eocene/Paleocene,     21.25,   25.2267,       182,,,0.127833,            Sst,3,3,21.2,3,3,9.6,3,3,30.9,3,2.793748561771546,2.793748561771546,1557.906874943326,1557.906874943326,1.122436863576094,1.122436863576094
    382.00, Eocene/Paleocene,     21.25,   25.1358,       183,,,0.126698,            Sst,3,3,21.2,3,3,9.6,3,3,30.9,3,2.7957854153458293,2.7957854153458293,1557.8818020433152,1557.8818020433152,1.1232511410668198,1.1232511410668198
    382.25, Eocene/Paleocene,     21.26,   26.4258,       215,,,0.142823,            Sst,3,3,21.2,3,3,9.6,3,3,30.9,3,2.766847737913828,2.766847737913828,1558.2380139487566,1558.2380139487566,1.111682661297699,1.111682661297699
    382.50, Eocene/Paleocene,     21.26,   26.3137,       219,,,0.141421,            Sst,3,3,21.2,3,3,9.6,3,3,30.9,3,2.769363745588846,2.769363745588846,1558.2070428423112,1558.2070428423112,1.1126884912906483,1.1126884912906483
    382.75, Eocene/Paleocene,     21.27,   26.3137,       247,,,0.141421,            Sst,3,3,21.2,3,3,9.6,3,3,30.9,3,2.769363745588846,2.769363745588846,1558.2070428423112,1558.2070428423112,1.1126884912906483,1.1126884912906483
    383.00, Eocene/Paleocene,    21.265,   25.2045,       271,,,0.127556,            Sst,3,3,21.2,3,3,9.6,3,3,30.9,3,2.79424566171875,2.79424566171875,1557.9007558302837,1557.9007558302837,1.1226355903293372,1.1226355903293372
    383.25, Eocene/Paleocene,     21.28,   26.6701,       264,,,0.145876,            Sst,3,3,21.2,3,3,9.6,3,3,30.9,3,2.7613688709867024,2.7613688709867024,1558.3054567361867,1558.3054567361867,1.1094923624614121,1.1094923624614121
    383.50, Eocene/Paleocene,     21.28,   27.6874,       282,,,0.158593,            Sst,3,3,21.2,3,3,9.6,3,3,30.9,3,2.738547138031492,2.738547138031492,1558.5863836696128,1558.5863836696128,1.1003688674397745,1.1003688674397745
    383.75, Eocene/Paleocene,     21.29,   25.5569,       258,,,0.131961,            Sst,3,3,21.2,3,3,9.6,3,3,30.9,3,2.7863405163489534,2.7863405163489534,1557.998065191119,1557.998065191119,1.1194753327551992,1.1194753327551992
    384.00, Eocene/Paleocene,      21.3,   22.4414,       252,,,0.0930177,            Sst,3,3,21.2,3,3,9.6,3,3,30.9,3,2.8562275646303594,2.8562275646303594,1557.1377819602867,1557.1377819602867,1.1474142337283957,1.1474142337283957
    384.25, Eocene/Paleocene,      21.3,   22.4414,       249,,,0.0930177,            Sst,3,3,21.2,3,3,9.6,3,3,30.9,3,2.8562275646303594,2.8562275646303594,1557.1377819602867,1557.1377819602867,1.1474142337283957,1.1474142337283957
    384.50, Eocene/Paleocene,     21.31,   23.8604,       255,,,0.110755,            Sst,3,3,21.2,3,3,9.6,3,3,30.9,3,2.824396478372087,2.824396478372087,1557.52961063814,1557.52961063814,1.1346890494673834,1.1346890494673834
    384.75, Eocene/Paleocene,     21.31,   24.8331,       254,,,0.122914,            Sst,3,3,21.2,3,3,9.6,3,3,30.9,3,2.8025761236498727,2.8025761236498727,1557.7982109828383,1557.7982109828383,1.12596587765264,1.12596587765264
    385.00, Eocene/Paleocene,     21.32,     27.79,       255,,,0.159875,            Sst,3,3,21.2,3,3,9.6,3,3,30.9,3,2.7362464805141076,2.7362464805141076,1558.6147038967617,1558.6147038967617,1.0994491284590606,1.0994491284590606
    385.25, Eocene/Paleocene,     21.32,   26.9666,       233,,,0.149582,            Sst,3,3,21.2,3,3,9.6,3,3,30.9,3,2.754718140285121,2.754718140285121,1558.387324725121,1558.387324725121,1.106833585033545,1.106833585033545
    385.50, Eocene/Paleocene,     21.33,   27.0078,       226,,,0.150098,            Sst,3,3,21.2,3,3,9.6,3,3,30.9,3,2.753792134607297,2.753792134607297,1558.3987235060952,1558.3987235060952,1.106463393680933,1.106463393680933
    385.75, Eocene/Paleocene,     21.33,   27.0078,       184,,,0.150098,            Sst,3,3,21.2,3,3,9.6,3,3,30.9,3,2.753792134607297,2.753792134607297,1558.3987235060952,1558.3987235060952,1.106463393680933,1.106463393680933
    386.00, Eocene/Paleocene,     21.34,   28.5396,       183,,,0.169245,            Sst,3,3,21.2,3,3,9.6,3,3,30.9,3,2.7194312223722252,2.7194312223722252,1558.821693388482,1558.821693388482,1.0927268552536864,1.0927268552536864
    386.25, Eocene/Paleocene,     21.34,   29.6588,       256,,,0.183235,            Sst,3,3,21.2,3,3,9.6,3,3,30.9,3,2.694324983161453,2.694324983161453,1559.1307417331097,1559.1307417331097,1.0826900780772524,1.0826900780772524
    386.50, Eocene/Paleocene,     21.35,   30.8137,       263,,,0.197671,            Sst,3,3,21.2,3,3,9.6,3,3,30.9,3,2.6684183591981427,2.6684183591981427,1559.4496425124555,1559.4496425124555,1.0723333293053439,1.0723333293053439
    386.75, Eocene/Paleocene,     21.36,   36.1879,       263,,,0.264849,            Sst,3,3,21.2,3,3,9.6,3,3,30.9,3,2.5478617517856157,2.5478617517856157,1560.9336489238501,1560.9336489238501,1.0241381458058096,1.0241381458058096
    387.00, Eocene/Paleocene,     21.36,   46.0998,       263,,,0.388748,            Sst,3,3,21.2,3,3,9.6,3,3,30.9,3,2.325514508613674,2.325514508613674,1563.6706597066268,1563.6706597066268,0.9352498930979476,0.9352498930979476
    387.25, Eocene/Paleocene,     21.37,   46.0998,       263,,,0.388748,          Sltst,3,3,21.2,3,3,9.6,3,3,30.9,3,2.325514508613674,2.325514508613674,1563.6706597066268,1563.6706597066268,0.9352498930979476,0.9352498930979476
    387.50, Eocene/Paleocene,     21.37,   47.5325,       263,,,0.406656,          Sltst,3,3,21.2,3,3,9.6,3,3,30.9,3,2.293377086756168,2.293377086756168,1564.0662592602791,1564.0662592602791,0.9224022443720304,0.9224022443720304
    387.75, Eocene/Paleocene,     21.38,   39.8557,       262,,,0.310696,          Sltst,3,3,21.2,3,3,9.6,3,3,30.9,3,2.4655854294770903,2.4655854294770903,1561.9464394496651,1561.9464394496651,0.9912463571562051,0.9912463571562051
    388.00, Eocene/Paleocene,     21.39,   37.1001,       262,,,0.276252,          Sltst,3,3,21.2,3,3,9.6,3,3,30.9,3,2.5273981030564925,2.5273981030564925,1561.1855487289818,1561.1855487289818,1.0159573473681487,1.0159573473681487
    388.25, Eocene/Paleocene,     21.39,   39.9959,       261,,,0.312449,          Sltst,3,3,21.2,3,3,9.6,3,3,30.9,3,2.4624395225909943,2.4624395225909943,1561.985164378052,1561.985164378052,0.9899887109524675,0.9899887109524675
    388.50, Eocene/Paleocene,      21.4,   39.2281,       261,,,0.302852,          Sltst,3,3,21.2,3,3,9.6,3,3,30.9,3,2.4796621514477333,2.4796621514477333,1561.7731603063298,1561.7731603063298,0.996873839655987,0.996873839655987
    388.75, Eocene/Paleocene,      21.4,   39.2281,       261,,,0.302852,          Sltst,3,3,21.2,3,3,9.6,3,3,30.9,3,2.4796621514477333,2.4796621514477333,1561.7731603063298,1561.7731603063298,0.996873839655987,0.996873839655987
    389.00, Eocene/Paleocene,     21.41,   39.2422,       261,,,0.303028,          Sltst,3,3,21.2,3,3,9.6,3,3,30.9,3,2.4793463045498707,2.4793463045498707,1561.777048262631,1561.777048262631,0.9967475728380418,0.9967475728380418
    389.25, Eocene/Paleocene,     21.41,   42.0899,       261,,,0.338624,          Sltst,3,3,21.2,3,3,9.6,3,3,30.9,3,2.4154662694571867,2.4154662694571867,1562.563387424559,1562.563387424559,0.9712101089086391,0.9712101089086391
    389.50, Eocene/Paleocene,     21.42,   48.2022,       262,,,0.415027,          Sltst,3,3,21.2,3,3,9.6,3,3,30.9,3,2.2783546186765844,2.2783546186765844,1564.2511801818573,1564.2511801818573,0.9163966788435152,0.9163966788435152
    389.75, Eocene/Paleocene,     21.42,   56.0706,       259,,,0.513382,          Sltst,3,3,21.2,3,3,9.6,3,3,30.9,3,2.101848245726227,2.101848245726227,1566.4239071250934,1566.4239071250934,0.845834332940144,0.845834332940144
    390.00, Eocene/Paleocene,     21.43,   55.8076,       255,,,0.510095,          Sltst,3,3,21.2,3,3,9.6,3,3,30.9,3,2.107747045460738,2.107747045460738,1566.3512951230355,1566.3512951230355,0.8481925092502898,0.8481925092502898
    390.25, Eocene/Paleocene,     21.43,   55.8076,       255,,,0.510095,          Sltst,3,3,21.2,3,3,9.6,3,3,30.9,3,2.107747045460738,2.107747045460738,1566.3512951230355,1566.3512951230355,0.8481925092502898,0.8481925092502898
    390.50, Eocene/Paleocene,     21.44,   51.8655,       261,,,0.460819,          Sltst,3,3,21.2,3,3,9.6,3,3,30.9,3,2.196176998523641,2.196176998523641,1565.2627557213282,1565.2627557213282,0.8835443485745185,0.8835443485745185
    390.75, Eocene/Paleocene,     21.44,   49.7715,       261,,,0.434644,          Sltst,3,3,21.2,3,3,9.6,3,3,30.9,3,2.2431502516574477,2.2431502516574477,1564.6845326748212,1564.6845326748212,0.9023229506183468,0.9023229506183468
    391.00, Eocene/Paleocene,     21.45,   50.9088,       262,,,0.44886,          Sltst,3,3,21.2,3,3,9.6,3,3,30.9,3,2.217638436316466,2.217638436316466,1564.9985735087905,1564.9985735087905,0.8921240353688697,0.8921240353688697
    391.25, Eocene/Paleocene,     21.46,   53.3148,       261,,,0.478935,          Sltst,3,3,21.2,3,3,9.6,3,3,30.9,3,2.16366630305957,2.16366630305957,1565.6629501324276,1565.6629501324276,0.8705474754273935,0.8705474754273935
    391.50, Eocene/Paleocene,     21.46,   52.6311,       261,,,0.470389,          Sltst,3,3,21.2,3,3,9.6,3,3,30.9,3,2.179002823452369,2.179002823452369,1565.4741633452088,1565.4741633452088,0.876678590348752,0.876678590348752
    391.75, Eocene/Paleocene,     21.47,   52.6311,       261,,,0.470389,          Sltst,3,3,21.2,3,3,9.6,3,3,30.9,3,2.179002823452369,2.179002823452369,1565.4741633452088,1565.4741633452088,0.876678590348752,0.876678590348752
    392.00, Eocene/Paleocene,     21.47,   53.3853,       261,,,0.479816,          Sltst,3,3,21.2,3,3,9.6,3,3,30.9,3,2.162085273985611,2.162085273985611,1565.6824120045947,1565.6824120045947,0.8699154239125659,0.8699154239125659
    392.25, Eocene/Paleocene,     21.48,   59.9752,       262,,,0.56219,          Sltst,3,3,21.2,3,3,9.6,3,3,30.9,3,2.0142581582780945,2.0142581582780945,1567.5021080975448,1567.5021080975448,0.810818248563633,0.810818248563633
    392.50, Eocene/Paleocene,     21.49,   60.4979,       261,,,0.568723,          Sltst,3,3,21.2,3,3,9.6,3,3,30.9,3,2.0025341367795977,2.0025341367795977,1567.646426384568,1567.646426384568,0.806131310372522,0.806131310372522
    392.75, Eocene/Paleocene,     21.49,   55.3505,       262,,,0.504382,          Sltst,3,3,21.2,3,3,9.6,3,3,30.9,3,2.1179995075487392,2.1179995075487392,1566.2250911778704,1566.2250911778704,0.8522911588577927,0.8522911588577927
    393.00, Eocene/Paleocene,      21.5,   51.3419,       262,,,0.454274,          Sltst,3,3,21.2,3,3,9.6,3,3,30.9,3,2.2079225550379014,2.2079225550379014,1565.1181723463756,1565.1181723463756,0.8882398958668529,0.8882398958668529
    393.25, Eocene/Paleocene,      21.5,   51.3419,       262,,,0.454274,          Sltst,3,3,21.2,3,3,9.6,3,3,30.9,3,2.2079225550379014,2.2079225550379014,1565.1181723463756,1565.1181723463756,0.8882398958668529,0.8882398958668529
    393.50, Eocene/Paleocene,     21.51,   52.9568,       262,,,0.47446,          Sltst,3,3,21.2,3,3,9.6,3,3,30.9,3,2.1716970693546527,2.1716970693546527,1565.564094425336,1565.564094425336,0.8737579527586689,0.8737579527586689
    393.75, Eocene/Paleocene,     21.51,   49.9152,       262,,,0.43644,          Sltst,3,3,21.2,3,3,9.6,3,3,30.9,3,2.2399271776315333,2.2399271776315333,1564.7242075016227,1564.7242075016227,0.901034455135225,0.901034455135225
    394.00, Eocene/Paleocene,     21.52,   49.9836,       261,,,0.437295,          Sltst,3,3,21.2,3,3,9.6,3,3,30.9,3,2.2383928077583946,2.2383928077583946,1564.7430950166088,1564.7430950166088,0.9004210566730484,0.9004210566730484
    394.25, Eocene/Paleocene,    21.525,   50.1089,       262,,,0.438862,          Sltst,3,3,21.2,3,3,9.6,3,3,30.9,3,2.2355806936166305,2.2355806936166305,1564.7777110820864,1564.7777110820864,0.8992968515382755,0.8992968515382755
    394.50, Eocene/Paleocene,     21.53,   52.3863,       262,,,0.467329,          Sltst,3,3,21.2,3,3,9.6,3,3,30.9,3,2.1844942524720237,2.1844942524720237,1565.406565923153,1565.406565923153,0.8788739111607525,0.8788739111607525
    394.75, Eocene/Paleocene,     21.54,   52.3863,       262,,,0.467329,          Sltst,3,3,21.2,3,3,9.6,3,3,30.9,3,2.1844942524720237,2.1844942524720237,1565.406565923153,1565.406565923153,0.8788739111607525,0.8788739111607525
    395.00, Eocene/Paleocene,     21.54,   52.6125,       261,,,0.470157,          Sltst,3,3,21.2,3,3,9.6,3,3,30.9,3,2.179419167090461,2.179419167090461,1565.4690383119025,1565.4690383119025,0.8768450329724069,0.8768450329724069
    395.25, Eocene/Paleocene,     21.55,   54.3809,       259,,,0.492261,          Sltst,3,3,21.2,3,3,9.6,3,3,30.9,3,2.13975166805437,2.13975166805437,1565.9573302782824,1565.9573302782824,0.8609870685186616,0.8609870685186616
    395.50, Eocene/Paleocene,   21.5533,   55.2472,       258,,,0.50309,          Sltst,3,3,21.2,3,3,9.6,3,3,30.9,3,2.1203181109125935,2.1203181109125935,1566.1965500441133,1566.1965500441133,0.8532180720895263,0.8532180720895263
    395.75, Eocene/Paleocene,     21.56,   52.9582,       259,,,0.474478,          Sltst,3,3,21.2,3,3,9.6,3,3,30.9,3,2.1716647668310074,2.1716647668310074,1565.5644920572306,1565.5644920572306,0.8737450391068335,0.8737450391068335
    396.00, Eocene/Paleocene,     21.57,   53.2634,       259,,,0.478293,          Sltst,3,3,21.2,3,3,9.6,3,3,30.9,3,2.1648184264029093,2.1648184264029093,1565.6487679281922,1565.6487679281922,0.8710080623428524,0.8710080623428524
    396.25, Eocene/Paleocene,     21.57,   53.2634,       258,,,0.478293,          Sltst,3,3,21.2,3,3,9.6,3,3,30.9,3,2.1648184264029093,2.1648184264029093,1565.6487679281922,1565.6487679281922,0.8710080623428524,0.8710080623428524
    396.50, Eocene/Paleocene,     21.58,   47.6763,       257,,,0.408453,          Sltst,3,3,21.2,3,3,9.6,3,3,30.9,3,2.2901522181456064,2.2901522181456064,1564.1059561777413,1564.1059561777413,0.9211130314638065,0.9211130314638065
    396.75, Eocene/Paleocene,     21.58,   46.5576,       251,,,0.394469,          Sltst,3,3,21.2,3,3,9.6,3,3,30.9,3,2.315247689848497,2.315247689848497,1563.7970403770782,1563.7970403770782,0.9311455040896288,0.9311455040896288
    397.00, Eocene/Paleocene,     21.59,   50.8987,       257,,,0.448734,          Sltst,3,3,21.2,3,3,9.6,3,3,30.9,3,2.2178645539819812,2.2178645539819812,1564.9957900855293,1564.9957900855293,0.8922144309317168,0.8922144309317168
    397.25, Eocene/Paleocene,     21.59,   52.3967,       257,,,0.467459,          Sltst,3,3,21.2,3,3,9.6,3,3,30.9,3,2.1842609564679205,2.1842609564679205,1565.4094377090573,1565.4094377090573,0.8787806458974976,0.8787806458974976
    397.50, Eocene/Paleocene,      21.6,   51.2006,       257,,,0.452507,          Sltst,3,3,21.2,3,3,9.6,3,3,30.9,3,2.2110935861090546,2.2110935861090546,1565.0791381487375,1565.0791381487375,0.8895075860220181,0.8895075860220181
    397.75, Eocene/Paleocene,     21.61,   51.2006,       253,,,0.452507,          Sltst,3,3,21.2,3,3,9.6,3,3,30.9,3,2.2110935861090546,2.2110935861090546,1565.0791381487375,1565.0791381487375,0.8895075860220181,0.8895075860220181
    398.00, Eocene/Paleocene,     21.61,   58.6527,       256,,,0.545659,          Sltst,3,3,21.2,3,3,9.6,3,3,30.9,3,2.043924437076756,2.043924437076756,1567.1369273838177,1567.1369273838177,0.8226780029241498,0.8226780029241498
    398.25, Eocene/Paleocene,     21.62,     66.64,       257,,,0.6455,          Sltst,3,3,21.2,3,3,9.6,3,3,30.9,3,1.8647513113410374,1.8647513113410374,1569.3424810490064,1569.3424810490064,0.7510495633192646,0.7510495633192646
    398.50, Eocene/Paleocene,     21.63,   58.5392,       257,,,0.54424,          Sltst,3,3,21.2,3,3,9.6,3,3,30.9,3,2.0464709526907727,2.0464709526907727,1567.1055807361388,1567.1055807361388,0.8236960291438324,0.8236960291438324
    398.75, Eocene/Paleocene,     21.63,   56.9681,       259,,,0.524601,          Sltst,3,3,21.2,3,3,9.6,3,3,30.9,3,2.0817148005721418,2.0817148005721418,1566.6717422486374,1566.6717422486374,0.8377855407212439,0.8377855407212439
    399.00, Eocene/Paleocene,     21.64,   52.7155,       259,,,0.471443,          Sltst,3,3,21.2,3,3,9.6,3,3,30.9,3,2.1771113312344883,2.1771113312344883,1565.4974469016947,1565.4974469016947,0.8759224242912851,0.8759224242912851
    399.25, Eocene/Paleocene,     21.64,   52.7155,       260,,,0.471443,          Sltst,3,3,21.2,3,3,9.6,3,3,30.9,3,2.1771113312344883,2.1771113312344883,1565.4974469016947,1565.4974469016947,0.8759224242912851,0.8759224242912851
    399.50, Eocene/Paleocene,     21.65,   55.5772,       261,,,0.507215,          Sltst,3,3,21.2,3,3,9.6,3,3,30.9,3,2.1129154492439417,2.1129154492439417,1566.287674019924,1566.287674019924,0.8502586935439373,0.8502586935439373
    399.75, Eocene/Paleocene,   21.6525,   52.6888,       261,,,0.47111,          Sltst,3,3,21.2,3,3,9.6,3,3,30.9,3,2.1777089279219215,2.1777089279219215,1565.4900907116476,1565.4900907116476,0.8761613268502382,0.8761613268502382
    400.00, Eocene/Paleocene,     21.66,     49.06,       327,,,0.42575,          Sltst,3,3,21.2,3,3,9.6,3,3,30.9,3,2.259111287507384,2.259111287507384,1564.4880583376432,1564.4880583376432,0.9087037294751876,0.9087037294751876
    400.25, Eocene/Paleocene,     21.67,   48.9941,       328,,,0.424926,          Sltst,3,3,21.2,3,3,9.6,3,3,30.9,3,2.2605900252564677,2.2605900252564677,1564.4698556331418,1564.4698556331418,0.9092948877592035,0.9092948877592035
    400.50, Eocene/Paleocene,     21.68,   50.0943,       327,,,0.438679,          Sltst,3,3,21.2,3,3,9.6,3,3,30.9,3,2.2359091026070215,2.2359091026070215,1564.7736684911595,1564.7736684911595,0.8994281403319344,0.8994281403319344
    400.75, Eocene/Paleocene,     21.68,   50.0943,       327,,,0.438679,          Sltst,3,3,21.2,3,3,9.6,3,3,30.9,3,2.2359091026070215,2.2359091026070215,1564.7736684911595,1564.7736684911595,0.8994281403319344,0.8994281403319344
    401.00, Eocene/Paleocene,     21.69,   45.5742,       327,,,0.382177,          Sltst,3,3,21.2,3,3,9.6,3,3,30.9,3,2.337306724328755,2.337306724328755,1563.5255019744932,1563.5255019744932,0.9399640934429331,0.9399640934429331
    401.25, Eocene/Paleocene,   21.6833,   48.1508,       327,,,0.414385,          Sltst,3,3,21.2,3,3,9.6,3,3,30.9,3,2.2795067420199238,2.2795067420199238,1564.2369979776222,1564.2369979776222,0.9168572657589742,0.9168572657589742
    401.50, Eocene/Paleocene,      21.7,   44.3923,       328,,,0.367403,          Sltst,3,3,21.2,3,3,9.6,3,3,30.9,3,2.363819917902733,2.363819917902733,1563.199134551796,1563.199134551796,0.9505633318993044,0.9505633318993044
    401.75, Eocene/Paleocene,    21.705,   43.3487,       328,,,0.354358,          Sltst,3,3,21.2,3,3,9.6,3,3,30.9,3,2.387230274622141,2.387230274622141,1562.9109618816267,1562.9109618816267,0.9599221423543853,0.9599221423543853
    402.00, Eocene/Paleocene,     21.71,   45.4907,       328,,,0.381134,          Sltst,3,3,21.2,3,3,9.6,3,3,30.9,3,2.3391784761155194,2.3391784761155194,1563.502461415276,1563.502461415276,0.9407123678242784,0.9407123678242784
    402.25, Eocene/Paleocene,     21.71,   45.4907,   327.001,,,0.381134,          Sltst,3,3,21.2,3,3,9.6,3,3,30.9,3,2.3391784761155194,2.3391784761155194,1563.502461415276,1563.502461415276,0.9407123678242784,0.9407123678242784
    402.50, Eocene/Paleocene,     21.73,   49.3134,   324.002,,,0.428917,          Sltst,3,3,21.2,3,3,9.6,3,3,30.9,3,2.2534278379305066,2.2534278379305066,1564.558019460405,1564.558019460405,0.9064316441772773,0.9064316441772773
    402.75, Eocene/Paleocene,     21.73,   52.5195,       328,,,0.468994,          Sltst,3,3,21.2,3,3,9.6,3,3,30.9,3,2.1815062690348586,2.1815062690348586,1565.4433468733891,1565.4433468733891,0.8776793983659875,0.8776793983659875
    403.00, Eocene/Paleocene,     21.74,   54.0768,       328,,,0.48846,          Sltst,3,3,21.2,3,3,9.6,3,3,30.9,3,2.146572884297411,2.146572884297411,1565.873363676572,1565.873363676572,0.8637140013312152,0.8637140013312152
    403.25, Eocene/Paleocene,     21.75,   58.7414,   327.001,,,0.546768,          Sltst,3,3,21.2,3,3,9.6,3,3,30.9,3,2.0419342427032934,2.0419342427032934,1567.1614259266478,1567.1614259266478,0.821882378486075,0.821882378486075
    403.50, Eocene/Paleocene,     21.75,   66.3358,   327.999,,,0.641698,          Sltst,3,3,21.2,3,3,9.6,3,3,30.9,3,1.8715743221687255,1.8715743221687255,1569.258492356635,1569.258492356635,0.7537772135569202,0.7537772135569202
    403.75, Eocene/Paleocene,     21.76,   66.3358,   326.999,,,0.641698,          Sltst,3,3,21.2,3,3,9.6,3,3,30.9,3,1.8715743221687255,1.8715743221687255,1569.258492356635,1569.258492356635,0.7537772135569202,0.7537772135569202
    404.00, Eocene/Paleocene,     21.77,   72.9578,       327,,,0.724473,          Sltst,3,3,21.2,3,3,9.6,3,3,30.9,3,1.723027578017784,1.723027578017784,1571.0870468045673,1571.0870468045673,0.6943923507421008,0.6943923507421008
    404.25, Eocene/Paleocene,     21.78,   76.5091,       327,,,0.768864,          Sltst,3,3,21.2,3,3,9.6,3,3,30.9,3,1.6433641709552116,1.6433641709552116,1572.0676733282537,1572.0676733282537,0.6625451330409514,0.6625451330409514
    404.50, Eocene/Paleocene,     21.78,   79.9914,   327.999,,,0.812392,          Sltst,3,3,21.2,3,3,9.6,3,3,30.9,3,1.5652494904429535,1.5652494904429535,1573.0292356116677,1573.0292356116677,0.6313170532027943,0.6313170532027943
    404.75, Eocene/Paleocene,   21.7975,   79.9851,       327,,,0.812314,          Sltst,3,3,21.2,3,3,9.6,3,3,30.9,3,1.5653894680454152,1.5653894680454152,1573.0275125401251,1573.0275125401251,0.6313730123607473,0.6313730123607473
    405.00, Eocene/Paleocene,      21.8,   80.5068,       327,,,0.818835,          Sltst,3,3,21.2,3,3,9.6,3,3,30.9,3,1.5536869815626815,1.5536869815626815,1573.1715657392187,1573.1715657392187,0.6266946832708599,0.6266946832708599
    405.25, Eocene/Paleocene,      21.8,   80.5068,       327,,,0.818835,          Sltst,3,3,21.2,3,3,9.6,3,3,30.9,3,1.5536869815626815,1.5536869815626815,1573.1715657392187,1573.1715657392187,0.6266946832708599,0.6266946832708599
    405.50, Eocene/Paleocene,     21.81,   77.8821,   327.001,,,0.786027,          Sltst,3,3,21.2,3,3,9.6,3,3,30.9,3,1.6125637146596803,1.6125637146596803,1572.4468153396083,1572.4468153396083,0.6502319660159953,0.6502319660159953
    405.75, Eocene/Paleocene,     21.82,   79.1546,       327,,,0.801932,          Sltst,3,3,21.2,3,3,9.6,3,3,30.9,3,1.584020845850007,1.584020845850007,1572.798167299673,1572.798167299673,0.6388213197693061,0.6388213197693061
    406.00, Eocene/Paleocene,   21.8267,   79.1364,   326.999,,,0.801705,          Sltst,3,3,21.2,3,3,9.6,3,3,30.9,3,1.5844282165648635,1.5844282165648635,1572.7931527196708,1572.7931527196708,0.6389841752674512,0.6389841752674512
    406.25, Eocene/Paleocene,     21.83,   78.0117,   325.001,,,0.787647,          Sltst,3,3,21.2,3,3,9.6,3,3,30.9,3,1.6096564875316282,1.6096564875316282,1572.4826022101083,1572.4826022101083,0.6490697373508185,0.6490697373508185
    406.50, Eocene/Paleocene,     21.84,   79.9639,       326,,,0.812049,          Sltst,3,3,21.2,3,3,9.6,3,3,30.9,3,1.5658650329768558,1.5658650329768558,1573.0216585150124,1573.0216585150124,0.631563130012767,0.631563130012767
    406.75, Eocene/Paleocene,     21.85,   79.9639,   326.999,,,0.812049,          Sltst,3,3,21.2,3,3,9.6,3,3,30.9,3,1.5658650329768558,1.5658650329768558,1573.0216585150124,1573.0216585150124,0.631563130012767,0.631563130012767
    407.00, Eocene/Paleocene,   21.8525,   81.5209,       327,,,0.831511,          Sltst,3,3,21.2,3,3,9.6,3,3,30.9,3,1.530938826577996,1.530938826577996,1573.4515869555519,1573.4515869555519,0.6176006026784026,0.6176006026784026
    407.25, Eocene/Paleocene,     21.86,   74.3722,   326.999,,,0.742153,          Sltst,3,3,21.2,3,3,9.6,3,3,30.9,3,1.6912993214597818,1.6912993214597818,1571.4776096875567,1571.4776096875567,0.681708274939431,0.681708274939431
    407.50, Eocene/Paleocene,     21.87,   66.8443,       328,,,0.648053,          Sltst,3,3,21.2,3,3,9.6,3,3,30.9,3,1.8601697367373846,1.8601697367373846,1569.3988785060353,1569.3988785060353,0.7492179770339582,0.7492179770339582
    407.75, Eocene/Paleocene,     21.87,   59.0408,       328,,,0.550509,          Sltst,3,3,21.2,3,3,9.6,3,3,30.9,3,2.035220701539069,2.035220701539069,1567.2440670887102,1567.2440670887102,0.819198491179639,0.819198491179639
    408.00, Eocene/Paleocene,     21.88,   53.8576,   327.001,,,0.48572,          Sltst,3,3,21.2,3,3,9.6,3,3,30.9,3,2.151490046230043,2.151490046230043,1565.8128352659728,1565.8128352659728,0.8656797461105883,0.8656797461105883
    408.25, Eocene/Paleocene,     21.89,   53.8576,   327.001,,,0.48572,          Sltst,3,3,21.2,3,3,9.6,3,3,30.9,3,2.151490046230043,2.151490046230043,1565.8128352659728,1565.8128352659728,0.8656797461105883,0.8656797461105883
    408.50, Eocene/Paleocene,      21.9,   53.2163,       324,,,0.477704,          Sltst,3,3,21.2,3,3,9.6,3,3,30.9,3,2.1658754367599604,2.1658754367599604,1565.6357565289795,1565.6357565289795,0.8714306257279074,0.8714306257279074
    408.75, Eocene/Paleocene,      21.9,   54.9636,   325.999,,,0.499545,          Sltst,3,3,21.2,3,3,9.6,3,3,30.9,3,2.1266799134860164,2.1266799134860164,1566.1182386515684,1566.1182386515684,0.8557613440759779,0.8557613440759779
    409.00, Eocene/Paleocene,     21.91,   59.2309,       327,,,0.552887,          Sltst,3,3,21.2,3,3,9.6,3,3,30.9,3,2.0309531792486317,2.0309531792486317,1567.2965986800987,1567.2965986800987,0.8174924542871759,0.8174924542871759
    409.25, Eocene/Paleocene,     21.92,    61.674,       327,,,0.583425,          Sltst,3,3,21.2,3,3,9.6,3,3,30.9,3,1.9761501533002,1.9761501533002,1567.9712032796874,1567.9712032796874,0.7955837265234917,0.7955837265234917
    409.50, Eocene/Paleocene,     21.92,   61.5206,       328,,,0.581507,          Sltst,3,3,21.2,3,3,9.6,3,3,30.9,3,1.979592166653042,1.979592166653042,1567.928833392268,1567.928833392268,0.7969597478690529,0.7969597478690529
    409.75, Eocene/Paleocene,     21.93,   61.5206,       328,,,0.581507,          Sltst,3,3,21.2,3,3,9.6,3,3,30.9,3,1.979592166653042,1.979592166653042,1567.928833392268,1567.928833392268,0.7969597478690529,0.7969597478690529
    410.00, Eocene/Paleocene,     21.94,   59.1145,       328,,,0.551431,          Sltst,3,3,21.2,3,3,9.6,3,3,30.9,3,2.033566094494585,2.033566094494585,1567.26443467797,1567.26443467797,0.818537025235631,0.818537025235631
    410.25, Eocene/Paleocene,     21.94,    57.416,       324,,,0.5302,          Sltst,3,3,21.2,3,3,9.6,3,3,30.9,3,2.071666921133892,2.071666921133892,1566.795427858471,1566.795427858471,0.8337686775753643,0.8337686775753643
    410.50, Eocene/Paleocene,     21.95,   53.3694,       324,,,0.479617,          Sltst,3,3,21.2,3,3,9.6,3,3,30.9,3,2.162442396330353,2.162442396330353,1565.6780159630948,1565.6780159630948,0.8700581915078561,0.8700581915078561
    410.75, Eocene/Paleocene,     21.96,   53.4015,       324,,,0.480018,          Sltst,3,3,21.2,3,3,9.6,3,3,30.9,3,2.1617227678869275,2.1617227678869275,1565.6868743180767,1565.6868743180767,0.8697705040419698,0.8697705040419698
    411.00, Eocene/Paleocene,     21.96,   59.1735,       324,,,0.552169,          Sltst,3,3,21.2,3,3,9.6,3,3,30.9,3,2.032241691025139,2.032241691025139,1567.2807375856423,1567.2807375856423,0.8180075655103838,0.8180075655103838
    411.25, Eocene/Paleocene,     21.97,   59.1735,       324,,,0.552169,          Sltst,3,3,21.2,3,3,9.6,3,3,30.9,3,2.032241691025139,2.032241691025139,1567.2807375856423,1567.2807375856423,0.8180075655103838,0.8180075655103838
    411.50, Eocene/Paleocene,     21.98,    64.591,       322,,,0.619887,          Sltst,3,3,21.2,3,3,9.6,3,3,30.9,3,1.910716007903261,1.910716007903261,1568.7766729538703,1568.7766729538703,0.7694249724557909,0.7694249724557909
    411.75, Eocene/Paleocene,     21.98,   68.4314,       320,,,0.667892,          Sltst,3,3,21.2,3,3,9.6,3,3,30.9,3,1.8245669719266262,1.8245669719266262,1569.8371351256974,1569.8371351256974,0.7349849804361545,0.7349849804361545
    412.00, Eocene/Paleocene,     21.99,   71.3481,       320,,,0.704351,          Sltst,3,3,21.2,3,3,9.6,3,3,30.9,3,1.7591382102836282,1.7591382102836282,1570.642538527898,1570.642538527898,0.7088283786437596,0.7088283786437596
    412.25, Eocene/Paleocene,        22,   72.8865,   321.999,,,0.723582,          Sltst,3,3,21.2,3,3,9.6,3,3,30.9,3,1.724626552938213,1.724626552938213,1571.0673640257921,1571.0673640257921,0.6950315765079481,0.6950315765079481
    412.50, Eocene/Paleocene,        22,   70.8402,       324,,,0.698003,          Sltst,3,3,21.2,3,3,9.6,3,3,30.9,3,1.7705302336224402,1.7705302336224402,1570.5023070131233,1570.5023070131233,0.7133825931910077,0.7133825931910077
    412.75, Eocene/Paleocene,     22.01,   70.8402,       324,,,0.698003,          Sltst,3,3,21.2,3,3,9.6,3,3,30.9,3,1.7705302336224402,1.7705302336224402,1570.5023070131233,1570.5023070131233,0.7133825931910077,0.7133825931910077
    413.00, Eocene/Paleocene,     22.02,   67.6167,       324,,,0.657708,          Sltst,3,3,21.2,3,3,9.6,3,3,30.9,3,1.8428430219711227,1.8428430219711227,1569.6121638360842,1569.6121638360842,0.742291237674525,0.742291237674525
    413.25, Eocene/Paleocene,     22.02,    65.519,   322.001,,,0.631487,          Sltst,3,3,21.2,3,3,9.6,3,3,30.9,3,1.8898988259986893,1.8898988259986893,1569.03292461918,1569.03292461918,0.7611028412730436,0.7611028412730436
    413.50, Eocene/Paleocene,     22.03,   67.4717,       324,,,0.655897,          Sltst,3,3,21.2,3,3,9.6,3,3,30.9,3,1.8460930147667416,1.8460930147667416,1569.5721576493706,1569.5721576493706,0.7435904945341764,0.7435904945341764
    413.75, Eocene/Paleocene,     22.04,   68.0075,       324,,,0.662593,          Sltst,3,3,21.2,3,3,9.6,3,3,30.9,3,1.8340764759707924,1.8340764759707924,1569.7200767141046,1569.7200767141046,0.7387866160514457,0.7387866160514457
    414.00, Eocene/Paleocene,   22.0425,   68.3008,       324,,,0.66626,          Sltst,3,3,21.2,3,3,9.6,3,3,30.9,3,1.8274957340704419,1.8274957340704419,1569.8010831672677,1569.8010831672677,0.7361558182025548,0.7361558182025548
    414.25, Eocene/Paleocene,     22.05,   68.3008,       324,,,0.66626,          Sltst,3,3,21.2,3,3,9.6,3,3,30.9,3,1.8274957340704419,1.8274957340704419,1569.8010831672677,1569.8010831672677,0.7361558182025548,0.7361558182025548
    414.50, Eocene/Paleocene,     22.06,   66.8544,       324,,,0.64818,          Sltst,3,3,21.2,3,3,9.6,3,3,30.9,3,1.8599418244872226,1.8599418244872226,1569.4016840199572,1569.4016840199572,0.7491268640460091,0.7491268640460091
    414.75, Eocene/Paleocene,     22.06,   64.2425,       324,,,0.615531,          Sltst,3,3,21.2,3,3,9.6,3,3,30.9,3,1.918533218625357,1.918533218625357,1568.6804460354144,1568.6804460354144,0.7725500761999329,0.7725500761999329
    415.00, Eocene/Paleocene,     22.07,   64.3376,       324,,,0.61672,          Sltst,3,3,21.2,3,3,9.6,3,3,30.9,3,1.9163994574801384,1.9163994574801384,1568.7067118311086,1568.7067118311086,0.7716970577537012,0.7716970577537012
    415.25, Eocene/Paleocene,     22.08,    60.424,       324,,,0.5678,          Sltst,3,3,21.2,3,3,9.6,3,3,30.9,3,2.0041905384087286,2.0041905384087286,1567.6260367046473,1567.6260367046473,0.8067934937416319,0.8067934937416319
    415.50, Eocene/Paleocene,     22.08,   61.1919,       324,,,0.577399,          Sltst,3,3,21.2,3,3,9.6,3,3,30.9,3,1.9869643203826957,1.9869643203826957,1567.838084957691,1567.838084957691,0.7999069301879086,0.7999069301879086
    415.75, Eocene/Paleocene,     22.09,   61.1919,       324,,,0.577399,          Sltst,3,3,21.2,3,3,9.6,3,3,30.9,3,1.9869643203826957,1.9869643203826957,1567.838084957691,1567.838084957691,0.7999069301879086,0.7999069301879086
    416.00, Eocene/Paleocene,     22.09,   66.0988,       324,,,0.638735,          Sltst,3,3,21.2,3,3,9.6,3,3,30.9,3,1.8768916764776258,1.8768916764776258,1569.1930377286772,1569.1930377286772,0.7559029441340305,0.7559029441340305
    416.25, Eocene/Paleocene,      22.1,   70.0468,       324,,,0.688085,          Sltst,3,3,21.2,3,3,9.6,3,3,30.9,3,1.788328924150849,1.788328924150849,1570.2832118392835,1570.2832118392835,0.7204980153522567,0.7204980153522567
    416.50, Eocene/Paleocene,   22.1067,   69.5171,       324,,,0.681464,          Sltst,3,3,21.2,3,3,9.6,3,3,30.9,3,1.8002108690982774,1.8002108690982774,1570.1369495741098,1570.1369495741098,0.7252480869523403,0.7252480869523403
    416.75, Eocene/Paleocene,     22.11,   64.5689,       324,,,0.619611,          Sltst,3,3,21.2,3,3,9.6,3,3,30.9,3,1.911211313265818,1.911211313265818,1568.7705759314888,1568.7705759314888,0.7696229817839321,0.7696229817839321
    417.00, Eocene/Paleocene,     22.12,   63.9302,       324,,,0.611627,          Sltst,3,3,21.2,3,3,9.6,3,3,30.9,3,1.9255392770870334,1.9255392770870334,1568.5942040956413,1568.5942040956413,0.7753509037979884,0.7753509037979884
    417.25, Eocene/Paleocene,     22.13,   63.9302,       324,,,0.611627,          Sltst,3,3,21.2,3,3,9.6,3,3,30.9,3,1.9255392770870334,1.9255392770870334,1568.5942040956413,1568.5942040956413,0.7753509037979884,0.7753509037979884
    417.50, Eocene/Paleocene,     22.13,   63.6629,   304.001,,,0.608286,          Sltst,3,3,21.2,3,3,9.6,3,3,30.9,3,1.9315349843924796,1.9315349843924796,1568.5203991979,1568.5203991979,0.7777478210636402,0.7777478210636402
    417.75, Eocene/Paleocene,     22.14,   57.8529,   305.999,,,0.535662,          Sltst,3,3,21.2,3,3,9.6,3,3,30.9,3,2.061864899792274,2.061864899792274,1566.9160870477745,1566.9160870477745,0.8298501016684536,0.8298501016684536
    418.00, Eocene/Paleocene,     22.15,   54.1718,   315.996,,,0.489648,          Sltst,3,3,21.2,3,3,9.6,3,3,30.9,3,2.1444409177368393,2.1444409177368393,1565.8996073816054,1565.8996073816054,0.8628617003100856,0.8628617003100856
    418.25, Eocene/Paleocene,     22.15,    56.029,       322,,,0.512862,          Sltst,3,3,21.2,3,3,9.6,3,3,30.9,3,2.1027814297426386,2.1027814297426386,1566.412419981476,1566.412419981476,0.8462073939931636,0.8462073939931636
    418.50, Eocene/Paleocene,     22.16,    59.726,       322,,,0.559075,          Sltst,3,3,21.2,3,3,9.6,3,3,30.9,3,2.019848289453331,2.019848289453331,1567.4332956891449,1567.4332956891449,0.8130530277562413,0.8130530277562413
    418.75, Eocene/Paleocene,     22.17,    59.726,   328.002,,,0.559075,          Sltst,3,3,21.2,3,3,9.6,3,3,30.9,3,2.019848289453331,2.019848289453331,1567.4332956891449,1567.4332956891449,0.8130530277562413,0.8130530277562413
    419.00, Eocene/Paleocene,     22.17,   64.2169,   324.004,,,0.615212,          Sltst,3,3,21.2,3,3,9.6,3,3,30.9,3,1.9191056911277329,1.9191056911277329,1568.6733991146184,1568.6733991146184,0.7727789348074584,0.7727789348074584
    419.25, Eocene/Paleocene,     22.18,   66.8332,   315.002,,,0.647916,          Sltst,3,3,21.2,3,3,9.6,3,3,30.9,3,1.8604155948340162,1.8604155948340162,1569.3958520855053,1569.3958520855053,0.7493162642729267,0.7493162642729267
    419.50, Eocene/Paleocene,     22.18,   68.9127,   314.999,,,0.673909,          Sltst,3,3,21.2,3,3,9.6,3,3,30.9,3,1.8137689561059533,1.8137689561059533,1569.9700546317465,1569.9700546317465,0.7306682335976553,0.7306682335976553
    419.75, Eocene/Paleocene,     22.19,   64.8756,       315,,,0.623446,          Sltst,3,3,21.2,3,3,9.6,3,3,30.9,3,1.9043290811447808,1.9043290811447808,1568.8552936156666,1568.8552936156666,0.7668716565179119,0.7668716565179119
    420.00, Eocene/Paleocene,      22.2,   66.3968,       315,,,0.64246,          Sltst,3,3,21.2,3,3,9.6,3,3,30.9,3,1.8702068486677528,1.8702068486677528,1569.2753254401666,1569.2753254401666,0.7532305356292259,0.7532305356292259
    420.25, Eocene/Paleocene,      22.2,   66.3968,       314,,,0.64246,          Sltst,3,3,21.2,3,3,9.6,3,3,30.9,3,1.8702068486677528,1.8702068486677528,1569.2753254401666,1569.2753254401666,0.7532305356292259,0.7532305356292259
    420.50, Eocene/Paleocene,     22.21,   64.0863,       314,,,0.613578,          Sltst,3,3,21.2,3,3,9.6,3,3,30.9,3,1.9220380424408423,1.9220380424408423,1568.637302974867,1568.637302974867,0.7739512074240626,0.7739512074240626
    420.75, Eocene/Paleocene,     22.21,   60.5002,       314,,,0.568753,          Sltst,3,3,21.2,3,3,9.6,3,3,30.9,3,2.0024802992401893,2.0024802992401893,1567.647089104392,1567.647089104392,0.8061097876194632,0.8061097876194632
    421.00, Eocene/Paleocene,    22.215,   54.6502,   314.001,,,0.495627,          Sltst,3,3,21.2,3,3,9.6,3,3,30.9,3,2.13371109613275,2.13371109613275,1566.031687442544,1566.031687442544,0.8585722156254609,0.8585722156254609
    421.25, Eocene/Paleocene,     22.22,   53.4988,   310.999,,,0.481235,          Sltst,3,3,21.2,3,3,9.6,3,3,30.9,3,2.1595387583715944,2.1595387583715944,1565.7137586522733,1565.7137586522733,0.8688973976928833,0.8688973976928833
    421.50, Eocene/Paleocene,     22.23,   53.5821,       313,,,0.482276,          Sltst,3,3,21.2,3,3,9.6,3,3,30.9,3,2.1576705957541242,2.1576705957541242,1565.736755030169,1565.736755030169,0.8681505581617419,0.8681505581617419
    421.75, Eocene/Paleocene,     22.23,   53.5821,   313.999,,,0.482276,          Sltst,3,3,21.2,3,3,9.6,3,3,30.9,3,2.1576705957541242,2.1576705957541242,1565.736755030169,1565.736755030169,0.8681505581617419,0.8681505581617419
    422.00, Eocene/Paleocene,     22.24,   53.1837,   309.002,,,0.477296,          Sltst,3,3,21.2,3,3,9.6,3,3,30.9,3,2.1666076272959143,2.1666076272959143,1565.6267435393722,1565.6267435393722,0.8717233351695075,0.8717233351695075
    422.25, Eocene/Paleocene,   22.2425,   52.9848,   302.002,,,0.47481,          Sltst,3,3,21.2,3,3,9.6,3,3,30.9,3,2.1710689647282218,2.1710689647282218,1565.571826156617,1565.571826156617,0.8735068539729824,0.8735068539729824
    422.50, Eocene/Paleocene,     22.25,   52.3796,   309.002,,,0.467245,          Sltst,3,3,21.2,3,3,9.6,3,3,30.9,3,2.184644997582367,2.184644997582367,1565.4047103076455,1565.4047103076455,0.8789341748693172,0.8789341748693172
    422.75, Eocene/Paleocene,     22.26,   48.6138,   305.998,,,0.420173,          Sltst,3,3,21.2,3,3,9.6,3,3,30.9,3,2.269119686083401,2.269119686083401,1564.3648587223472,1564.3648587223472,0.912704809268824,0.912704809268824
    423.00, Eocene/Paleocene,     22.26,   50.3318,   303.998,,,0.441648,          Sltst,3,3,21.2,3,3,9.6,3,3,30.9,3,2.2305809807902395,2.2305809807902395,1564.8392556630824,1564.8392556630824,0.8972981052042122,0.8972981052042122
    423.25, Eocene/Paleocene,     22.27,   50.3318,   307.001,,,0.441648,          Sltst,3,3,21.2,3,3,9.6,3,3,30.9,3,2.2305809807902395,2.2305809807902395,1564.8392556630824,1564.8392556630824,0.8972981052042122,0.8972981052042122
    423.50, Eocene/Paleocene,     22.27,   52.1006,   311.999,,,0.463757,          Sltst,3,3,21.2,3,3,9.6,3,3,30.9,3,2.190904508830914,2.190904508830914,1565.3276580827662,1565.3276580827662,0.8814365536249571,0.8814365536249571
    423.75, Eocene/Paleocene,     22.28,   51.9156,   298.008,,,0.461445,          Sltst,3,3,21.2,3,3,9.6,3,3,30.9,3,2.1950535885346527,2.1950535885346527,1565.2765844749906,1565.2765844749906,0.8830952404606909,0.8830952404606909
    424.00, Eocene/Paleocene,     22.28,   54.4877,       314,,,0.493596,          Sltst,3,3,21.2,3,3,9.6,3,3,30.9,3,2.137355897550697,2.137355897550697,1565.986821310454,1565.986821310454,0.8600293060075437,0.8600293060075437
    424.25, Eocene/Paleocene,     22.29,    54.415,       314,,,0.492688,          Sltst,3,3,21.2,3,3,9.6,3,3,30.9,3,2.1389853804101238,2.1389853804101238,1565.9667629904452,1565.9667629904452,0.8606807280001243,0.8606807280001243
    424.50, Eocene/Paleocene,      22.3,   56.5953,       314,,,0.519941,          Sltst,3,3,21.2,3,3,9.6,3,3,30.9,3,2.0900775650269092,2.0900775650269092,1566.5687997692974,1566.5687997692974,0.841128741696382,0.841128741696382
    424.75, Eocene/Paleocene,      22.3,   56.5953,   308.004,,,0.519941,          Sltst,3,3,21.2,3,3,9.6,3,3,30.9,3,2.0900775650269092,2.0900775650269092,1566.5687997692974,1566.5687997692974,0.841128741696382,0.841128741696382
    425.00, Eocene/Paleocene,     22.31,   56.6325,   314.001,,,0.520406,          Sltst,3,3,21.2,3,3,9.6,3,3,30.9,3,2.089243083166079,2.089243083166079,1566.5790719265706,1566.5790719265706,0.8407951390239701,0.8407951390239701
    425.25, Eocene/Paleocene,     22.31,   56.4375,   311.996,,,0.517969,          Sltst,3,3,21.2,3,3,9.6,3,3,30.9,3,2.0936164859506863,2.0936164859506863,1566.5252369861948,1566.5252369861948,0.8425435039974489,0.8425435039974489
    425.50, Eocene/Paleocene,   22.3125,   58.1005,   313.999,,,0.538757,          Sltst,3,3,21.2,3,3,9.6,3,3,30.9,3,2.0563106603099763,2.0563106603099763,1566.9844576429584,1566.9844576429584,0.8276296709778843,0.8276296709778843
    425.75, Eocene/Paleocene,     22.33,   59.4797,       311,,,0.555996,          Sltst,3,3,21.2,3,3,9.6,3,3,30.9,3,2.0253738155812773,2.0253738155812773,1567.3652785445338,1567.3652785445338,0.8152619796451792,0.8152619796451792
    426.00, Eocene/Paleocene,     22.32,    65.731,   312.999,,,0.634138,          Sltst,3,3,21.2,3,3,9.6,3,3,30.9,3,1.8851413820996359,1.8851413820996359,1569.0914869609678,1569.0914869609678,0.7592009473277451,0.7592009473277451
    426.25, Eocene/Paleocene,     22.34,    65.731,       309,,,0.634138,          Sltst,3,3,21.2,3,3,9.6,3,3,30.9,3,1.8851413820996359,1.8851413820996359,1569.0914869609678,1569.0914869609678,0.7592009473277451,0.7592009473277451
    426.50, Eocene/Paleocene,     22.34,   68.5797,       308,,,0.669746,          Sltst,3,3,21.2,3,3,9.6,3,3,30.9,3,1.8212398119911888,1.8212398119911888,1569.8780912108255,1569.8780912108255,0.733654874297119,0.733654874297119
    426.75, Eocene/Paleocene,     22.35,   68.0315,       309,,,0.662893,          Sltst,3,3,21.2,3,3,9.6,3,3,30.9,3,1.8335381005767086,1.8335381005767086,1569.7267039123453,1569.7267039123453,0.7385713885208574,0.7385713885208574
    427.00, Eocene/Paleocene,     22.35,    71.713,       308,,,0.708913,          Sltst,3,3,21.2,3,3,9.6,3,3,30.9,3,1.7509513151242613,1.7509513151242613,1570.7433161224794,1570.7433161224794,0.7055554853286136,0.7055554853286136
    427.25, Eocene/Paleocene,     22.36,   70.4517,   308.999,,,0.693146,          Sltst,3,3,21.2,3,3,9.6,3,3,30.9,3,1.7792465312526562,1.7792465312526562,1570.3950126736054,1570.3950126736054,0.7168671269112321,0.7168671269112321
    427.50, Eocene/Paleocene,     22.36,   68.2848,       308,,,0.666059,          Sltst,3,3,21.2,3,3,9.6,3,3,30.9,3,1.8278564455844781,1.8278564455844781,1569.7966429444464,1569.7966429444464,0.736300020648049,0.736300020648049
    427.75, Eocene/Paleocene,     22.36,   68.2848,       307,,,0.666059,          Sltst,3,3,21.2,3,3,9.6,3,3,30.9,3,1.8278564455844781,1.8278564455844781,1569.7966429444464,1569.7966429444464,0.736300020648049,0.736300020648049
    428.00, Eocene/Paleocene,     22.38,   62.5595,       307,,,0.594494,          Sltst,3,3,21.2,3,3,9.6,3,3,30.9,3,1.9562858958431566,1.9562858958431566,1568.215724804111,1568.215724804111,0.7876425480698859,0.7876425480698859
    428.25, Eocene/Paleocene,     22.38,   56.5857,       308,,,0.519821,          Sltst,3,3,21.2,3,3,9.6,3,3,30.9,3,2.0902929151845426,2.0902929151845426,1566.5661488900012,1566.5661488900012,0.8412148327086173,0.8412148327086173
    428.50, Eocene/Paleocene,   22.3875,   49.1626,       308,,,0.427032,          Sltst,3,3,21.2,3,3,9.6,3,3,30.9,3,2.2568106299899995,2.2568106299899995,1564.5163785647921,1564.5163785647921,0.9077839904944738,0.9077839904944738
    428.75, Eocene/Paleocene,     22.39,   46.4382,   292.007,,,0.392978,          Sltst,3,3,21.2,3,3,9.6,3,3,30.9,3,2.317923415557093,2.317923415557093,1563.7641032018216,1563.7641032018216,0.9322151849166527,0.9322151849166527
    429.00, Eocene/Paleocene,   22.3925,   46.3021,   300.005,,,0.391276,          Sltst,3,3,21.2,3,3,9.6,3,3,30.9,3,2.3209777986261946,2.3209777986261946,1563.7265048971356,1563.7265048971356,0.9334362424401902,0.9334362424401902
    429.25, Eocene/Paleocene,      22.4,   46.3021,   278.999,,,0.391276,          Sltst,3,3,21.2,3,3,9.6,3,3,30.9,3,2.3209777986261946,2.3209777986261946,1563.7265048971356,1563.7265048971356,0.9334362424401902,0.9334362424401902
    429.50, Eocene/Paleocene,      22.4,   44.6181,   284.997,,,0.370226,          Sltst,3,3,21.2,3,3,9.6,3,3,30.9,3,2.3587538054444046,2.3587538054444046,1563.2614964872416,1563.2614964872416,0.9485380408364685,0.9485380408364685
    429.75, Eocene/Paleocene,     22.42,    46.492,       276,,,0.39365,          Sltst,3,3,21.2,3,3,9.6,3,3,30.9,3,2.3167174546743454,2.3167174546743454,1563.778948125881,1563.778948125881,0.9317330752481348,0.9317330752481348
    430.00, Eocene/Paleocene,     22.41,   48.0477,   276.999,,,0.413096,          Sltst,3,3,21.2,3,3,9.6,3,3,30.9,3,2.2818199616298367,2.2818199616298367,1564.2085231158476,1564.2085231158476,0.9177820267154018,0.9177820267154018
    430.25, Eocene/Paleocene,     22.42,   46.7536,       282,,,0.39692,          Sltst,3,3,21.2,3,3,9.6,3,3,30.9,3,2.3108491628788324,2.3108491628788324,1563.8511845867054,1563.8511845867054,0.9293870951647225,0.9293870951647225
    430.50, Eocene/Paleocene,   22.4275,   45.3655,   282.996,,,0.379569,          Sltst,3,3,21.2,3,3,9.6,3,3,30.9,3,2.3419870010879897,2.3419870010879897,1563.4678895311201,1563.4678895311201,0.9418351381088472,0.9418351381088472
    430.75, Eocene/Paleocene,     22.43,   45.3655,       282,,,0.379569,          Sltst,3,3,21.2,3,3,9.6,3,3,30.9,3,2.3419870010879897,2.3419870010879897,1563.4678895311201,1563.4678895311201,0.9418351381088472,0.9418351381088472
    431.00, Eocene/Paleocene,     22.44,   47.4011,   281.997,,,0.405013,          Sltst,3,3,21.2,3,3,9.6,3,3,30.9,3,2.2963255893311,2.2963255893311,1564.0299643045805,1564.0299643045805,0.9235809738145524,0.9235809738145524
    431.25, Eocene/Paleocene,   22.4425,   50.1517,   297.001,,,0.439396,          Sltst,3,3,21.2,3,3,9.6,3,3,30.9,3,2.2346223854151614,2.2346223854151614,1564.789507494955,1564.789507494955,0.8989137465338283,0.8989137465338283
    431.50, Eocene/Paleocene,     22.45,   52.5934,   287.003,,,0.469918,          Sltst,3,3,21.2,3,3,9.6,3,3,30.9,3,2.1798480728210805,2.1798480728210805,1565.4637586439708,1565.4637586439708,0.8770164975717756,0.8770164975717756
    431.75, Eocene/Paleocene,     22.45,   48.7735,   271.001,,,0.422169,          Sltst,3,3,21.2,3,3,9.6,3,3,30.9,3,2.2655376951280974,2.2655376951280974,1564.4089516813092,1564.4089516813092,0.9112728287653099,0.9112728287653099
    432.00, Eocene/Paleocene,     22.46,   46.7898,   274.999,,,0.397372,          Sltst,3,3,21.2,3,3,9.6,3,3,30.9,3,2.3100380106184133,2.3100380106184133,1563.861169565388,1563.861169565388,0.9290628190186361,0.9290628190186361
    432.25, Eocene/Paleocene,    22.465,   46.7898,   265.002,,,0.397372,          Sltst,3,3,21.2,3,3,9.6,3,3,30.9,3,2.3100380106184133,2.3100380106184133,1563.861169565388,1563.861169565388,0.9290628190186361,0.9290628190186361
    432.50, Eocene/Paleocene,     22.47,   48.4435,       266,,,0.418043,          Sltst,3,3,21.2,3,3,9.6,3,3,30.9,3,2.272942151381396,2.272942151381396,1564.3178056148379,1564.3178056148379,0.9142329247360008,0.9142329247360008
    432.75, Eocene/Paleocene,     22.48,    49.253,       271,,,0.428162,          Sltst,3,3,21.2,3,3,9.6,3,3,30.9,3,2.254782749338951,2.254782749338951,1564.541341011499,1564.541341011499,0.9069733001292579,0.9069733001292579
    433.00, Eocene/Paleocene,     22.48,   53.2453,   265.999,,,0.478066,          Sltst,3,3,21.2,3,3,9.6,3,3,30.9,3,2.165225797117766,2.165225797117766,1565.64375334819,1565.64375334819,0.8711709178409976,0.8711709178409976
    433.25, Eocene/Paleocene,     22.49,   55.4813,       262,,,0.506017,          Sltst,3,3,21.2,3,3,9.6,3,3,30.9,3,2.115065361650983,2.115065361650983,1566.2612094082826,1566.2612094082826,0.8511181688160865,0.8511181688160865
    433.50, Eocene/Paleocene,     22.49,   63.7373,   269.997,,,0.609216,          Sltst,3,3,21.2,3,3,9.6,3,3,30.9,3,1.92986602067082,1.92986602067082,1568.5409435124461,1568.5409435124461,0.7770806157188164,0.7770806157188164
    433.75, Eocene/Paleocene,      22.5,   63.7373,   267.001,,,0.609216,          Sltst,3,3,21.2,3,3,9.6,3,3,30.9,3,1.92986602067082,1.92986602067082,1568.5409435124461,1568.5409435124461,0.7770806157188164,0.7770806157188164
    434.00, Eocene/Paleocene,      22.5,   70.4994,   264.001,,,0.693743,          Sltst,3,3,21.2,3,3,9.6,3,3,30.9,3,1.7781751642184296,1.7781751642184296,1570.4082007981044,1570.4082007981044,0.7164388241253614,0.7164388241253614
    434.25, Eocene/Paleocene,     22.51,    72.597,   263.999,,,0.719962,          Sltst,3,3,21.2,3,3,9.6,3,3,30.9,3,1.7311229493601568,1.7311229493601568,1570.9873958336868,1570.9873958336868,0.6976286553770468,0.6976286553770468
    434.50, Eocene/Paleocene,     22.51,   74.2188,       266,,,0.740235,          Sltst,3,3,21.2,3,3,9.6,3,3,30.9,3,1.694741334812624,1.694741334812624,1571.4352398001372,1571.4352398001372,0.6830842962849921,0.6830842962849921
    434.75, Eocene/Paleocene,     22.52,    71.463,   270.998,,,0.705787,          Sltst,3,3,21.2,3,3,9.6,3,3,30.9,3,1.756561186730614,1.756561186730614,1570.6742607168105,1570.6742607168105,0.7077981561973435,0.7077981561973435
    435.00, Eocene/Paleocene,     22.53,   65.2492,   266.005,,,0.628115,          Sltst,3,3,21.2,3,3,9.6,3,3,30.9,3,1.8959501654281907,1.8959501654281907,1568.9584349109539,1568.9584349109539,0.763521998716856,0.763521998716856
    435.25, Eocene/Paleocene,   22.5333,   65.2492,   265.002,,,0.628115,          Sltst,3,3,21.2,3,3,9.6,3,3,30.9,3,1.8959501654281907,1.8959501654281907,1568.9584349109539,1568.9584349109539,0.763521998716856,0.763521998716856
    435.50, Eocene/Paleocene,     22.54,   62.3564,   262.001,,,0.591955,          Sltst,3,3,21.2,3,3,9.6,3,3,30.9,3,1.960842346261752,1.960842346261752,1568.1596366163333,1568.1596366163333,0.7894640904037646,0.7894640904037646
    435.75, Eocene/Paleocene,     22.55,   60.3785,   262.999,,,0.567232,          Sltst,3,3,21.2,3,3,9.6,3,3,30.9,3,2.005209862488194,2.005209862488194,1567.6134892093114,1567.6134892093114,0.8072009911995458,0.8072009911995458
    436.00, Eocene/Paleocene,   22.5575,   58.7115,   268.998,,,0.546394,          Sltst,3,3,21.2,3,3,9.6,3,3,30.9,3,2.042605417361251,2.042605417361251,1567.1531640195076,1567.1531640195076,0.8221506954742084,0.8221506954742084
    436.25, Eocene/Paleocene,     22.56,   56.1969,   271.001,,,0.514961,          Sltst,3,3,21.2,3,3,9.6,3,3,30.9,3,2.0990145965686997,2.0990145965686997,1566.4587882785006,1566.4587882785006,0.8447015187041476,0.8447015187041476
    436.50, Eocene/Paleocene,     22.57,   58.9092,   270.999,,,0.548865,          Sltst,3,3,21.2,3,3,9.6,3,3,30.9,3,2.038170998698648,2.038170998698648,1567.2077500423507,1567.2077500423507,0.8203779380472629,0.8203779380472629
    436.75, Eocene/Paleocene,   22.5725,   58.9092,   286.998,,,0.548865,          Sltst,3,3,21.2,3,3,9.6,3,3,30.9,3,2.038170998698648,2.038170998698648,1567.2077500423507,1567.2077500423507,0.8203779380472629,0.8203779380472629
    437.00, Eocene/Paleocene,     22.58,   63.1642,   272.004,,,0.602053,          Sltst,3,3,21.2,3,3,9.6,3,3,30.9,3,1.9427206304968931,1.9427206304968931,1568.3827081091174,1568.3827081091174,0.7822195317241629,0.7822195317241629
    437.25, Eocene/Paleocene,     22.59,   68.2418,       272,,,0.665522,          Sltst,3,3,21.2,3,3,9.6,3,3,30.9,3,1.828820137539888,1.828820137539888,1569.7847802595954,1569.7847802595954,0.736685277927802,0.736685277927802
    437.50, Eocene/Paleocene,      22.6,   74.0365,   270.999,,,0.737956,          Sltst,3,3,21.2,3,3,9.6,3,3,30.9,3,1.6988311932230136,1.6988311932230136,1571.3848951841683,1571.3848951841683,0.6847193080923611,0.6847193080923611
    437.75, Eocene/Paleocene,   22.6067,   73.9778,   272.999,,,0.737223,          Sltst,3,3,21.2,3,3,9.6,3,3,30.9,3,1.7001466237692249,1.7001466237692249,1571.3687027298,1571.3687027298,0.6852451806920985,0.6852451806920985
    438.00, Eocene/Paleocene,     22.61,   75.4892,   276.001,,,0.756116,          Sltst,3,3,21.2,3,3,9.6,3,3,30.9,3,1.666241536034477,1.666241536034477,1571.7860615843426,1571.7860615843426,0.6716908682407499,0.6716908682407499
    438.25, Eocene/Paleocene,     22.62,   75.4892,   273.999,,,0.756116,          Sltst,3,3,21.2,3,3,9.6,3,3,30.9,3,1.666241536034477,1.666241536034477,1571.7860615843426,1571.7860615843426,0.6716908682407499,0.6716908682407499
    438.50, Eocene/Paleocene,     22.63,   81.1145,   276.998,,,0.826431,          Sltst,3,3,21.2,3,3,9.6,3,3,30.9,3,1.5400553165844808,1.5400553165844808,1573.3393663986749,1573.3393663986749,0.6212451221963643,0.6212451221963643
    438.75, Eocene/Paleocene,     22.63,   82.2094,   270.998,,,0.840118,          Sltst,3,3,21.2,3,3,9.6,3,3,30.9,3,1.5154928365217333,1.5154928365217333,1573.6417212730796,1573.6417212730796,0.6114257248258245,0.6114257248258245
    439.00, Eocene/Paleocene,     22.64,   78.8727,   265.999,,,0.798408,          Sltst,3,3,21.2,3,3,9.6,3,3,30.9,3,1.5903449621458439,1.5903449621458439,1572.7203198110046,1572.7203198110046,0.6413495258286166,0.6413495258286166
    439.25, Eocene/Paleocene,     22.64,   72.9033,       266,,,0.723792,          Sltst,3,3,21.2,3,3,9.6,3,3,30.9,3,1.7242496901623543,1.7242496901623543,1571.0720030645607,1571.0720030645607,0.6948809172365363,0.6948809172365363
    439.50, Eocene/Paleocene,     22.65,   71.4004,       266,,,0.705005,          Sltst,3,3,21.2,3,3,9.6,3,3,30.9,3,1.7579645519245255,1.7579645519245255,1570.656985820063,1570.656985820063,0.7083591826270771,0.7083591826270771
    439.75, Eocene/Paleocene,     22.66,   71.4004,       265,,,0.705005,          Sltst,3,3,21.2,3,3,9.6,3,3,30.9,3,1.7579645519245255,1.7579645519245255,1570.656985820063,1570.656985820063,0.7083591826270771,0.7083591826270771
    440.00, Eocene/Paleocene,     22.66,   68.0261,       265,,,0.662826,          Sltst,3,3,21.2,3,3,9.6,3,3,30.9,3,1.8336583377480538,1.8336583377480538,1569.7252238380715,1569.7252238380715,0.7386194560026887,0.7386194560026887
    440.25, Eocene/Paleocene,     22.67,   60.8925,       264,,,0.573656,          Sltst,3,3,21.2,3,3,9.6,3,3,30.9,3,1.9936814507162137,1.9936814507162137,1567.7553996143072,1567.7553996143072,0.8025922523445485,0.8025922523445485
    440.50, Eocene/Paleocene,     22.67,   53.7669,   264.001,,,0.484586,          Sltst,3,3,21.2,3,3,9.6,3,3,30.9,3,2.1535251052196793,2.1535251052196793,1565.7877844566228,1565.7877844566228,0.8664933061762121,0.8664933061762121
    440.75, Eocene/Paleocene,     22.68,   48.5554,       266,,,0.419442,          Sltst,3,3,21.2,3,3,9.6,3,3,30.9,3,2.2704315274603184,2.2704315274603184,1564.3487104493006,1564.3487104493006,0.9132292470183575,0.9132292470183575
    441.00, Eocene/Paleocene,     22.69,   46.7322,   264.999,,,0.396652,          Sltst,3,3,21.2,3,3,9.6,3,3,30.9,3,2.311330111564214,2.311330111564214,1563.8452642896102,1563.8452642896102,0.9295793650920481,0.9295793650920481
    441.25, Eocene/Paleocene,      22.7,   46.7322,       266,,,0.396652,          Sltst,3,3,21.2,3,3,9.6,3,3,30.9,3,2.311330111564214,2.311330111564214,1563.8452642896102,1563.8452642896102,0.9295793650920481,0.9295793650920481
    441.50, Eocene/Paleocene,      22.7,   46.1888,   266.001,,,0.38986,          Sltst,3,3,21.2,3,3,9.6,3,3,30.9,3,2.3235189304862702,2.3235189304862702,1563.6952245214393,1563.6952245214393,0.9344521163845669,0.9344521163845669
    441.75, Eocene/Paleocene,     22.71,   46.5387,   264.001,,,0.394234,          Sltst,3,3,21.2,3,3,9.6,3,3,30.9,3,2.315669417240529,2.315669417240529,1563.7918490717896,1563.7918490717896,0.9313140989885896,0.9313140989885896
    442.00, Eocene/Paleocene,     22.71,   47.7678,       266,,,0.409598,          Sltst,3,3,21.2,3,3,9.6,3,3,30.9,3,2.2880974187248535,2.2880974187248535,1564.1312499843602,1564.1312499843602,0.9202915797220612,0.9202915797220612
    442.25, Eocene/Paleocene,     22.72,   46.5233,   265.999,,,0.394042,          Sltst,3,3,21.2,3,3,9.6,3,3,30.9,3,2.3160139774927426,2.3160139774927426,1563.7876076649156,1563.7876076649156,0.9314518446081661,0.9314518446081661
    442.50, Eocene/Paleocene,     22.73,   45.5886,       266,,,0.382358,          Sltst,3,3,21.2,3,3,9.6,3,3,30.9,3,2.336981904507658,2.336981904507658,1563.5295003840984,1563.5295003840984,0.9398342394994781,0.9398342394994781
    442.75, Eocene/Paleocene,     22.73,   45.5886,       266,,,0.382358,          Sltst,3,3,21.2,3,3,9.6,3,3,30.9,3,2.336981904507658,2.336981904507658,1563.5295003840984,1563.5295003840984,0.9398342394994781,0.9398342394994781
    443.00, Eocene/Paleocene,     22.74,   44.8636,   265.001,,,0.373295,          Sltst,3,3,21.2,3,3,9.6,3,3,30.9,3,2.353246225162928,2.353246225162928,1563.3292927252448,1563.3292927252448,0.9463362631985504,0.9463362631985504
    443.25, Eocene/Paleocene,     22.75,    43.473,   264.001,,,0.355913,          Sltst,3,3,21.2,3,3,9.6,3,3,30.9,3,2.38443969549614,2.38443969549614,1562.9453128591747,1562.9453128591747,0.958806546320836,0.958806546320836
    443.50, Eocene/Paleocene,     22.75,   45.7402,       266,,,0.384253,          Sltst,3,3,21.2,3,3,9.6,3,3,30.9,3,2.3335811666016957,2.3335811666016957,1563.5713621863192,1563.5713621863192,0.9384747189312621,0.9384747189312621
    443.75, Eocene/Paleocene,     22.76,   47.6395,   265.999,,,0.407993,          Sltst,3,3,21.2,3,3,9.6,3,3,30.9,3,2.2909777270832015,2.2909777270832015,1564.095794473772,1564.095794473772,0.9214430470107087,0.9214430470107087
    444.00, Eocene/Paleocene,     22.77,   54.4389,       265,,,0.492986,          Sltst,3,3,21.2,3,3,9.6,3,3,30.9,3,2.1384505941853345,2.1384505941853345,1565.9733460073644,1565.9733460073644,0.86046693531974,0.86046693531974
    444.25, Eocene/Paleocene,     22.77,   54.4389,       265,,,0.492986,          Sltst,3,3,21.2,3,3,9.6,3,3,30.9,3,2.1384505941853345,2.1384505941853345,1565.9733460073644,1565.9733460073644,0.86046693531974,0.86046693531974
    444.50, Eocene/Paleocene,     22.78,   56.9558,   263.999,,,0.524448,          Sltst,3,3,21.2,3,3,9.6,3,3,30.9,3,2.0819893720231244,2.0819893720231244,1566.6683623775345,1566.6683623775345,0.8378953067618439,0.8378953067618439
    444.75, Eocene/Paleocene,     22.78,   54.8722,   264.999,,,0.498402,          Sltst,3,3,21.2,3,3,9.6,3,3,30.9,3,2.1287311237374755,2.1287311237374755,1566.092989026271,1566.092989026271,0.8565813609675192,0.8565813609675192
    445.00, Eocene/Paleocene,   22.7933,   54.3902,   264.999,,,0.492378,          Sltst,3,3,21.2,3,3,9.6,3,3,30.9,3,2.1395417016506775,2.1395417016506775,1565.9599148855964,1565.9599148855964,0.8609031297817322,0.8609031297817322
    445.25, Eocene/Paleocene,    22.795,   52.9738,   265.001,,,0.474673,          Sltst,3,3,21.2,3,3,9.6,3,3,30.9,3,2.1713148228248533,2.1713148228248533,1565.568799736087,1565.568799736087,0.8736051412119512,0.8736051412119512
    445.50, Eocene/Paleocene,      22.8,   56.2625,       265,,,0.515781,          Sltst,3,3,21.2,3,3,9.6,3,3,30.9,3,2.0975430371582036,2.0975430371582036,1566.4769026203587,1566.4769026203587,0.8441132301205396,0.8441132301205396
    445.75, Eocene/Paleocene,     22.81,   56.2625,   263.998,,,0.515781,          Sltst,3,3,21.2,3,3,9.6,3,3,30.9,3,2.0975430371582036,2.0975430371582036,1566.4769026203587,1566.4769026203587,0.8441132301205396,0.8441132301205396
    446.00, Eocene/Paleocene,     22.82,   57.3395,       266,,,0.529244,          Sltst,3,3,21.2,3,3,9.6,3,3,30.9,3,2.073382544056372,2.073382544056372,1566.7743091867437,1566.7743091867437,0.834454535972839,0.834454535972839
    446.25, Eocene/Paleocene,     22.83,   55.4761,       266,,,0.505952,          Sltst,3,3,21.2,3,3,9.6,3,3,30.9,3,2.1151820096530347,2.1151820096530347,1566.2597735153304,1566.2597735153304,0.851164801447714,0.851164801447714
    446.50, Eocene/Paleocene,     22.83,   56.2025,       266,,,0.515031,          Sltst,3,3,21.2,3,3,9.6,3,3,30.9,3,2.0988889756434133,2.0988889756434133,1566.4603346247568,1566.4603346247568,0.8446512989470103,0.8446512989470103
    446.75, Eocene/Paleocene,     22.84,   53.8669,   266.999,,,0.485836,          Sltst,3,3,21.2,3,3,9.6,3,3,30.9,3,2.151281874410997,2.151281874410997,1565.815397782626,1565.815397782626,0.8655965247987609,0.8655965247987609
    447.00, Eocene/Paleocene,     22.84,   53.0509,       266,,,0.475637,          Sltst,3,3,21.2,3,3,9.6,3,3,30.9,3,2.1695848432251976,2.1695848432251976,1565.5900951331007,1565.5900951331007,0.8729135434136608,0.8729135434136608
    447.25, Eocene/Paleocene,     22.85,   53.0509,       266,,,0.475637,          Sltst,3,3,21.2,3,3,9.6,3,3,30.9,3,2.1695848432251976,2.1695848432251976,1565.5900951331007,1565.5900951331007,0.8729135434136608,0.8729135434136608
    447.50, Eocene/Paleocene,     22.85,    52.671,       266,,,0.470888,          Sltst,3,3,21.2,3,3,9.6,3,3,30.9,3,2.178107325713543,2.178107325713543,1565.4851865849494,1565.4851865849494,0.8763205952228734,0.8763205952228734
    447.75, Eocene/Paleocene,     22.86,   52.6208,       266,,,0.47026,          Sltst,3,3,21.2,3,3,9.6,3,3,30.9,3,2.179234324871825,2.179234324871825,1565.4713136499654,1565.4713136499654,0.876771138186905,0.876771138186905
    448.00, Eocene/Paleocene,     22.87,   48.3236,       265,,,0.416545,          Sltst,3,3,21.2,3,3,9.6,3,3,30.9,3,2.2756304391825206,2.2756304391825206,1564.2847138049556,1564.2847138049556,0.9153076275387384,0.9153076275387384
    448.25, Eocene/Paleocene,     22.87,   48.9771,       265,,,0.424713,          Sltst,3,3,21.2,3,3,9.6,3,3,30.9,3,2.260972271786267,2.260972271786267,1564.4651503223909,1564.4651503223909,0.9094476993059213,0.9094476993059213
    448.50, Eocene/Paleocene,     22.88,   45.1844,       264,,,0.377305,          Sltst,3,3,21.2,3,3,9.6,3,3,30.9,3,2.3460499407286752,2.3460499407286752,1563.417876275063,1563.417876275063,0.9434593885396869,0.9434593885396869
    448.75, Eocene/Paleocene,     22.89,   45.1844,   264.999,,,0.377305,          Sltst,3,3,21.2,3,3,9.6,3,3,30.9,3,2.3460499407286752,2.3460499407286752,1563.417876275063,1563.417876275063,0.9434593885396869,0.9434593885396869
    449.00, Eocene/Paleocene,      22.9,   43.8251,       266,,,0.360314,          Sltst,3,3,21.2,3,3,9.6,3,3,30.9,3,2.3765417284649315,2.3765417284649315,1563.0425338573666,1563.0425338573666,0.9556491584471057,0.9556491584471057
    449.25, Eocene/Paleocene,      22.9,     43.25,   265.001,,,0.353126,          Sltst,3,3,21.2,3,3,9.6,3,3,30.9,3,2.3894412029071783,2.3894412029071783,1562.8837461875178,1562.8837461875178,0.9608060100800012,0.9608060100800012
    449.50, Eocene/Paleocene,     22.91,   41.9286,       267,,,0.336607,          Sltst,3,3,21.2,3,3,9.6,3,3,30.9,3,2.4190859466900765,2.4190859466900765,1562.5188305617203,1562.5188305617203,0.9726571553392944,0.9726571553392944
    449.75, Eocene/Paleocene,     22.92,   42.5235,   266.001,,,0.344044,          Sltst,3,3,21.2,3,3,9.6,3,3,30.9,3,2.40573962067074,2.40573962067074,1562.683118806109,1562.683118806109,0.9673216648560107,0.9673216648560107
    450.00, Eocene/Paleocene,     22.93,   41.0977,   266.999,,,0.326221,          Sltst,3,3,21.2,3,3,9.6,3,3,30.9,3,2.437724502833256,2.437724502833256,1562.2893969586248,1562.2893969586248,0.9801083324482611,0.9801083324482611
    450.25, Eocene/Paleocene,     22.94,   41.0977,   266.001,,,0.326221,          Sltst,3,3,21.2,3,3,9.6,3,3,30.9,3,2.437724502833256,2.437724502833256,1562.2893969586248,1562.2893969586248,0.9801083324482611,0.9801083324482611
    450.50, Eocene/Paleocene,     22.94,   39.9041,   263.002,,,0.311301,          Sltst,3,3,21.2,3,3,9.6,3,3,30.9,3,2.4644997057656877,2.4644997057656877,1561.9598042994508,1561.9598042994508,0.9908123149695187,0.9908123149695187
    450.75, Eocene/Paleocene,     22.95,   35.4167,   266.999,,,0.255209,          Sltst,3,3,21.2,3,3,9.6,3,3,30.9,3,2.5651615477821736,2.5651615477821736,1560.7206949537133,1560.7206949537133,1.0310541237887134,1.0310541237887134
    451.00, Eocene/Paleocene,     22.96,   32.2436,   266.999,,,0.215546,          Sltst,3,3,21.2,3,3,9.6,3,3,30.9,3,2.636340158633986,2.636340158633986,1559.8445130743012,1559.8445130743012,1.0595093556077915,1.0595093556077915
    451.25, Eocene/Paleocene,     22.97,   27.8986,   271.998,,,0.161233,          Sltst,3,3,21.2,3,3,9.6,3,3,30.9,3,2.7338094345635553,2.7338094345635553,1558.6447030141317,1558.6447030141317,1.0984748651705976,1.0984748651705976
    451.50, Eocene/Paleocene,     22.98,   28.9359,   266.999,,,0.174198,          Sltst,3,3,21.2,3,3,9.6,3,3,30.9,3,2.710542644615902,2.710542644615902,1558.931108431437,1558.931108431437,1.0891734487236737,1.0891734487236737
    451.75, Eocene/Paleocene,     22.99,   28.9359,   274.999,,,0.174198,          Sltst,3,3,21.2,3,3,9.6,3,3,30.9,3,2.710542644615902,2.710542644615902,1558.931108431437,1558.931108431437,1.0891734487236737,1.0891734487236737
    452.00, Eocene/Paleocene,        23,   33.0689,   270.001,,,0.225861,          Sltst,3,3,21.2,3,3,9.6,3,3,30.9,3,2.61782901800074,2.61782901800074,1560.0723782404798,1560.0723782404798,1.052109115681064,1.052109115681064
    452.25, Eocene/Paleocene,        23,    30.851,   269.002,,,0.198138,            Sst,3,3,21.2,3,3,9.6,3,3,30.9,3,2.6675802881680193,2.6675802881680193,1559.4599588510503,1559.4599588510503,1.071998291782728,1.071998291782728
    452.50, Eocene/Paleocene,     23.02,   27.5709,   270.998,,,0.157137,            Sst,3,3,21.2,3,3,9.6,3,3,30.9,3,2.7411600532774454,2.7411600532774454,1558.5542196674844,1558.5542196674844,1.1014134383882297,1.1014134383882297
    452.75, Eocene/Paleocene,     23.03,   28.1238,   267.001,,,0.164047,            Sst,3,3,21.2,3,3,9.6,3,3,30.9,3,2.7287594733670497,2.7287594733670497,1558.70686613363,1558.70686613363,1.0964560309336795,1.0964560309336795
    453.00, Eocene/Paleocene,     23.04,   32.0417,   268.998,,,0.213021,            Sst,3,3,21.2,3,3,9.6,3,3,30.9,3,2.6408714848675245,2.6408714848675245,1559.7887341557748,1559.7887341557748,1.0613208539902428,1.0613208539902428
    453.25, Eocene/Paleocene,   23.0525,   32.0417,   272.997,,,0.213021,            Sst,3,3,21.2,3,3,9.6,3,3,30.9,3,2.6408714848675245,2.6408714848675245,1559.7887341557748,1559.7887341557748,1.0613208539902428,1.0613208539902428
    453.50, Eocene/Paleocene,     23.07,   32.1684,   268.999,,,0.214605,            Sst,3,3,21.2,3,3,9.6,3,3,30.9,3,2.6380288627867623,2.6380288627867623,1559.823725762486,1559.823725762486,1.0601844526287367,1.0601844526287367
    453.75, Eocene/Paleocene,     23.08,   40.9946,   268.001,,,0.324932,            Sst,3,3,21.2,3,3,9.6,3,3,30.9,3,2.440037722443169,2.440037722443169,1562.2609220968504,1562.2609220968504,0.9810330934046888,0.9810330934046888
    454.00, Eocene/Paleocene,     23.09,   44.0539,       266,,,0.363174,            Sst,3,3,21.2,3,3,9.6,3,3,30.9,3,2.3714092163746665,2.3714092163746665,1563.1057131472621,1563.1057131472621,0.9535973226554973,0.9535973226554973
    454.25, Eocene/Paleocene,      23.1,   38.6709,   266.001,,,0.295886,            Sst,3,3,21.2,3,3,9.6,3,3,30.9,3,2.4921632280983577,2.4921632280983577,1561.6192767631792,1561.6192767631792,1.001871422916247,1.001871422916247
    454.50, Eocene/Paleocene,     23.11,   30.9139,       267,,,0.198924,            Sst,3,3,21.2,3,3,9.6,3,3,30.9,3,2.66616974463552,2.66616974463552,1559.477322110441,1559.477322110441,1.0714343956525867,1.0714343956525867
    454.75, Eocene/Paleocene,     23.12,   30.9139,       266,,,0.198924,            Sst,3,3,21.2,3,3,9.6,3,3,30.9,3,2.66616974463552,2.66616974463552,1559.477322110441,1559.477322110441,1.0714343956525867,1.0714343956525867
    455.00, Eocene/Paleocene,     23.13,   33.7837,       266,,,0.234796,            Sst,3,3,21.2,3,3,9.6,3,3,30.9,3,2.601794404180279,2.601794404180279,1560.2697582947505,1560.2697582947505,1.0456989223950428,1.0456989223950428
    455.25, Eocene/Paleocene,     23.14,   29.7811,       269,,,0.184763,            Sst,3,3,21.2,3,3,9.6,3,3,30.9,3,2.6915828578209195,2.6915828578209195,1559.1644962628159,1559.1644962628159,1.081593852521456,1.081593852521456
    455.50, Eocene/Paleocene,    23.155,   21.4901,   275.998,,,0.0811262,            Sst,3,3,21.2,3,3,9.6,3,3,30.9,3,2.877567867959516,2.877567867959516,1556.8750908673528,1556.8750908673528,1.1559454943283647,1.1559454943283647
    455.75, Eocene/Paleocene,     23.17,   26.9856,       271,,,0.14982,            Sst,3,3,21.2,3,3,9.6,3,3,30.9,3,2.754291029139148,2.754291029139148,1558.392582302392,1558.392582302392,1.1066628378592782,1.1066628378592782
    456.00, Eocene/Paleocene,     23.18,   38.0794,       268,,,0.288492,            Sst,3,3,21.2,3,3,9.6,3,3,30.9,3,2.5054323869778754,2.5054323869778754,1561.455938417205,1561.455938417205,1.0071760641201466,1.0071760641201466
    456.25, Eocene/Paleocene,     23.19,   38.0794,       267,,,0.288492,           Clst,3,3,21.2,3,3,9.6,3,3,30.9,3,2.5054323869778754,2.5054323869778754,1561.455938417205,1561.455938417205,1.0071760641201466,1.0071760641201466
    456.50, Eocene/Paleocene,      23.2,   59.3371,       267,,,0.554213,           Clst,3,3,21.2,3,3,9.6,3,3,30.9,3,2.0285735600067816,2.0285735600067816,1567.3258908963228,1567.3258908963228,0.8165411486019756,0.8165411486019756
    456.75, Eocene/Paleocene,     23.21,   69.2208,   270.999,,,0.677761,           Clst,3,3,21.2,3,3,9.6,3,3,30.9,3,1.806856216045918,1.806856216045918,1570.0551478571579,1570.0551478571579,0.7279047121049017,0.7279047121049017
    457.00, Eocene/Paleocene,     23.22,   78.6707,   278.999,,,0.795884,           Clst,3,3,21.2,3,3,9.6,3,3,30.9,3,1.5948744937947352,1.5948744937947352,1572.6645629831391,1572.6645629831391,0.643160306785966,0.643160306785966
    457.25, Eocene/Paleocene,     23.23,    84.982,       268,,,0.874776,           Clst,3,3,21.2,3,3,9.6,3,3,30.9,3,1.4532961218278846,1.4532961218278846,1574.4073393951749,1574.4073393951749,0.5865612056420612,0.5865612056420612
    457.50, Eocene/Paleocene,     23.24,   85.0877,   265.999,,,0.876097,           Clst,3,3,21.2,3,3,9.6,3,3,30.9,3,1.450925475509269,1.450925475509269,1574.436521158095,1574.436521158095,0.5856134870823707,0.5856134870823707
    457.75, Eocene/Paleocene,     23.25,   85.0877,       267,,,0.876097,           Clst,3,3,21.2,3,3,9.6,3,3,30.9,3,1.450925475509269,1.450925475509269,1574.436521158095,1574.436521158095,0.5856134870823707,0.5856134870823707
    458.00, Eocene/Paleocene,     23.26,   83.5223,   266.001,,,0.856529,           Clst,3,3,21.2,3,3,9.6,3,3,30.9,3,1.4860419078807052,1.4860419078807052,1574.0042511075105,1574.0042511075105,0.599652061477543,0.599652061477543
    458.25, Eocene/Paleocene,     23.27,   80.4208,   267.999,,,0.81776,           Clst,3,3,21.2,3,3,9.6,3,3,30.9,3,1.5556161600581482,1.5556161600581482,1573.147818278856,1573.147818278856,0.6274659152554678,0.6274659152554678
    458.50, Eocene/Paleocene,     23.28,    80.726,   269.001,,,0.821575,           Clst,3,3,21.2,3,3,9.6,3,3,30.9,3,1.5487698196300497,1.5487698196300497,1573.2320941498176,1573.2320941498176,0.6247289384914867,0.6247289384914867
    458.75, Eocene/Paleocene,     23.29,   87.1854,   268.999,,,0.902317,           Clst,3,3,21.2,3,3,9.6,3,3,30.9,3,1.4038714660663494,1.4038714660663494,1575.0157382843383,1575.0157382843383,0.5668026009089541,0.5668026009089541
    459.00, Eocene/Paleocene,      23.3,   83.6029,   273.999,,,0.857536,           Clst,3,3,21.2,3,3,9.6,3,3,30.9,3,1.4842347611412308,1.4842347611412308,1574.0264964029386,1574.0264964029386,0.5989296143998684,0.5989296143998684
    459.25, Eocene/Paleocene,     23.31,   83.6029,   274.999,,,0.857536,           Clst,3,3,21.2,3,3,9.6,3,3,30.9,3,1.4842347611412308,1.4842347611412308,1574.0264964029386,1574.0264964029386,0.5989296143998684,0.5989296143998684
    459.50, Eocene/Paleocene,     23.32,   80.8113,       270,,,0.822642,           Clst,3,3,21.2,3,3,9.6,3,3,30.9,3,1.5468549978117587,1.5468549978117587,1573.255664884894,1573.255664884894,0.6239634459076944,0.6239634459076944
    459.75, Eocene/Paleocene,     23.33,   75.2206,       266,,,0.752757,           Clst,3,3,21.2,3,3,9.6,3,3,30.9,3,1.6722695458635681,1.6722695458635681,1571.711859054707,1571.711859054707,0.6741006991582368,0.6741006991582368
    460.00, Eocene/Paleocene,     23.33,   71.6137,   270.004,,,0.707671,           Clst,3,3,21.2,3,3,9.6,3,3,30.9,3,1.753180189255768,1.753180189255768,1570.7158795217626,1570.7158795217626,0.706446527305249,0.706446527305249
    460.25, Eocene/Paleocene,   23.3475,   70.7504,   269.999,,,0.696881,           Clst,3,3,21.2,3,3,9.6,3,3,30.9,3,1.7725437575963137,1.7725437575963137,1570.477521291703,1570.477521291703,0.714187544155408,0.714187544155408
    460.50, Eocene/Paleocene,     23.35,   72.7021,       268,,,0.721277,           Clst,3,3,21.2,3,3,9.6,3,3,30.9,3,1.728763070549423,1.728763070549423,1571.0164450526422,1571.0164450526422,0.6966852413679682,0.6966852413679682
    460.75, Eocene/Paleocene,     23.36,   72.7021,       268,,,0.721277,           Clst,3,3,21.2,3,3,9.6,3,3,30.9,3,1.728763070549423,1.728763070549423,1571.0164450526422,1571.0164450526422,0.6966852413679682,0.6966852413679682
    461.00, Eocene/Paleocene,     23.37,   72.5315,   269.999,,,0.719144,           Clst,3,3,21.2,3,3,9.6,3,3,30.9,3,1.7325909196013585,1.7325909196013585,1570.9693256731505,1570.9693256731505,0.6982155091104508,0.6982155091104508
    461.25, Eocene/Paleocene,     23.38,   72.5401,       270,,,0.719252,           Clst,3,3,21.2,3,3,9.6,3,3,30.9,3,1.7323971044594884,1.7323971044594884,1570.971711464517,1570.971711464517,0.6981380271994391,0.6981380271994391
    461.50, Eocene/Paleocene,     23.39,   72.3555,   273.998,,,0.716944,           Clst,3,3,21.2,3,3,9.6,3,3,30.9,3,1.7365390058246393,1.7365390058246393,1570.9207262193847,1570.9207262193847,0.699793844334765,0.699793844334765
    461.75, Eocene/Paleocene,      23.4,   77.9606,       282,,,0.787008,           Clst,3,3,21.2,3,3,9.6,3,3,30.9,3,1.6108032271210264,1.6108032271210264,1572.4684862778554,1572.4684862778554,0.6495281719909716,0.6495281719909716
    462.00, Eocene/Paleocene,     23.41,   80.4151,   277.002,,,0.817688,           Clst,3,3,21.2,3,3,9.6,3,3,30.9,3,1.5557453701527284,1.5557453701527284,1573.146227751278,1573.146227751278,0.627517569862809,0.627517569862809
    462.25, Eocene/Paleocene,   23.4175,   80.4151,       267,,,0.817688,           Clst,3,3,21.2,3,3,9.6,3,3,30.9,3,1.5557453701527284,1.5557453701527284,1573.146227751278,1573.146227751278,0.627517569862809,0.627517569862809
    462.50, Eocene/Paleocene,     23.42,   75.1402,       268,,,0.751752,           Clst,3,3,21.2,3,3,9.6,3,3,30.9,3,1.6740731034337488,1.6740731034337488,1571.6896579406002,1571.6896579406002,0.6748217113857076,0.6748217113857076
    462.75, Eocene/Paleocene,     23.43,   73.2356,       268,,,0.727944,           Clst,3,3,21.2,3,3,9.6,3,3,30.9,3,1.716798574708235,1.716798574708235,1571.163723488213,1571.163723488213,0.6919021682131943,0.6919021682131943
    463.00, Eocene/Paleocene,   23.4425,   73.3007,       270,,,0.728759,           Clst,3,3,21.2,3,3,9.6,3,3,30.9,3,1.7153359882209742,1.7153359882209742,1571.181727376767,1571.181727376767,0.6913174667550961,0.6913174667550961
    463.25, Eocene/Paleocene,     23.45,    79.341,   270.999,,,0.804262,           Clst,3,3,21.2,3,3,9.6,3,3,30.9,3,1.579839463622623,1.579839463622623,1572.849638539343,1572.849638539343,0.637149719281737,0.637149719281737
    463.50, Eocene/Paleocene,     23.46,   87.6011,       270,,,0.907514,           Clst,3,3,21.2,3,3,9.6,3,3,30.9,3,1.3945450096561718,1.3945450096561718,1575.1305434485291,1575.1305434485291,0.563074142654063,0.563074142654063
    463.75, Eocene/Paleocene,     23.47,   87.6011,   273.001,,,0.907514,           Clst,3,3,21.2,3,3,9.6,3,3,30.9,3,1.3945450096561718,1.3945450096561718,1575.1305434485291,1575.1305434485291,0.563074142654063,0.563074142654063
    464.00, Eocene/Paleocene,    23.475,   85.8805,       270,,,0.886006,           Clst,3,3,21.2,3,3,9.6,3,3,30.9,3,1.4331429362426829,1.4331429362426829,1574.6554175159877,1574.6554175159877,0.5785045217470395,0.5785045217470395
    464.25, Eocene/Paleocene,     23.48,   81.0255,   265.001,,,0.825318,           Clst,3,3,21.2,3,3,9.6,3,3,30.9,3,1.5420526892965316,1.5420526892965316,1573.3147794932017,1573.3147794932017,0.6220436163348468,0.6220436163348468
    464.50, Eocene/Paleocene,     23.49,    70.628,   266.001,,,0.69535,           Clst,3,3,21.2,3,3,9.6,3,3,30.9,3,1.7752912666907876,1.7752912666907876,1570.4437004900142,1570.4437004900142,0.7152859219865102,0.7152859219865102
    464.75, Eocene/Paleocene,      23.5,   62.1138,       266,,,0.588923,           Clst,3,3,21.2,3,3,9.6,3,3,30.9,3,1.966283526911292,1.966283526911292,1568.0926577327798,1568.0926577327798,0.7916393233129104,0.7916393233129104
    465.00, Eocene/Paleocene,    23.505,   58.6745,       265,,,0.545931,           Clst,3,3,21.2,3,3,9.6,3,3,30.9,3,2.043436310052787,2.043436310052787,1567.1429360435561,1567.1429360435561,0.8224828632964163,0.8224828632964163
    465.25, Eocene/Paleocene,     23.51,   58.6745,       266,,,0.545931,           Clst,3,3,21.2,3,3,9.6,3,3,30.9,3,2.043436310052787,2.043436310052787,1567.1429360435561,1567.1429360435561,0.8224828632964163,0.8224828632964163
    465.50, Eocene/Paleocene,     23.52,   53.8597,       266,,,0.485747,           Clst,3,3,21.2,3,3,9.6,3,3,30.9,3,2.1514415924445753,2.1514415924445753,1565.8134317138147,1565.8134317138147,0.8656603756328354,0.8656603756328354
    465.75, Eocene/Paleocene,     23.53,    55.703,       265,,,0.508787,           Clst,3,3,21.2,3,3,9.6,3,3,30.9,3,2.110094362178943,2.110094362178943,1566.3224005387056,1566.3224005387056,0.8491309012836546,0.8491309012836546
    466.00, Eocene/Paleocene,     23.54,   65.2466,       265,,,0.628083,           Clst,3,3,21.2,3,3,9.6,3,3,30.9,3,1.896007592136893,1.896007592136893,1568.957728009808,1568.957728009808,0.7635449563201189,0.7635449563201189
    466.25, Eocene/Paleocene,     23.55,   68.9637,       266,,,0.674547,           Clst,3,3,21.2,3,3,9.6,3,3,30.9,3,1.8126240111012017,1.8126240111012017,1569.9841484733386,1569.9841484733386,0.7302105163826043,0.7302105163826043
    466.50, Eocene/Paleocene,     23.55,   68.8013,       265,,,0.672516,           Clst,3,3,21.2,3,3,9.6,3,3,30.9,3,1.8162688125191488,1.8162688125191488,1569.9392823412484,1569.9392823412484,0.731667606764687,0.731667606764687
    466.75, Eocene/Paleocene,     23.56,   68.8013,   265.001,,,0.672516,           Clst,3,3,21.2,3,3,9.6,3,3,30.9,3,1.8162688125191488,1.8162688125191488,1569.9392823412484,1569.9392823412484,0.731667606764687,0.731667606764687
    467.00, Eocene/Paleocene,     23.57,   69.3321,       265,,,0.679152,           Clst,3,3,21.2,3,3,9.6,3,3,30.9,3,1.8043599488020163,1.8043599488020163,1570.0858759663342,1570.0858759663342,0.726906773788074,0.726906773788074
    467.25, Eocene/Paleocene,     23.58,    66.201,   267.999,,,0.640012,           Clst,3,3,21.2,3,3,9.6,3,3,30.9,3,1.8745999918834761,1.8745999918834761,1569.221247502522,1569.221247502522,0.7549867922788263,0.7549867922788263
    467.50, Eocene/Paleocene,     23.59,   62.3797,   266.999,,,0.592246,           Clst,3,3,21.2,3,3,9.6,3,3,30.9,3,1.9603201221294906,1.9603201221294906,1568.1660649986268,1568.1660649986268,0.789255319699094,0.789255319699094
    467.75, Eocene/Paleocene,    23.595,   64.7631,       266,,,0.622039,           Clst,3,3,21.2,3,3,9.6,3,3,30.9,3,1.9068540617430336,1.9068540617430336,1568.8242120559175,1568.8242120559175,0.7678810736363708,0.7678810736363708
    468.00, Eocene/Paleocene,     23.61,   70.1945,       266,,,0.689932,           Clst,3,3,21.2,3,3,9.6,3,3,30.9,3,1.78501432630794,1.78501432630794,1570.3240132897859,1570.3240132897859,0.7191729311889348,0.7191729311889348
    468.25, Eocene/Paleocene,   23.6133,   70.1945,       264,,,0.689932,           Clst,3,3,21.2,3,3,9.6,3,3,30.9,3,1.78501432630794,1.78501432630794,1570.3240132897859,1570.3240132897859,0.7191729311889348,0.7191729311889348
    468.50, Eocene/Paleocene,   23.6233,   65.3662,   266.002,,,0.629577,           Clst,3,3,21.2,3,3,9.6,3,3,30.9,3,1.8933264826743559,1.8933264826743559,1568.990731457047,1568.990731457047,0.762473123217789,0.762473123217789
    468.75, Eocene/Paleocene,     23.63,   53.3456,   267.999,,,0.479321,           Clst,3,3,21.2,3,3,9.6,3,3,30.9,3,2.162973593385849,2.162973593385849,1565.6714771274974,1565.6714771274974,0.8702705493380366,0.8702705493380366
    469.00, Eocene/Paleocene,     23.64,   51.3216,   268.001,,,0.454021,           Clst,3,3,21.2,3,3,9.6,3,3,30.9,3,2.2083765849535784,2.2083765849535784,1565.1125834091924,1565.1125834091924,0.888421404417649,0.888421404417649
    469.25, Eocene/Paleocene,     23.65,   59.5096,       269,,,0.55637,           Clst,3,3,21.2,3,3,9.6,3,3,30.9,3,2.0247026409233193,2.0247026409233193,1567.373540451674,1567.373540451674,0.8149936626570458,0.8149936626570458
    469.50, Eocene/Paleocene,     23.66,   63.4279,   264.999,,,0.605349,           Clst,3,3,21.2,3,3,9.6,3,3,30.9,3,1.9368056795005595,1.9368056795005595,1568.4555189271227,1568.4555189271227,0.7798548985880994,0.7798548985880994
    469.75, Eocene/Paleocene,     23.67,   63.4279,   264.999,,,0.605349,           Clst,3,3,21.2,3,3,9.6,3,3,30.9,3,1.9368056795005595,1.9368056795005595,1568.4555189271227,1568.4555189271227,0.7798548985880994,0.7798548985880994
    470.00, Eocene/Paleocene,     23.68,   60.8358,       265,,,0.572947,           Clst,3,3,21.2,3,3,9.6,3,3,30.9,3,1.9949538112308984,1.9949538112308984,1567.739737335798,1567.739737335798,0.8031009067418389,0.8031009067418389
    470.25, Eocene/Paleocene,     23.68,   62.9638,       265,,,0.599548,           Clst,3,3,21.2,3,3,9.6,3,3,30.9,3,1.9472160650374923,1.9472160650374923,1568.327371003807,1568.327371003807,0.784016681604575,0.784016681604575
    470.50, Eocene/Paleocene,   23.6975,   69.1833,       264,,,0.677291,           Clst,3,3,21.2,3,3,9.6,3,3,30.9,3,1.8076996708299824,1.8076996708299824,1570.0447652465807,1570.0447652465807,0.7282419019028235,0.7282419019028235
    470.75, Eocene/Paleocene,      23.7,   75.6513,       265,,,0.758141,           Clst,3,3,21.2,3,3,9.6,3,3,30.9,3,1.662607502124412,1.662607502124412,1571.830795172468,1571.830795172468,0.670238082409279,0.670238082409279
    471.00, Eocene/Paleocene,     23.72,   77.0517,   264.001,,,0.775647,           Clst,3,3,21.2,3,3,9.6,3,3,30.9,3,1.6311915032949782,1.6311915032949782,1572.2175142804776,1572.2175142804776,0.6576788385743502,0.6576788385743502
    471.25, Eocene/Paleocene,   23.7233,   77.0517,       264,,,0.775647,           Clst,3,3,21.2,3,3,9.6,3,3,30.9,3,1.6311915032949782,1.6311915032949782,1572.2175142804776,1572.2175142804776,0.6576788385743502,0.6576788385743502
    471.50, Eocene/Paleocene,     23.73,    70.933,       264,,,0.699162,           Clst,3,3,21.2,3,3,9.6,3,3,30.9,3,1.7684503100166302,1.7684503100166302,1570.5279100889936,1570.5279100889936,0.712551097497835,0.712551097497835
    471.75, Eocene/Paleocene,     23.74,   62.9234,       264,,,0.599042,           Clst,3,3,21.2,3,3,9.6,3,3,30.9,3,1.948124124868847,1.948124124868847,1568.316193129441,1568.316193129441,0.7843796987061673,0.7843796987061673
    472.00, Eocene/Paleocene,     23.75,   47.3386,       264,,,0.404232,           Clst,3,3,21.2,3,3,9.6,3,3,30.9,3,2.2977271599403646,2.2977271599403646,1564.0127114984937,1564.0127114984937,0.924141282819184,0.924141282819184
    472.25, Eocene/Paleocene,     23.76,   38.8526,   264.999,,,0.298158,           Clst,3,3,21.2,3,3,9.6,3,3,30.9,3,2.488085931780497,2.488085931780497,1561.6694667445227,1561.6694667445227,1.0002414330845917,1.0002414330845917
    472.50, Eocene/Paleocene,     23.77,   36.9518,       265,,,0.274398,           Clst,3,3,21.2,3,3,9.6,3,3,30.9,3,2.53072526299193,2.53072526299193,1561.1445926438537,1561.1445926438537,1.0172874535071845,1.0172874535071845
    472.75, Eocene/Paleocene,     23.78,   36.9518,   264.001,,,0.274398,           Clst,3,3,21.2,3,3,9.6,3,3,30.9,3,2.53072526299193,2.53072526299193,1561.1445926438537,1561.1445926438537,1.0172874535071845,1.0172874535071845
    473.00, Eocene/Paleocene,     23.78,   28.5069,       266,,,0.168836,           Clst,3,3,21.2,3,3,9.6,3,3,30.9,3,2.7201652074928258,2.7201652074928258,1558.8126583082135,1558.8126583082135,1.0930202821203883,1.0930202821203883
    473.25, Eocene/Paleocene,     23.79,   26.7989,       266,,,0.147486,          Sltst,3,3,21.2,3,3,9.6,3,3,30.9,3,2.7584795897051193,2.7584795897051193,1558.3410227000788,1558.3410227000788,1.108337308047255,1.108337308047255
    473.50, Eocene/Paleocene,      23.8,   29.6198,       265,,,0.182748,          Sltst,3,3,21.2,3,3,9.6,3,3,30.9,3,2.6951989458845156,2.6951989458845156,1559.1199835812988,1559.1199835812988,1.0830394641019074,1.0830394641019074
    473.75, Eocene/Paleocene,     23.81,   31.4476,       266,,,0.205595,          Sltst,3,3,21.2,3,3,9.6,3,3,30.9,3,2.654198070455744,2.654198070455744,1559.624688908655,1559.624688908655,1.0666484527974052,1.0666484527974052
    474.00, Eocene/Paleocene,     23.81,   31.4686,       265,,,0.205857,          Sltst,3,3,21.2,3,3,9.6,3,3,30.9,3,2.6537278892782443,2.6537278892782443,1559.6304766617852,1559.6304766617852,1.0664604874206913,1.0664604874206913
    474.25, Eocene/Paleocene,     23.82,   31.4686,       265,,,0.205857,          Sltst,3,3,21.2,3,3,9.6,3,3,30.9,3,2.6537278892782443,2.6537278892782443,1559.6304766617852,1559.6304766617852,1.0664604874206913,1.0664604874206913
    474.50, Eocene/Paleocene,   23.8225,   34.4875,   264.999,,,0.243594,          Sltst,3,3,21.2,3,3,9.6,3,3,30.9,3,2.5860056484564495,2.5860056484564495,1560.4641119284915,1560.4641119284915,1.0393870163479901,1.0393870163479901
    474.75, Eocene/Paleocene,     23.83,   37.4252,       264,,,0.280315,          Sltst,3,3,21.2,3,3,9.6,3,3,30.9,3,2.5201067056359516,2.5201067056359516,1561.2753030838226,1561.2753030838226,1.0130424491788814,1.0130424491788814
    475.00, Eocene/Paleocene,     23.84,   38.6538,   264.001,,,0.295673,          Sltst,3,3,21.2,3,3,9.6,3,3,30.9,3,2.4925454746281575,2.4925454746281575,1561.6145714524282,1561.6145714524282,1.0020242344629648,1.0020242344629648
    475.25, Eocene/Paleocene,     23.85,   40.1427,       264,,,0.314283,          Sltst,3,3,21.2,3,3,9.6,3,3,30.9,3,2.4591482543484955,2.4591482543484955,1562.025678649964,1562.025678649964,0.9886729533154712,0.9886729533154712
    475.50, Eocene/Paleocene,   23.8575,   39.8282,   262.999,,,0.310353,          Sltst,3,3,21.2,3,3,9.6,3,3,30.9,3,2.4662009720109923,2.4662009720109923,1561.9388623530099,1561.9388623530099,0.9914924339661777,0.9914924339661777
    475.75, Eocene/Paleocene,   23.8667,   39.8282,   261.999,,,0.310353,          Sltst,3,3,21.2,3,3,9.6,3,3,30.9,3,2.4662009720109923,2.4662009720109923,1561.9388623530099,1561.9388623530099,0.9914924339661777,0.9914924339661777
    476.00, Eocene/Paleocene,   23.8733,   38.0938,       264,,,0.288673,          Sltst,3,3,21.2,3,3,9.6,3,3,30.9,3,2.505107567156778,2.505107567156778,1561.4599368268102,1561.4599368268102,1.0070462101766915,1.0070462101766915
    476.25, Eocene/Paleocene,     23.87,   32.2176,       264,,,0.215219,          Sltst,3,3,21.2,3,3,9.6,3,3,30.9,3,2.6369269878135375,2.6369269878135375,1559.8372894282188,1559.8372894282188,1.0597439536161326,1.0597439536161326
    476.50, Eocene/Paleocene,     23.89,   27.6315,       264,,,0.157894,          Sltst,3,3,21.2,3,3,9.6,3,3,30.9,3,2.7398015526997073,2.7398015526997073,1558.570942297712,1558.570942297712,1.1008703475860453,1.1008703475860453
    476.75, Eocene/Paleocene,     23.89,   29.2414,       264,,,0.178017,          Sltst,3,3,21.2,3,3,9.6,3,3,30.9,3,2.703689125849216,2.703689125849216,1559.015472665042,1559.015472665042,1.0864336022592846,1.0864336022592846
    477.00, Eocene/Paleocene,     23.89,   26.8554,       264,,,0.148193,          Sltst,3,3,21.2,3,3,9.6,3,3,30.9,3,2.757210818359729,2.757210818359729,1558.3566407972662,1558.3566407972662,1.1078300885001686,1.1078300885001686
    477.25, Eocene/Paleocene,     23.91,   26.8554,   263.999,,,0.15611,          Sltst,3,3,21.2,3,3,9.6,3,3,30.9,3,2.7430030917098587,2.7430030917098587,1558.5315325588401,1558.5315325588401,1.1021502339679436,1.1021502339679436
    477.50, Eocene/Paleocene,      23.9,   27.4888,       265,,,0.15611,          Sltst,3,3,21.2,3,3,9.6,3,3,30.9,3,2.7430030917098587,2.7430030917098587,1558.5315325588401,1558.5315325588401,1.1021502339679436,1.1021502339679436
    477.75, Eocene/Paleocene,     23.92,    28.744,       264,,,0.1718,          Sltst,3,3,21.2,3,3,9.6,3,3,30.9,3,2.7148460585992784,2.7148460585992784,1558.8781350268323,1558.8781350268323,1.090893834118176,1.090893834118176
    478.00, Eocene/Paleocene,     23.93,   30.1678,   263.001,,,0.189598,          Sltst,3,3,21.2,3,3,9.6,3,3,30.9,3,2.6829060410529366,2.6829060410529366,1559.2713046077963,1559.2713046077963,1.0781251021534746,1.0781251021534746
    478.25, Eocene/Paleocene,     23.92,   29.1395,   264.001,,,0.176744,          Sltst,3,3,21.2,3,3,9.6,3,3,30.9,3,2.7059736321047785,2.7059736321047785,1558.9873512538402,1558.9873512538402,1.087346884414081,1.087346884414081
    478.50, Eocene/Paleocene,     23.94,   31.3118,   263.001,,,0.203897,          Sltst,3,3,21.2,3,3,9.6,3,3,30.9,3,2.6572452751862583,2.6572452751862583,1559.587178966612,1559.587178966612,1.0678666406205348,1.0678666406205348
    478.75, Eocene/Paleocene,     23.94,   31.3118,       265,,,0.195581,          Sltst,3,3,21.2,3,3,9.6,3,3,30.9,3,2.6721690411102594,2.6721690411102594,1559.403473031378,1559.403473031378,1.0738327477684422,1.0738327477684422
    479.00, Eocene/Paleocene,   23.9467,   30.6465,       264,,,0.195581,          Sltst,3,3,21.2,3,3,9.6,3,3,30.9,3,2.6721690411102594,2.6721690411102594,1559.403473031378,1559.403473031378,1.0738327477684422,1.0738327477684422
    479.25, Eocene/Paleocene,     23.95,    31.371,       265,,,0.204637,          Sltst,3,3,21.2,3,3,9.6,3,3,30.9,3,2.6559172825475184,2.6559172825475184,1559.6035260556062,1559.6035260556062,1.0673357460450836,1.0673357460450836
    479.50, Eocene/Paleocene,     23.96,   31.0747,       265,,,0.200934,          Sltst,3,3,21.2,3,3,9.6,3,3,30.9,3,2.6625626294951585,2.6625626294951585,1559.5217243386542,1559.5217243386542,1.0699923711976451,1.0699923711976451
    479.75, Eocene/Paleocene,     23.97,   32.6972,       265,,,0.221216,          Sltst,3,3,21.2,3,3,9.6,3,3,30.9,3,2.626164863685803,2.626164863685803,1559.9697671210517,1559.9697671210517,1.0554415552796728,1.0554415552796728
    480.00, Eocene/Paleocene,     23.97,   34.3659,       265,,,0.242073,          Sltst,3,3,21.2,3,3,9.6,3,3,30.9,3,2.5887352117044538,2.5887352117044538,1560.4305120334109,1560.4305120334109,1.0404782199280729,1.0404782199280729
    480.25, Eocene/Paleocene,     23.98,   34.3659,       265,,,0.238246,          Sltst,3,3,21.2,3,3,9.6,3,3,30.9,3,2.595603087148316,2.595603087148316,1560.3459710745194,1560.3459710745194,1.0432238057932774,1.0432238057932774
    480.50, Eocene/Paleocene,     23.99,   34.0597,       265,,,0.238246,          Sltst,3,3,21.2,3,3,9.6,3,3,30.9,3,2.595603087148316,2.595603087148316,1560.3459710745194,1560.3459710745194,1.0432238057932774,1.0432238057932774
    480.75, Eocene/Paleocene,     23.99,   32.4882,       265,,,0.218602,          Sltst,3,3,21.2,3,3,9.6,3,3,30.9,3,2.6308559079529195,2.6308559079529195,1559.912022133714,1559.912022133714,1.0573169044961988,1.0573169044961988
    481.00, Eocene/Paleocene,        24,   36.7068,       265,,,0.271335,          Sltst,3,3,21.2,3,3,9.6,3,3,30.9,3,2.536222075765525,2.536222075765525,1561.0769289498155,1561.0769289498155,1.019484926594491,1.019484926594491
    481.25, Eocene/Paleocene,     24.01,   36.9954,       263,,,0.274943,          Sltst,3,3,21.2,3,3,9.6,3,3,30.9,3,2.5297472143593445,2.5297472143593445,1561.1566320539912,1561.1566320539912,1.0168964568266157,1.0168964568266157
    481.50, Eocene/Paleocene,     24.02,   36.4104,       264,,,0.26763,          Sltst,3,3,21.2,3,3,9.6,3,3,30.9,3,2.5428710118824593,2.5428710118824593,1560.995083051542,1560.995083051542,1.0221429865972562,1.0221429865972562
    481.75, Eocene/Paleocene,     24.02,   36.4104,       264,,,0.296325,          Sltst,3,3,21.2,3,3,9.6,3,3,30.9,3,2.491375405438349,2.491375405438349,1561.6289745632714,1561.6289745632714,1.0015564732964863,1.0015564732964863
    482.00, Eocene/Paleocene,     24.03,    38.706,       264,,,0.296325,          Sltst,3,3,21.2,3,3,9.6,3,3,30.9,3,2.491375405438349,2.491375405438349,1561.6289745632714,1561.6289745632714,1.0015564732964863,1.0015564732964863
    482.25, Eocene/Paleocene,     24.04,   38.3866,       265,,,0.292332,          Sltst,3,3,21.2,3,3,9.6,3,3,30.9,3,2.4985411819336036,2.4985411819336036,1561.5407665546868,1561.5407665546868,1.0044211517286163,1.0044211517286163
    482.50, Eocene/Paleocene,     24.05,   40.0901,       264,,,0.313626,          Sltst,3,3,21.2,3,3,9.6,3,3,30.9,3,2.460327296461539,2.460327296461539,1562.0111650858166,1562.0111650858166,0.9891443016074595,0.9891443016074595
    482.75, Eocene/Paleocene,     24.05,   39.4485,       265,,,0.305607,          Sltst,3,3,21.2,3,3,9.6,3,3,30.9,3,2.4747180707453973,2.4747180707453973,1561.834020076841,1561.834020076841,0.9948973335000845,0.9948973335000845
    483.00, Eocene/Paleocene,     24.06,   41.5086,       264,,,0.331357,          Sltst,3,3,21.2,3,3,9.6,3,3,30.9,3,2.428507516086542,2.428507516086542,1562.4028545925069,1562.4028545925069,0.9764236371245896,0.9764236371245896
    483.25, Eocene/Paleocene,   24.0675,   41.5086,       266,,,0.331503,          Sltst,3,3,21.2,3,3,9.6,3,3,30.9,3,2.4282455067280884,2.4282455067280884,1562.406079828984,1562.406079828984,0.9763188930597032,0.9763188930597032
    483.50, Eocene/Paleocene,     24.07,   41.5202,       265,,,0.331503,          Sltst,3,3,21.2,3,3,9.6,3,3,30.9,3,2.4282455067280884,2.4282455067280884,1562.406079828984,1562.406079828984,0.9763188930597032,0.9763188930597032
    483.75, Eocene/Paleocene,   24.0767,   41.5324,       266,,,0.331655,          Sltst,3,3,21.2,3,3,9.6,3,3,30.9,3,2.4279727298617524,2.4279727298617524,1562.409437609426,1562.409437609426,0.9762098444442052,0.9762098444442052
    484.00, Eocene/Paleocene,     24.09,   42.4855,       266,,,0.343569,          Sltst,3,3,21.2,3,3,9.6,3,3,30.9,3,2.4065920483780396,2.4065920483780396,1562.6726257422279,1562.6726257422279,0.9676624417794422,0.9676624417794422
    484.25, Eocene/Paleocene,     24.09,   39.1352,       264,,,0.30169,          Sltst,3,3,21.2,3,3,9.6,3,3,30.9,3,2.4817474588074844,2.4817474588074844,1561.7474909584773,1561.7474909584773,0.9977074876244656,0.9977074876244656
    484.50, Eocene/Paleocene,      24.1,   41.8155,       264,,,0.335193,          Sltst,3,3,21.2,3,3,9.6,3,3,30.9,3,2.421623489380858,2.421623489380858,1562.4875943673455,1562.4875943673455,0.9736715944334673,0.9736715944334673
    484.75, Eocene/Paleocene,   24.1067,   41.8155,       265,,,0.376801,          Sltst,3,3,21.2,3,3,9.6,3,3,30.9,3,2.346954411390736,2.346954411390736,1563.4067425820185,1563.4067425820185,0.9438209707910752,0.9438209707910752
    485.00, Eocene/Paleocene,     24.11,   45.1441,       265,,,0.376801,          Sltst,3,3,21.2,3,3,9.6,3,3,30.9,3,2.346954411390736,2.346954411390736,1563.4067425820185,1563.4067425820185,0.9438209707910752,0.9438209707910752
    485.25, Eocene/Paleocene,     24.12,   48.6666,       265,,,0.420832,          Sltst,3,3,21.2,3,3,9.6,3,3,30.9,3,2.267937054801064,2.267937054801064,1564.379416467816,1564.379416467816,0.9122320261266318,0.9122320261266318
    485.50, Eocene/Paleocene,     24.13,   49.0168,       266,,,0.42521,          Sltst,3,3,21.2,3,3,9.6,3,3,30.9,3,2.260080363216735,2.260080363216735,1564.4761293808099,1564.4761293808099,0.9090911390302466,0.9090911390302466
    485.75, Eocene/Paleocene,     24.14,   52.3878,       265,,,0.467348,          Sltst,3,3,21.2,3,3,9.6,3,3,30.9,3,2.1844601553637313,2.1844601553637313,1565.4069856457081,1565.4069856457081,0.8788602800838152,0.8788602800838152
    486.00, Eocene/Paleocene,     24.14,   55.0982,       265,,,0.501228,          Sltst,3,3,21.2,3,3,9.6,3,3,30.9,3,2.123659627525207,2.123659627525207,1566.1554172336992,1566.1554172336992,0.8545539176293776,0.8545539176293776
    486.25, Eocene/Paleocene,     24.15,   55.0982,       265,,,0.471969,          Sltst,3,3,21.2,3,3,9.6,3,3,30.9,3,2.176167379710195,2.176167379710195,1565.509066589277,1565.509066589277,0.8755450586876536,0.8755450586876536
    486.50, Eocene/Paleocene,     24.16,   52.7575,       265,,,0.471969,          Sltst,3,3,21.2,3,3,9.6,3,3,30.9,3,2.176167379710195,2.176167379710195,1565.509066589277,1565.509066589277,0.8755450586876536,0.8755450586876536
    486.75, Eocene/Paleocene,     24.17,   52.0606,       265,,,0.463257,          Sltst,3,3,21.2,3,3,9.6,3,3,30.9,3,2.191801801154387,2.191801801154387,1565.316612752365,1565.316612752365,0.8817952661759376,0.8817952661759376
    487.00, Eocene/Paleocene,     24.17,   52.8372,       265,,,0.472965,          Sltst,3,3,21.2,3,3,9.6,3,3,30.9,3,2.1743799734018365,2.1743799734018365,1565.5310688874363,1565.5310688874363,0.8748305032861006,0.8748305032861006
    487.25, Eocene/Paleocene,     24.18,   50.4743,       265,,,0.443429,          Sltst,3,3,21.2,3,3,9.6,3,3,30.9,3,2.227384825534029,2.227384825534029,1564.8785991299717,1564.8785991299717,0.8960203710976198,0.8960203710976198
    487.50, Eocene/Paleocene,     24.19,   52.2501,       265,,,0.465626,          Sltst,3,3,21.2,3,3,9.6,3,3,30.9,3,2.187550430125772,2.187550430125772,1565.3689455278063,1565.3689455278063,0.880095686109392,0.880095686109392
    487.75, Eocene/Paleocene,     24.19,   52.2501,       264,,,0.444867,          Sltst,3,3,21.2,3,3,9.6,3,3,30.9,3,2.224804212811721,2.224804212811721,1564.910365500206,1564.910365500206,0.8949887138009998,0.8949887138009998
    488.00, Eocene/Paleocene,      24.2,   50.5894,       265,,,0.444867,          Sltst,3,3,21.2,3,3,9.6,3,3,30.9,3,2.224804212811721,2.224804212811721,1564.910365500206,1564.910365500206,0.8949887138009998,0.8949887138009998
    488.25, Eocene/Paleocene,     24.21,   43.7012,       265,,,0.358764,          Sltst,3,3,21.2,3,3,9.6,3,3,30.9,3,2.379323334667698,2.379323334667698,1563.0082933331228,1563.0082933331228,0.9567611673551453,0.9567611673551453
    488.50, Eocene/Paleocene,     24.22,   48.1978,       265,,,0.414972,          Sltst,3,3,21.2,3,3,9.6,3,3,30.9,3,2.2784533208321665,2.2784533208321665,1564.2499651955131,1564.2499651955131,0.916436137224123,0.916436137224123
    488.75, Eocene/Paleocene,     24.22,   47.4168,       264,,,0.40521,          Sltst,3,3,21.2,3,3,9.6,3,3,30.9,3,2.2959720561556516,2.2959720561556516,1564.0343161647586,1564.0343161647586,0.9234396410694661,0.9234396410694661
    489.00, Eocene/Paleocene,     24.23,   48.9701,       265,,,0.424626,          Sltst,3,3,21.2,3,3,9.6,3,3,30.9,3,2.261128400650551,2.261128400650551,1564.463228434901,1564.463228434901,0.9095101152897918,0.9095101152897918
    489.25, Eocene/Paleocene,     24.24,   48.9701,       265,,,0.442328,          Sltst,3,3,21.2,3,3,9.6,3,3,30.9,3,2.2293606632303162,2.2293606632303162,1564.8542773124282,1564.8542773124282,0.8968102561348787,0.8968102561348787
    489.50, Eocene/Paleocene,   24.2467,   50.3862,       265,,,0.442328,          Sltst,3,3,21.2,3,3,9.6,3,3,30.9,3,2.2293606632303162,2.2293606632303162,1564.8542773124282,1564.8542773124282,0.8968102561348787,0.8968102561348787
    489.75, Eocene/Paleocene,     24.25,   51.7293,       265,,,0.459117,          Sltst,3,3,21.2,3,3,9.6,3,3,30.9,3,2.1992313815927425,2.1992313815927425,1565.2251574166423,1565.2251574166423,0.8847654060980561,0.8847654060980561
    490.00, Eocene/Paleocene,     24.26,    48.634,       265,,,0.420425,          Sltst,3,3,21.2,3,3,9.6,3,3,30.9,3,2.2686674507523708,2.2686674507523708,1564.3704255688695,1564.3704255688695,0.9125240181431299,0.9125240181431299
    490.25, Eocene/Paleocene,     24.26,   47.7587,       265,,,0.409484,          Sltst,3,3,21.2,3,3,9.6,3,3,30.9,3,2.288302001374605,2.288302001374605,1564.1287316490286,1564.1287316490286,0.9203733661836848,0.9203733661836848
    490.50, Eocene/Paleocene,     24.28,   52.4686,       265,,,0.468357,          Sltst,3,3,21.2,3,3,9.6,3,3,30.9,3,2.182649419454963,2.182649419454963,1565.429275122458,1565.429275122458,0.8781363981559367,0.8781363981559367
    490.75, Eocene/Paleocene,   24.2767,   52.4686,       265,,,0.467387,          Sltst,3,3,21.2,3,3,9.6,3,3,30.9,3,2.1843901665625003,2.1843901665625003,1565.4078471814796,1565.4078471814796,0.8788323005048388,0.8788323005048388
    491.00, Eocene/Paleocene,   24.2825,    52.391,       265,,,0.467387,          Sltst,3,3,21.2,3,3,9.6,3,3,30.9,3,2.1843901665625003,2.1843901665625003,1565.4078471814796,1565.4078471814796,0.8788323005048388,0.8788323005048388
    491.25, Eocene/Paleocene,     24.29,   47.6189,       265,,,0.407737,          Sltst,3,3,21.2,3,3,9.6,3,3,30.9,3,2.2914371407528193,2.2914371407528193,1564.0901392646067,1564.0901392646067,0.9216267078368107,0.9216267078368107
    491.50, Eocene/Paleocene,      24.3,   45.8459,       265,,,0.385574,          Sltst,3,3,21.2,3,3,9.6,3,3,30.9,3,2.33121052028308,2.33121052028308,1563.6005439492394,1563.6005439492394,0.9375270003715717,0.9375270003715717
    491.75, Eocene/Paleocene,      24.3,   46.0719,       265,,,0.388398,          Sltst,3,3,21.2,3,3,9.6,3,3,30.9,3,2.326142613240105,2.326142613240105,1563.6629279753458,1563.6629279753458,0.9355009918836339,0.9355009918836339
    492.00, Eocene/Paleocene,     24.31,   42.5437,       265,,,0.344296,          Sltst,3,3,21.2,3,3,9.6,3,3,30.9,3,2.40528738533971,2.40528738533971,1562.6886856526312,1562.6886856526312,0.9671408737303165,0.9671408737303165
    492.25, Eocene/Paleocene,     24.32,   42.5437,       264,,,0.363677,          Sltst,3,3,21.2,3,3,9.6,3,3,30.9,3,2.370506540297253,2.370506540297253,1563.1168247496457,1563.1168247496457,0.953236457829211,0.953236457829211
    492.50, Eocene/Paleocene,     24.32,   44.0942,       264,,,0.363677,          Sltst,3,3,21.2,3,3,9.6,3,3,30.9,3,2.370506540297253,2.370506540297253,1563.1168247496457,1563.1168247496457,0.953236457829211,0.953236457829211
    492.75, Eocene/Paleocene,     24.33,   43.5967,       264,,,0.357459,          Sltst,3,3,21.2,3,3,9.6,3,3,30.9,3,2.381665267631962,2.381665267631962,1562.9794650207755,1562.9794650207755,0.9576974071132043,0.9576974071132043
    493.00, Eocene/Paleocene,   24.3375,   42.8732,       264,,,0.348415,          Sltst,3,3,21.2,3,3,9.6,3,3,30.9,3,2.3978954911789403,2.3978954911789403,1562.779677084477,1562.779677084477,0.9641857997353394,0.9641857997353394
    493.25, Eocene/Paleocene,     24.34,    40.169,       264,,,0.314613,          Sltst,3,3,21.2,3,3,9.6,3,3,30.9,3,2.458556041415003,2.458556041415003,1562.0329685680288,1562.0329685680288,0.988436203031824,0.988436203031824
    493.50, Eocene/Paleocene,   24.3575,   42.6251,       264,,,0.345313,          Sltst,3,3,21.2,3,3,9.6,3,3,30.9,3,2.4034622927537663,2.4034622927537663,1562.7111518546674,1562.7111518546674,0.9664112524016223,0.9664112524016223
    493.75, Eocene/Paleocene,     24.35,   42.6251,       265,,,0.327443,          Sltst,3,3,21.2,3,3,9.6,3,3,30.9,3,2.4355315203946883,2.4355315203946883,1562.3163917461256,1562.3163917461256,0.9792316389736648,0.9792316389736648
    494.00, Eocene/Paleocene,     24.36,   41.1954,       264,,,0.327443,          Sltst,3,3,21.2,3,3,9.6,3,3,30.9,3,2.4355315203946883,2.4355315203946883,1562.3163917461256,1562.3163917461256,0.9792316389736648,0.9792316389736648
    494.25, Eocene/Paleocene,   24.3625,   44.0194,       264,,,0.362743,          Sltst,3,3,21.2,3,3,9.6,3,3,30.9,3,2.3721826823575003,2.3721826823575003,1563.0961920724562,1563.0961920724562,0.9539065328744425,0.9539065328744425
    494.50, Eocene/Paleocene,     24.37,   46.4964,       263,,,0.393705,          Sltst,3,3,21.2,3,3,9.6,3,3,30.9,3,2.3166187525187634,2.3166187525187634,1563.7801631122252,1563.7801631122252,0.9316936168675269,0.9316936168675269
    494.75, Eocene/Paleocene,     24.38,   43.8174,       264,,,0.360217,          Sltst,3,3,21.2,3,3,9.6,3,3,30.9,3,2.3767158031756854,2.3767158031756854,1563.0403910632688,1563.0403910632688,0.955718748681996,0.955718748681996
    495.00, Eocene/Paleocene,     24.38,    40.121,       264,,,0.314013,          Sltst,3,3,21.2,3,3,9.6,3,3,30.9,3,2.4596327922031707,2.4596327922031707,1562.0197141715473,1562.0197141715473,0.9888666580930006,0.9888666580930006
    495.25, Eocene/Paleocene,     24.39,    40.121,       264,,,0.365072,          Sltst,3,3,21.2,3,3,9.6,3,3,30.9,3,2.3680030947147634,2.3680030947147634,1563.1476412214654,1563.1476412214654,0.9522356498119755,0.9522356498119755
    495.50, Eocene/Paleocene,      24.4,   44.2057,       264,,,0.365072,          Sltst,3,3,21.2,3,3,9.6,3,3,30.9,3,2.3680030947147634,2.3680030947147634,1563.1476412214654,1563.1476412214654,0.9522356498119755,0.9522356498119755
    495.75, Eocene/Paleocene,     24.41,   47.0374,       264,,,0.400467,          Sltst,3,3,21.2,3,3,9.6,3,3,30.9,3,2.3044837711361157,2.3044837711361157,1563.929540160572,1563.929540160572,0.9268423883280669,0.9268423883280669
    496.00, Eocene/Paleocene,     24.41,     47.52,       264,,,0.4065,          Sltst,3,3,21.2,3,3,9.6,3,3,30.9,3,2.2936570419610915,2.2936570419610915,1564.0628131171939,1564.0628131171939,0.9225141626879364,0.9225141626879364
    496.25, Eocene/Paleocene,     24.42,   44.2607,       262,,,0.365759,          Sltst,3,3,21.2,3,3,9.6,3,3,30.9,3,2.3667702150623118,2.3667702150623118,1563.1628175054366,1563.1628175054366,0.9517427787669283,0.9517427787669283
    496.50, Eocene/Paleocene,     24.42,   41.9496,       264,,,0.33687,          Sltst,3,3,21.2,3,3,9.6,3,3,30.9,3,2.4186139709279297,2.4186139709279297,1562.5246404055115,1562.5246404055115,0.9724684725374787,0.9724684725374787
    496.75, Eocene/Paleocene,     24.43,   41.9496,       265,,,0.301769,          Sltst,3,3,21.2,3,3,9.6,3,3,30.9,3,2.4816056866203757,2.4816056866203757,1561.7492361206807,1561.7492361206807,0.9976508110414107,0.9976508110414107
    497.00, Eocene/Paleocene,     24.44,   39.1415,       266,,,0.301769,          Sltst,3,3,21.2,3,3,9.6,3,3,30.9,3,2.4816056866203757,2.4816056866203757,1561.7492361206807,1561.7492361206807,0.9976508110414107,0.9976508110414107
    497.25, Eocene/Paleocene,     24.44,    39.515,       264,,,0.306438,          Sltst,3,3,21.2,3,3,9.6,3,3,30.9,3,2.4732267709037856,2.4732267709037856,1561.8523774159678,1561.8523774159678,0.994301153240355,0.994301153240355
    497.50, Eocene/Paleocene,     24.45,   36.7021,       264,,,0.271277,          Sltst,3,3,21.2,3,3,9.6,3,3,30.9,3,2.536326161675048,2.536326161675048,1561.075647691489,1561.075647691489,1.0195265372504045,1.0195265372504045
    497.75, Eocene/Paleocene,     24.45,   38.8205,       264,,,0.297757,          Sltst,3,3,21.2,3,3,9.6,3,3,30.9,3,2.488805560223922,2.488805560223922,1561.6606083895408,1561.6606083895408,1.000529120550478,1.000529120550478
    498.00, Eocene/Paleocene,     24.47,   43.8347,       264,,,0.360434,          Sltst,3,3,21.2,3,3,9.6,3,3,30.9,3,2.376326378307298,2.376326378307298,1563.045184736663,1563.045184736663,0.9555630674348705,0.9555630674348705
    498.25, Eocene/Paleocene,   24.4675,   43.8347,       265,,,0.394118,          Sltst,3,3,21.2,3,3,9.6,3,3,30.9,3,2.315877589059575,2.315877589059575,1563.7892865551366,1563.7892865551366,0.9313973203004171,0.9313973203004171
    498.50, Eocene/Paleocene,     24.48,   46.5294,       265,,,0.394118,          Sltst,3,3,21.2,3,3,9.6,3,3,30.9,3,2.315877589059575,2.315877589059575,1563.7892865551366,1563.7892865551366,0.9313973203004171,0.9313973203004171
    498.75, Eocene/Paleocene,     24.48,     45.49,       265,,,0.381125,          Sltst,3,3,21.2,3,3,9.6,3,3,30.9,3,2.339194627377342,2.339194627377342,1563.5022625993288,1563.5022625993288,0.9407188246501961,0.9407188246501961
    499.00, Eocene/Paleocene,     24.49,   36.4389,       265,,,0.267987,          Sltst,3,3,21.2,3,3,9.6,3,3,30.9,3,2.5422303451634995,2.5422303451634995,1561.0029694174484,1561.0029694174484,1.0218868658358562,1.0218868658358562
    499.25, Eocene/Paleocene,     24.49,   37.3459,       265,,,0.279324,          Sltst,3,3,21.2,3,3,9.6,3,3,30.9,3,2.521885139021075,2.521885139021075,1561.2534112389671,1561.2534112389671,1.0137534174549248,1.0137534174549248
    499.50, Eocene/Paleocene,      24.5,   41.2796,       265,,,0.328496,          Sltst,3,3,21.2,3,3,9.6,3,3,30.9,3,2.4336418227614542,2.4336418227614542,1562.3396532119507,1562.3396532119507,0.9784761903412998,0.9784761903412998
    499.75, Eocene/Paleocene,      24.5,   41.2796,       265,,,0.316714,          Sltst,3,3,21.2,3,3,9.6,3,3,30.9,3,2.45478561907177,2.45478561907177,1562.079381046375,1562.079381046375,0.986928892892604,0.986928892892604
    500.00, Eocene/Paleocene,     24.51,   40.3371,       263,,,0.316714,          Sltst,3,3,21.2,3,3,9.6,3,3,30.9,3,2.45478561907177,2.45478561907177,1562.079381046375,1562.079381046375,0.986928892892604,0.986928892892604
    500.25, Eocene/Paleocene,     24.51,   36.5412,       265,,,0.269265,          Sltst,3,3,21.2,3,3,9.6,3,3,30.9,3,2.539936865984703,2.539936865984703,1561.031201281954,1561.031201281954,1.02096999655555,1.02096999655555
    500.50, Eocene/Paleocene,     24.52,   37.5911,       264,,,0.282389,          Sltst,3,3,21.2,3,3,9.6,3,3,30.9,3,2.5163847370781856,2.5163847370781856,1561.321119114327,1561.321119114327,1.0115545095174143,1.0115545095174143
    500.75, Eocene/Paleocene,     24.53,    42.651,       265,,,0.345638,          Sltst,3,3,21.2,3,3,9.6,3,3,30.9,3,2.4028790527435087,2.4028790527435087,1562.7183313194282,1562.7183313194282,0.9661780892434849,0.9661780892434849
    501.00, Eocene/Paleocene,     24.53,   42.0427,       264,,,0.338034,          Sltst,3,3,21.2,3,3,9.6,3,3,30.9,3,2.416525074398885,2.416525074398885,1562.5503539346855,1562.5503539346855,0.9716333897187961,0.9716333897187961
    501.25, Eocene/Paleocene,     24.54,   42.0427,       265,,,0.336151,          Sltst,3,3,21.2,3,3,9.6,3,3,30.9,3,2.419904277289084,2.419904277289084,1562.5087572203943,1562.5087572203943,0.9729843011857886,0.9729843011857886
    501.50, Eocene/Paleocene,     24.55,   41.8921,       265,,,0.336151,          Sltst,3,3,21.2,3,3,9.6,3,3,30.9,3,2.419904277289084,2.419904277289084,1562.5087572203943,1562.5087572203943,0.9729843011857886,0.9729843011857886
    501.75, Eocene/Paleocene,     24.55,   37.2642,       266,,,0.278302,          Sltst,3,3,21.2,3,3,9.6,3,3,30.9,3,2.5237192045302534,2.5237192045302534,1561.2308345836268,1561.2308345836268,1.0144866259091287,1.0144866259091287
    502.00, Eocene/Paleocene,     24.56,   39.7251,       265,,,0.309063,          Sltst,3,3,21.2,3,3,9.6,3,3,30.9,3,2.468515986205553,2.468515986205553,1561.9103654005746,1561.9103654005746,0.9924179123477075,0.9924179123477075
    502.25, Eocene/Paleocene,     24.56,   39.2541,       265,,,0.303176,          Sltst,3,3,21.2,3,3,9.6,3,3,30.9,3,2.4790807060221227,2.4790807060221227,1561.7803176804298,1561.7803176804298,0.9966413939229517,0.9966413939229517
    502.50, Eocene/Paleocene,     24.57,   36.6379,       264,,,0.270474,          Sltst,3,3,21.2,3,3,9.6,3,3,30.9,3,2.5377672131465454,2.5377672131465454,1561.0579088908644,1561.0579088908644,1.0201026296072793,1.0201026296072793
    502.75, Eocene/Paleocene,   24.5767,   36.6379,       265,,,0.319883,          Sltst,3,3,21.2,3,3,9.6,3,3,30.9,3,2.449098580325599,2.449098580325599,1562.1493863504584,1562.1493863504584,0.9846553727444898,0.9846553727444898
    503.00, Eocene/Paleocene,     24.58,   40.5906,       265,,,0.319883,          Sltst,3,3,21.2,3,3,9.6,3,3,30.9,3,2.449098580325599,2.449098580325599,1562.1493863504584,1562.1493863504584,0.9846553727444898,0.9846553727444898
    503.25, Eocene/Paleocene,     24.59,    45.849,       265,,,0.385613,          Sltst,3,3,21.2,3,3,9.6,3,3,30.9,3,2.331140531481849,2.331140531481849,1563.6014054850107,1563.6014054850107,0.9374990207925952,0.9374990207925952
    503.50, Eocene/Paleocene,     24.59,   39.9992,       265,,,0.312491,          Sltst,3,3,21.2,3,3,9.6,3,3,30.9,3,2.4623641500358224,2.4623641500358224,1561.9860921858058,1561.9860921858058,0.9899585790981852,0.9899585790981852
    503.75, Eocene/Paleocene,      24.6,   36.7881,       265,,,0.272352,          Sltst,3,3,21.2,3,3,9.6,3,3,30.9,3,2.534396983179581,2.534396983179581,1561.0993951518517,1561.0993951518517,1.0187553052657965,1.0187553052657965
    504.00, Eocene/Paleocene,     24.61,   36.4687,       265,,,0.268358,          Sltst,3,3,21.2,3,3,9.6,3,3,30.9,3,2.541564554259483,2.541564554259483,1561.0111650526062,1561.0111650526062,1.0216207011230287,1.0216207011230287
    504.25, Eocene/Paleocene,     24.61,   36.4687,       265,,,0.299105,          Sltst,3,3,21.2,3,3,9.6,3,3,30.9,3,2.486386460119839,2.486386460119839,1561.6903866003026,1561.6903866003026,0.9995620315130347,0.9995620315130347
    504.50, Eocene/Paleocene,     24.62,   38.9284,       264,,,0.299105,          Sltst,3,3,21.2,3,3,9.6,3,3,30.9,3,2.486386460119839,2.486386460119839,1561.6903866003026,1561.6903866003026,0.9995620315130347,0.9995620315130347
    504.75, Eocene/Paleocene,     24.63,     39.21,       265,,,0.302625,          Sltst,3,3,21.2,3,3,9.6,3,3,30.9,3,2.48006952216259,2.48006952216259,1561.7681457263277,1561.7681457263277,0.9970366951541322,0.9970366951541322
    505.00, Eocene/Paleocene,     24.63,   38.0186,       265,,,0.287733,          Sltst,3,3,21.2,3,3,9.6,3,3,30.9,3,2.5067944767249073,2.5067944767249073,1561.439171605656,1561.439171605656,1.007720589772535,1.007720589772535
    505.25, Eocene/Paleocene,     24.64,   39.6506,       264,,,0.308133,          Sltst,3,3,21.2,3,3,9.6,3,3,30.9,3,2.470184949927212,2.470184949927212,1561.8898210860282,1561.8898210860282,0.993085117692531,0.993085117692531
    505.50, Eocene/Paleocene,     24.64,   36.3256,       263,,,0.26657,          Sltst,3,3,21.2,3,3,9.6,3,3,30.9,3,2.544773271608222,2.544773271608222,1560.9716669510913,1560.9716669510913,1.0229034572053348,1.0229034572053348
    505.75, Eocene/Paleocene,     24.65,   36.3256,       265,,,0.271324,          Sltst,3,3,21.2,3,3,9.6,3,3,30.9,3,2.5362418161966414,2.5362418161966414,1561.0766859525465,1561.0766859525465,1.0194928182706124,1.0194928182706124
    506.00, Eocene/Paleocene,     24.66,   36.7059,       265,,,0.271324,          Sltst,3,3,21.2,3,3,9.6,3,3,30.9,3,2.5362418161966414,2.5362418161966414,1561.0766859525465,1561.0766859525465,1.0194928182706124,1.0194928182706124
    506.25, Eocene/Paleocene,     24.66,   41.6652,       264,,,0.333315,          Sltst,3,3,21.2,3,3,9.6,3,3,30.9,3,2.4249937193478224,2.4249937193478224,1562.4461081063582,1562.4461081063582,0.97501891877495,0.97501891877495
    506.50, Eocene/Paleocene,     24.67,   41.9858,       265,,,0.337323,          Sltst,3,3,21.2,3,3,9.6,3,3,30.9,3,2.4178010240828636,2.4178010240828636,1562.5346474748549,1562.5346474748549,0.9721434789662904,0.9721434789662904
    506.75, Eocene/Paleocene,     24.68,   40.9443,       266,,,0.324303,          Sltst,3,3,21.2,3,3,9.6,3,3,30.9,3,2.4411665161860983,2.4411665161860983,1562.2470270712056,1562.2470270712056,0.9814843537938223,0.9814843537938223
    507.00, Eocene/Paleocene,     24.68,   38.0721,       265,,,0.288401,          Sltst,3,3,21.2,3,3,9.6,3,3,30.9,3,2.5055956941807476,2.5055956941807476,1561.453928167072,1561.453928167072,1.007241349804425,1.007241349804425
    507.25, Eocene/Paleocene,     24.69,   38.0721,       265,,,0.279201,          Sltst,3,3,21.2,3,3,9.6,3,3,30.9,3,2.522105872932649,2.522105872932649,1561.2506940876883,1561.2506940876883,1.0138416607424658,1.0138416607424658
    507.50, Eocene/Paleocene,      24.7,   37.3361,       265,,,0.279201,          Sltst,3,3,21.2,3,3,9.6,3,3,30.9,3,2.522105872932649,2.522105872932649,1561.2506940876883,1561.2506940876883,1.0138416607424658,1.0138416607424658
    507.75, Eocene/Paleocene,   24.7075,   34.6521,       266,,,0.245651,          Sltst,3,3,21.2,3,3,9.6,3,3,30.9,3,2.5823141878376816,2.5823141878376816,1560.5095524177625,1560.5095524177625,1.0379112729132565,1.0379112729132565
    508.00, Eocene/Paleocene,     24.71,   39.0535,       266,,,0.300669,          Sltst,3,3,21.2,3,3,9.6,3,3,30.9,3,2.483579729732016,2.483579729732016,1561.7249363937979,1561.7249363937979,0.9984399786535678,0.9984399786535678
    508.25, Eocene/Paleocene,     24.72,   41.4481,       265,,,0.330601,          Sltst,3,3,21.2,3,3,9.6,3,3,30.9,3,2.429864222079633,2.429864222079633,1562.3861540529401,1562.3861540529401,0.9769660105016721,0.9769660105016721
    508.50, Eocene/Paleocene,     24.72,   38.3992,       265,,,0.29249,          Sltst,3,3,21.2,3,3,9.6,3,3,30.9,3,2.498257637559386,2.498257637559386,1561.5442568790936,1561.5442568790936,1.0043077985625066,1.0043077985625066
    508.75, Eocene/Paleocene,   24.7367,   38.3992,       265,,,0.287745,          Sltst,3,3,21.2,3,3,9.6,3,3,30.9,3,2.506772941709144,2.506772941709144,1561.4394366935855,1561.4394366935855,1.0077119806713113,1.0077119806713113
    509.00, Eocene/Paleocene,     24.74,   38.0196,       265,,,0.287745,          Sltst,3,3,21.2,3,3,9.6,3,3,30.9,3,2.506772941709144,2.506772941709144,1561.4394366935855,1561.4394366935855,1.0077119806713113,1.0077119806713113
    509.25, Eocene/Paleocene,     24.75,   36.5199,       265,,,0.268999,          Sltst,3,3,21.2,3,3,9.6,3,3,30.9,3,2.5404142255007907,2.5404142255007907,1561.0253251661807,1561.0253251661807,1.0211608316326717,1.0211608316326717
    509.50, Eocene/Paleocene,     24.75,   34.6053,       265,,,0.245066,          Sltst,3,3,21.2,3,3,9.6,3,3,30.9,3,2.583364019856145,2.583364019856145,1560.4966293811929,1560.4966293811929,1.0383309665979037,1.0383309665979037
    509.75, Eocene/Paleocene,     24.75,   36.4519,       265,,,0.268149,          Sltst,3,3,21.2,3,3,9.6,3,3,30.9,3,2.5419396224506943,2.5419396224506943,1561.0065481044985,1561.0065481044985,1.0217706429693385,1.0217706429693385
    510.00, Eocene/Paleocene,     24.76,   40.1567,       264,,,0.314459,          Sltst,3,3,21.2,3,3,9.6,3,3,30.9,3,2.458832407450633,2.458832407450633,1562.0295666062652,1562.0295666062652,0.9885466864975261,0.9885466864975261
    510.25, Eocene/Paleocene,     24.77,   40.1567,       265,,,0.302594,          Sltst,3,3,21.2,3,3,9.6,3,3,30.9,3,2.4801251542866454,2.4801251542866454,1561.7674609158428,1561.7674609158428,0.997058935332293,0.997058935332293
    510.50, Eocene/Paleocene,     24.77,   39.2075,       264,,,0.302594,          Sltst,3,3,21.2,3,3,9.6,3,3,30.9,3,2.4801251542866454,2.4801251542866454,1561.7674609158428,1561.7674609158428,0.997058935332293,0.997058935332293
    510.75, Eocene/Paleocene,     24.78,   39.5169,       266,,,0.306462,          Sltst,3,3,21.2,3,3,9.6,3,3,30.9,3,2.4731837008722586,2.4731837008722586,1561.852907591827,1561.852907591827,0.9942839350379079,0.9942839350379079
    511.00, Eocene/Paleocene,     24.78,   36.8304,       265,,,0.27288,          Sltst,3,3,21.2,3,3,9.6,3,3,30.9,3,2.5334494424859937,2.5334494424859937,1561.1110590207554,1561.1110590207554,1.018376504811961,1.018376504811961
    511.25, Eocene/Paleocene,     24.79,   40.7103,       265,,,0.321378,          Sltst,3,3,21.2,3,3,9.6,3,3,30.9,3,2.4464156762784146,2.4464156762784146,1562.182411888358,1562.182411888358,0.9835828222170581,0.9835828222170581
    511.50, Eocene/Paleocene,      24.8,   42.7509,       265,,,0.346886,          Sltst,3,3,21.2,3,3,9.6,3,3,30.9,3,2.4006394111041205,2.4006394111041205,1562.7459004641098,1562.7459004641098,0.9652827427162376,0.9652827427162376
    511.75, Eocene/Paleocene,     24.81,   42.7509,       266,,,0.402591,          Sltst,3,3,21.2,3,3,9.6,3,3,30.9,3,2.3006720733460027,2.3006720733460027,1563.9764607241166,1563.9764607241166,0.9253185774115018,0.9253185774115018
    512.00, Eocene/Paleocene,     24.81,   47.2073,       264,,,0.402591,          Sltst,3,3,21.2,3,3,9.6,3,3,30.9,3,2.3006720733460027,2.3006720733460027,1563.9764607241166,1563.9764607241166,0.9253185774115018,0.9253185774115018
    512.25, Eocene/Paleocene,     24.82,   41.7601,       266,,,0.334501,          Sltst,3,3,21.2,3,3,9.6,3,3,30.9,3,2.4228653419565447,2.4228653419565447,1562.4723076300702,1562.4723076300702,0.9741680526040243,0.9741680526040243
    512.50, Eocene/Paleocene,     24.83,   40.6989,       265,,,0.321236,          Sltst,3,3,21.2,3,3,9.6,3,3,30.9,3,2.446670507298281,2.446670507298281,1562.1792750145241,1562.1792750145241,0.9836846965815365,0.9836846965815365
    512.75, Eocene/Paleocene,     24.83,   38.5072,       265,,,0.29384,          Sltst,3,3,21.2,3,3,9.6,3,3,30.9,3,2.495834948286009,2.495834948286009,1561.5740792711772,1561.5740792711772,1.0033392746748593,1.0033392746748593
    513.00, Eocene/Paleocene,     24.84,   37.8153,       266,,,0.285191,          Sltst,3,3,21.2,3,3,9.6,3,3,30.9,3,2.5113563108974435,2.5113563108974435,1561.3830171458958,1561.3830171458958,1.0095442843817197,1.0095442843817197
    513.25, Eocene/Paleocene,     24.84,   37.8153,       267,,,0.334261,          Sltst,3,3,21.2,3,3,9.6,3,3,30.9,3,2.4232960422718115,2.4232960422718115,1562.4670058714776,1562.4670058714776,0.9743402346284948,0.9743402346284948
    513.50, Eocene/Paleocene,     24.85,   41.7409,       266,,,0.334261,          Sltst,3,3,21.2,3,3,9.6,3,3,30.9,3,2.4232960422718115,2.4232960422718115,1562.4670058714776,1562.4670058714776,0.9743402346284948,0.9743402346284948
    513.75, Eocene/Paleocene,    24.855,   38.1976,       266,,,0.28997,          Sltst,3,3,21.2,3,3,9.6,3,3,30.9,3,2.5027799908696893,2.5027799908696893,1561.4885884138712,1561.4885884138712,1.0061157098194482,1.0061157098194482
    514.00, Eocene/Paleocene,     24.86,   41.0744,       266,,,0.325931,          Sltst,3,3,21.2,3,3,9.6,3,3,30.9,3,2.4382449323808704,2.4382449323808704,1562.2829906669922,1562.2829906669922,0.9803163857278298,0.9803163857278298
    514.25, Eocene/Paleocene,     24.87,   46.8286,       270,,,0.397858,          Sltst,3,3,21.2,3,3,9.6,3,3,30.9,3,2.3091658424799975,2.3091658424799975,1563.8719056265381,1563.8719056265381,0.928714150419083,0.928714150419083
    514.50, Eocene/Paleocene,     24.88,   44.2293,       266,,,0.365366,          Sltst,3,3,21.2,3,3,9.6,3,3,30.9,3,2.3674754868285612,2.3674754868285612,1563.1541358757413,1563.1541358757413,0.9520247268319989,0.9520247268319989
    514.75, Eocene/Paleocene,     24.88,   44.2293,       266,,,0.330638,          Sltst,3,3,21.2,3,3,9.6,3,3,30.9,3,2.4297978224476964,2.4297978224476964,1562.3869714073899,1562.3869714073899,0.9769394657728995,0.9769394657728995
    515.00, Eocene/Paleocene,     24.89,   41.4511,       266,,,0.330638,          Sltst,3,3,21.2,3,3,9.6,3,3,30.9,3,2.4297978224476964,2.4297978224476964,1562.3869714073899,1562.3869714073899,0.9769394657728995,0.9769394657728995
    515.25, Eocene/Paleocene,     24.89,   38.4247,       266,,,0.292808,          Sltst,3,3,21.2,3,3,9.6,3,3,30.9,3,2.497686959641657,2.497686959641657,1561.551281709229,1561.551281709229,1.004079657380083,1.004079657380083
    515.50, Eocene/Paleocene,      24.9,    39.593,       266,,,0.307412,          Sltst,3,3,21.2,3,3,9.6,3,3,30.9,3,2.47147884545766,2.47147884545766,1561.8738937195894,1561.8738937195894,0.9936023811910449,0.9936023811910449
    515.75, Eocene/Paleocene,      24.9,    42.046,       266,,,0.338075,          Sltst,3,3,21.2,3,3,9.6,3,3,30.9,3,2.41645149642836,2.41645149642836,1562.5512596517785,1562.5512596517785,0.9716039752896157,0.9716039752896157
    516.00, Eocene/Paleocene,     24.92,   40.6211,       266,,,0.320264,          Sltst,3,3,21.2,3,3,9.6,3,3,30.9,3,2.4484148435751125,2.4484148435751125,1562.157802892224,1562.157802892224,0.9843820337806426,0.9843820337806426
    516.25, Eocene/Paleocene,     24.92,   40.6211,       266,,,0.335561,          Sltst,3,3,21.2,3,3,9.6,3,3,30.9,3,2.4209630822307817,2.4209630822307817,1562.495723730521,1562.495723730521,0.9734075819959456,0.9734075819959456
    516.50, Eocene/Paleocene,   24.9267,   41.8449,       266,,,0.335561,          Sltst,3,3,21.2,3,3,9.6,3,3,30.9,3,2.4209630822307817,2.4209630822307817,1562.495723730521,1562.495723730521,0.9734075819959456,0.9734075819959456
    516.75, Eocene/Paleocene,     24.93,   43.6993,       270,,,0.358741,          Sltst,3,3,21.2,3,3,9.6,3,3,30.9,3,2.3793646101145773,2.3793646101145773,1563.0077852479242,1563.0077852479242,0.9567776681324904,0.9567776681324904
    517.00, Eocene/Paleocene,     24.94,   44.2579,       270,,,0.365724,          Sltst,3,3,21.2,3,3,9.6,3,3,30.9,3,2.366833025524955,2.366833025524955,1563.1620443323086,1563.1620443323086,0.9517678886454969,0.9517678886454969
    517.25, Eocene/Paleocene,     24.94,   43.4406,       269,,,0.355507,          Sltst,3,3,21.2,3,3,9.6,3,3,30.9,3,2.3851682968628003,2.3851682968628003,1562.9363440508887,1562.9363440508887,0.9590978209122321,0.9590978209122321
    517.50, Eocene/Paleocene,     24.95,   39.3809,       269,,,0.304761,          Sltst,3,3,21.2,3,3,9.6,3,3,30.9,3,2.476236289356714,2.476236289356714,1561.8153313778018,1561.8153313778018,0.9955042751363434,0.9955042751363434
    517.75, Eocene/Paleocene,     24.96,   39.3809,       266,,,0.322449,          Sltst,3,3,21.2,3,3,9.6,3,3,30.9,3,2.4444936761215357,2.4444936761215357,1562.2060709860777,1562.2060709860777,0.9828144599328579,0.9828144599328579
    518.00, Eocene/Paleocene,     24.96,   40.7959,       266,,,0.322449,          Sltst,3,3,21.2,3,3,9.6,3,3,30.9,3,2.4444936761215357,2.4444936761215357,1562.2060709860777,1562.2060709860777,0.9828144599328579,0.9828144599328579
    518.25, Eocene/Paleocene,     24.97,   40.5386,       266,,,0.319233,          Sltst,3,3,21.2,3,3,9.6,3,3,30.9,3,2.450265060346114,2.450265060346114,1562.1350274209367,1562.1350274209367,0.9851216990607643,0.9851216990607643
    518.50, Eocene/Paleocene,     24.97,    43.589,       270,,,0.357363,          Sltst,3,3,21.2,3,3,9.6,3,3,30.9,3,2.381837547758069,2.381837547758069,1562.9773443173383,1562.9773443173383,0.9577662799229926,0.9577662799229926
    518.75, Eocene/Paleocene,     24.98,   41.4519,       268,,,0.330648,          Sltst,3,3,21.2,3,3,9.6,3,3,30.9,3,2.429779876601227,2.429779876601227,1562.387192313998,1562.387192313998,0.9769322915218799,0.9769322915218799
    519.00, Eocene/Paleocene,   24.9825,   45.3789,       265,,,0.379737,          Sltst,3,3,21.2,3,3,9.6,3,3,30.9,3,2.3416855108673027,2.3416855108673027,1563.4716007621348,1563.4716007621348,0.9417146106917178,0.9417146106917178
    519.25, Eocene/Paleocene,     24.99,   45.3789,       269,,,0.369795,          Sltst,3,3,21.2,3,3,9.6,3,3,30.9,3,2.3595272714272384,2.3595272714272384,1563.2519754124357,1563.2519754124357,0.9488472510554138,0.9488472510554138
    519.50, Eocene/Paleocene,        25,   44.5836,       266,,,0.369795,          Sltst,3,3,21.2,3,3,9.6,3,3,30.9,3,2.3595272714272384,2.3595272714272384,1563.2519754124357,1563.2519754124357,0.9488472510554138,0.9488472510554138
    519.75, Eocene/Paleocene,        25,   48.5454,       266,,,0.419317,          Sltst,3,3,21.2,3,3,9.6,3,3,30.9,3,2.270655850541187,2.270655850541187,1564.3459491167002,1564.3459491167002,0.9133189251561027,0.9133189251561027
    520.00, Eocene/Paleocene,     25.01,   53.1006,       266,,,0.476257,          Sltst,3,3,21.2,3,3,9.6,3,3,30.9,3,2.168472200744091,2.168472200744091,1565.6037913427983,1565.6037913427983,0.8724687398504449,0.8724687398504449
    520.25, Eocene/Paleocene,   25.0175,   54.4297,       266,,,0.492871,          Sltst,3,3,21.2,3,3,9.6,3,3,30.9,3,2.138656971419733,2.138656971419733,1565.9708055813721,1565.9708055813721,0.8605494392064654,0.8605494392064654
    520.50, Eocene/Paleocene,     25.02,   56.4454,       266,,,0.518068,          Sltst,3,3,21.2,3,3,9.6,3,3,30.9,3,2.093438822070639,2.093438822070639,1566.5274239616142,1566.5274239616142,0.8424724789123549,0.8424724789123549
    520.75, Eocene/Paleocene,     25.03,   56.4454,       267,,,0.452277,          Sltst,3,3,21.2,3,3,9.6,3,3,30.9,3,2.211506340577852,2.211506340577852,1565.0740572967527,1565.0740572967527,0.889672593795469,0.889672593795469
    521.00, Eocene/Paleocene,     25.04,   51.1821,       266,,,0.452277,          Sltst,3,3,21.2,3,3,9.6,3,3,30.9,3,2.211506340577852,2.211506340577852,1565.0740572967527,1565.0740572967527,0.889672593795469,0.889672593795469
    521.25, Eocene/Paleocene,    25.045,   47.1643,       266,,,0.402054,          Sltst,3,3,21.2,3,3,9.6,3,3,30.9,3,2.3016357653014126,2.3016357653014126,1563.9645980392656,1563.9645980392656,0.9257038346912548,0.9257038346912548
    521.50, Eocene/Paleocene,     25.05,   44.4975,       267,,,0.368719,          Sltst,3,3,21.2,3,3,9.6,3,3,30.9,3,2.361458244507352,2.361458244507352,1563.2282058614123,1563.2282058614123,0.9496192004651238,0.9496192004651238
    521.75, Eocene/Paleocene,     25.06,   45.9179,       267,,,0.386474,          Sltst,3,3,21.2,3,3,9.6,3,3,30.9,3,2.3295953941008287,2.3295953941008287,1563.6204255439618,1563.6204255439618,0.9368813177798068,0.9368813177798068
    522.00, Eocene/Paleocene,     25.06,   46.1141,       266,,,0.388926,          Sltst,3,3,21.2,3,3,9.6,3,3,30.9,3,2.3251950725465176,2.3251950725465176,1563.6745918442496,1563.6745918442496,0.9351221914297985,0.9351221914297985
    522.25, Eocene/Paleocene,     25.07,   46.1141,       264,,,0.364468,          Sltst,3,3,21.2,3,3,9.6,3,3,30.9,3,2.3690870238415185,2.3690870238415185,1563.1342984623404,1563.1342984623404,0.9526689745735599,0.9526689745735599
    522.50, Eocene/Paleocene,     25.08,   44.1574,       266,,,0.364468,          Sltst,3,3,21.2,3,3,9.6,3,3,30.9,3,2.3690870238415185,2.3690870238415185,1563.1342984623404,1563.1342984623404,0.9526689745735599,0.9526689745735599
    522.75, Eocene/Paleocene,     25.08,   45.4966,       264,,,0.381208,          Sltst,3,3,21.2,3,3,9.6,3,3,30.9,3,2.3390456768516454,2.3390456768516454,1563.5040961241755,1563.5040961241755,0.9406592783667332,0.9406592783667332
    523.00, Eocene/Paleocene,     25.09,    43.979,       264,,,0.362238,          Sltst,3,3,21.2,3,3,9.6,3,3,30.9,3,2.373088947604208,2.373088947604208,1563.0850362887509,1563.0850362887509,0.9542688325509328,0.9542688325509328
    523.25, Eocene/Paleocene,     25.09,   47.1369,       264,,,0.401711,          Sltst,3,3,21.2,3,3,9.6,3,3,30.9,3,2.302251307835315,2.302251307835315,1563.9570209426104,1563.9570209426104,0.9259499115012275,0.9259499115012275
    523.50, Eocene/Paleocene,      25.1,   41.6103,       265,,,0.332629,          Sltst,3,3,21.2,3,3,9.6,3,3,30.9,3,2.426224804415627,2.426224804415627,1562.4309539130477,1562.4309539130477,0.9755110723948952,0.9755110723948952
    523.75, Eocene/Paleocene,    25.105,   41.6103,       265,,,0.323496,          Sltst,3,3,21.2,3,3,9.6,3,3,30.9,3,2.4426147459961833,2.4426147459961833,1562.229199907938,1562.229199907938,0.9820633158511047,0.9820633158511047
    524.00, Eocene/Paleocene,     25.11,   40.8797,       266,,,0.323496,          Sltst,3,3,21.2,3,3,9.6,3,3,30.9,3,2.4426147459961833,2.4426147459961833,1562.229199907938,1562.229199907938,0.9820633158511047,0.9820633158511047
    524.25, Eocene/Paleocene,     25.12,   41.7763,       266,,,0.334704,          Sltst,3,3,21.2,3,3,9.6,3,3,30.9,3,2.4225010412732146,2.4225010412732146,1562.476792034213,1562.476792034213,0.9740224153083261,0.9740224153083261
    524.50, Eocene/Paleocene,     25.12,   42.1167,       265,,,0.338959,          Sltst,3,3,21.2,3,3,9.6,3,3,30.9,3,2.41486508360046,2.41486508360046,1562.570787795928,1562.570787795928,0.9709697714994823,0.9709697714994823
    524.75, Eocene/Paleocene,     25.13,    41.921,       265,,,0.336512,          Sltst,3,3,21.2,3,3,9.6,3,3,30.9,3,2.4192564322315366,2.4192564322315366,1562.5167319489442,1562.5167319489442,0.9727253107239807,0.9727253107239807
    525.00, Eocene/Paleocene,     25.14,   42.8107,       265,,,0.347634,          Sltst,3,3,21.2,3,3,9.6,3,3,30.9,3,2.399297061788205,2.399297061788205,1562.7624242783902,1562.7624242783902,0.9647461087399708,0.9647461087399708
    525.25, Eocene/Paleocene,     25.14,   42.8107,       265,,,0.354659,          Sltst,3,3,21.2,3,3,9.6,3,3,30.9,3,2.3866901046434106,2.3866901046434106,1562.9176111705283,1562.9176111705283,0.959706197398695,0.959706197398695
    525.50, Eocene/Paleocene,     25.15,   43.3727,       266,,,0.354659,          Sltst,3,3,21.2,3,3,9.6,3,3,30.9,3,2.3866901046434106,2.3866901046434106,1562.9176111705283,1562.9176111705283,0.959706197398695,0.959706197398695
    525.75, Eocene/Paleocene,     25.15,   48.3017,       265,,,0.416272,          Sltst,3,3,21.2,3,3,9.6,3,3,30.9,3,2.276120360791137,2.276120360791137,1564.2786830545565,1564.2786830545565,0.9155034845915737,0.9155034845915737
    526.00, Eocene/Paleocene,     25.16,    45.339,       266,,,0.379237,          Sltst,3,3,21.2,3,3,9.6,3,3,30.9,3,2.342582803190776,2.342582803190776,1563.4605554317336,1563.4605554317336,0.9420733232426983,0.9420733232426983
    526.25, Eocene/Paleocene,   25.1675,   46.8974,       266,,,0.398717,          Sltst,3,3,21.2,3,3,9.6,3,3,30.9,3,2.3076242942682708,2.3076242942682708,1563.8908815041675,1563.8908815041675,0.9280978822564986,0.9280978822564986
    526.50, Eocene/Paleocene,     25.17,   42.9855,       267,,,0.349819,          Sltst,3,3,21.2,3,3,9.6,3,3,30.9,3,2.395375894334628,2.395375894334628,1562.8106923722437,1562.8106923722437,0.9631785348921862,0.9631785348921862
    526.75, Eocene/Paleocene,     25.18,   42.9855,       265,,,0.303944,          Sltst,3,3,21.2,3,3,9.6,3,3,30.9,3,2.4777024650132686,2.4777024650132686,1561.7972833079261,1561.7972833079261,0.9960904114446456,0.9960904114446456
    527.00, Eocene/Paleocene,     25.18,   39.3155,       266,,,0.303944,          Sltst,3,3,21.2,3,3,9.6,3,3,30.9,3,2.4777024650132686,2.4777024650132686,1561.7972833079261,1561.7972833079261,0.9960904114446456,0.9960904114446456
    527.25, Eocene/Paleocene,     25.19,   40.2366,       266,,,0.315457,          Sltst,3,3,21.2,3,3,9.6,3,3,30.9,3,2.457041411972981,2.457041411972981,1562.051613085746,1562.051613085746,0.987830696245769,0.987830696245769
    527.50, Eocene/Paleocene,      25.2,   44.0606,       266,,,0.363258,          Sltst,3,3,21.2,3,3,9.6,3,3,30.9,3,2.371258471264323,2.371258471264323,1563.1075687627695,1563.1075687627695,0.9535370589469326,0.9535370589469326
    527.75, Eocene/Paleocene,      25.2,   44.4444,       267,,,0.368055,          Sltst,3,3,21.2,3,3,9.6,3,3,30.9,3,2.362649848712924,2.362649848712924,1563.2135376626393,1563.2135376626393,0.9500955707328258,0.9500955707328258
    528.00, Eocene/Paleocene,     25.21,   42.9913,       267,,,0.349891,          Sltst,3,3,21.2,3,3,9.6,3,3,30.9,3,2.395246684240048,2.395246684240048,1562.8122828998216,1562.8122828998216,0.9631268802848449,0.9631268802848449
    528.25, Eocene/Paleocene,   25.2175,   42.9913,       267,,,0.34418,          Sltst,3,3,21.2,3,3,9.6,3,3,30.9,3,2.4054955571587557,2.4054955571587557,1562.686123135978,1562.686123135978,0.967224095042144,0.967224095042144
    528.50, Eocene/Paleocene,     25.23,   42.5344,       264,,,0.34418,          Sltst,3,3,21.2,3,3,9.6,3,3,30.9,3,2.4054955571587557,2.4054955571587557,1562.686123135978,1562.686123135978,0.967224095042144,0.967224095042144
    528.75, Eocene/Paleocene,     25.23,   42.7672,       267,,,0.34709,          Sltst,3,3,21.2,3,3,9.6,3,3,30.9,3,2.4002733158361433,2.4002733158361433,1562.7504069589136,1562.7504069589136,0.9651363879954376,0.9651363879954376
    529.00, Eocene/Paleocene,     25.24,   40.5236,       267,,,0.319045,          Sltst,3,3,21.2,3,3,9.6,3,3,30.9,3,2.4506024422597394,2.4506024422597394,1562.1308743767058,1562.1308743767058,0.985256574979933,0.985256574979933
    529.25, Eocene/Paleocene,     25.24,   39.8848,       265,,,0.311061,          Sltst,3,3,21.2,3,3,9.6,3,3,30.9,3,2.464930406080955,2.464930406080955,1561.9545025408581,1561.9545025408581,0.9909844969939894,0.9909844969939894
    529.50, Eocene/Paleocene,     25.25,   43.0466,       264,,,0.350583,          Sltst,3,3,21.2,3,3,9.6,3,3,30.9,3,2.3940048316643616,2.3940048316643616,1562.827569637097,1562.827569637097,0.962630422114288,0.962630422114288
    529.75, Eocene/Paleocene,     25.25,   43.0466,       265,,,0.353981,          Sltst,3,3,21.2,3,3,9.6,3,3,30.9,3,2.3879068330340396,2.3879068330340396,1562.902633702504,1562.902633702504,0.9601926116178245,0.9601926116178245
    530.00, Eocene/Paleocene,     25.26,   43.3185,       265,,,0.353981,          Sltst,3,3,21.2,3,3,9.6,3,3,30.9,3,2.3879068330340396,2.3879068330340396,1562.902633702504,1562.902633702504,0.9601926116178245,0.9601926116178245
    530.25, Eocene/Paleocene,     25.27,   42.9825,       265,,,0.349781,          Sltst,3,3,21.2,3,3,9.6,3,3,30.9,3,2.395444088551212,2.395444088551212,1562.8098529271333,1562.8098529271333,0.9632057970460606,0.9632057970460606
    530.50, Eocene/Paleocene,     25.27,   46.3057,       265,,,0.391321,          Sltst,3,3,21.2,3,3,9.6,3,3,30.9,3,2.3208970423170823,2.3208970423170823,1563.7274989768719,1563.7274989768719,0.933403958310602,0.933403958310602
    530.75, Eocene/Paleocene,     25.28,   48.8706,       265,,,0.423382,          Sltst,3,3,21.2,3,3,9.6,3,3,30.9,3,2.263360863951352,2.263360863951352,1564.4357476528628,1564.4357476528628,0.9104025921166312,0.9104025921166312
    531.00, Eocene/Paleocene,     25.28,   47.5265,       265,,,0.406581,          Sltst,3,3,21.2,3,3,9.6,3,3,30.9,3,2.2935116806046887,2.2935116806046887,1564.0646024607188,1564.0646024607188,0.9224560512546776,0.9224560512546776
    531.25, Eocene/Paleocene,     25.29,   47.5265,       266,,,0.395427,          Sltst,3,3,21.2,3,3,9.6,3,3,30.9,3,2.313528477756723,2.313528477756723,1563.818203230127,1563.818203230127,0.9304582108419502,0.9304582108419502
    531.50, Eocene/Paleocene,      25.3,   46.6341,       266,,,0.395427,          Sltst,3,3,21.2,3,3,9.6,3,3,30.9,3,2.313528477756723,2.313528477756723,1563.818203230127,1563.818203230127,0.9304582108419502,0.9304582108419502
    531.75, Eocene/Paleocene,      25.3,   47.8163,       266,,,0.410204,          Sltst,3,3,21.2,3,3,9.6,3,3,30.9,3,2.2870099004288043,2.2870099004288043,1564.1446369248065,1564.1446369248065,0.9198568201102729,0.9198568201102729
    532.00, Eocene/Paleocene,     25.31,   42.2414,       266,,,0.340517,          Sltst,3,3,21.2,3,3,9.6,3,3,30.9,3,2.4120691207205183,2.4120691207205183,1562.6052050454584,1562.6052050454584,0.969852023190627,0.969852023190627
    532.25, Eocene/Paleocene,     25.32,   43.1767,       264,,,0.352208,          Sltst,3,3,21.2,3,3,9.6,3,3,30.9,3,2.3910886316130746,2.3910886316130746,1562.8634669609012,1562.8634669609012,0.9614646063236014,0.9614646063236014
    532.50, Eocene/Paleocene,     25.32,   49.0909,       267,,,0.426136,          Sltst,3,3,21.2,3,3,9.6,3,3,30.9,3,2.258418577833663,2.258418577833663,1564.496585332713,1564.496585332713,0.9084268033858307,0.9084268033858307
    532.75, Eocene/Paleocene,     25.33,   49.0909,       267,,,0.492275,          Sltst,3,3,21.2,3,3,9.6,3,3,30.9,3,2.1397265438693127,2.1397265438693127,1565.9576395475337,1565.9576395475337,0.8609770245672341,0.8609770245672341
    533.00, Eocene/Paleocene,     25.33,    54.382,       268,,,0.492275,          Sltst,3,3,21.2,3,3,9.6,3,3,30.9,3,2.1397265438693127,2.1397265438693127,1565.9576395475337,1565.9576395475337,0.8609770245672341,0.8609770245672341
    533.25, Eocene/Paleocene,     25.34,   51.5789,       267,,,0.457237,          Sltst,3,3,21.2,3,3,9.6,3,3,30.9,3,2.2026052007290007,2.2026052007290007,1565.1836269743335,1565.1836269743335,0.8861141652897426,0.8861141652897426
    533.50, Eocene/Paleocene,     25.34,   50.7982,       267,,,0.447478,          Sltst,3,3,21.2,3,3,9.6,3,3,30.9,3,2.220118552298545,2.220118552298545,1564.9680442155613,1564.9680442155613,0.8931155168597797,0.8931155168597797
    533.75, Eocene/Paleocene,     25.35,   47.0855,       267,,,0.401069,          Sltst,3,3,21.2,3,3,9.6,3,3,30.9,3,2.3034034311786544,2.3034034311786544,1563.9428387383753,1563.9428387383753,0.9264104984166863,0.9264104984166863
    534.00, Eocene/Paleocene,     25.36,   50.9767,       266,,,0.449709,          Sltst,3,3,21.2,3,3,9.6,3,3,30.9,3,2.2161148339512087,2.2161148339512087,1565.0173284798118,1565.0173284798118,0.8915149414573048,0.8915149414573048
    534.25, Eocene/Paleocene,     25.36,   50.9767,       268,,,0.420731,          Sltst,3,3,21.2,3,3,9.6,3,3,30.9,3,2.2681183078504055,2.2681183078504055,1564.3771853110752,1564.3771853110752,0.9123044860619298,0.9123044860619298
    534.50, Eocene/Paleocene,     25.37,   48.6585,       267,,,0.420731,          Sltst,3,3,21.2,3,3,9.6,3,3,30.9,3,2.2681183078504055,2.2681183078504055,1564.3771853110752,1564.3771853110752,0.9123044860619298,0.9123044860619298
    534.75, Eocene/Paleocene,     25.38,   45.4327,       268,,,0.380408,          Sltst,3,3,21.2,3,3,9.6,3,3,30.9,3,2.340481344569202,2.340481344569202,1563.4864235955333,1563.4864235955333,0.941233218448302,0.941233218448302
    535.00, Eocene/Paleocene,     25.38,    48.866,       270,,,0.423325,          Sltst,3,3,21.2,3,3,9.6,3,3,30.9,3,2.263463155276228,2.263463155276228,1564.434488485197,1564.434488485197,0.910443485347443,0.910443485347443
    535.25, Eocene/Paleocene,     25.39,   48.7334,       269,,,0.421667,          Sltst,3,3,21.2,3,3,9.6,3,3,30.9,3,2.266438576620864,2.266438576620864,1564.3978621695862,1564.3978621695862,0.9116329761664943,0.9116329761664943
    535.50, Eocene/Paleocene,     25.39,   44.9668,       268,,,0.374585,          Sltst,3,3,21.2,3,3,9.6,3,3,30.9,3,2.3509312109683678,2.3509312109683678,1563.35778967768,1563.35778967768,0.9454107848170208,0.9454107848170208
    535.75, Eocene/Paleocene,      25.4,   44.9668,       266,,,0.334839,          Sltst,3,3,21.2,3,3,9.6,3,3,30.9,3,2.422258772345877,2.422258772345877,1562.4797742734213,1562.4797742734213,0.9739255629195614,0.9739255629195614
    536.00, Eocene/Paleocene,     25.41,   41.7872,       266,,,0.334839,          Sltst,3,3,21.2,3,3,9.6,3,3,30.9,3,2.422258772345877,2.422258772345877,1562.4797742734213,1562.4797742734213,0.9739255629195614,0.9739255629195614
    536.25, Eocene/Paleocene,     25.41,    43.616,       267,,,0.3577,          Sltst,3,3,21.2,3,3,9.6,3,3,30.9,3,2.381232772732048,2.381232772732048,1562.9847888700288,1562.9847888700288,0.9575245076636316,0.9575245076636316
    536.50, Eocene/Paleocene,     25.42,    44.682,       269,,,0.371025,          Sltst,3,3,21.2,3,3,9.6,3,3,30.9,3,2.357319932311495,2.357319932311495,1563.279146925223,1563.279146925223,0.9479648181800018,0.9479648181800018
    536.75, Eocene/Paleocene,     25.43,   48.1336,       268,,,0.41417,          Sltst,3,3,21.2,3,3,9.6,3,3,30.9,3,2.279892577719017,2.279892577719017,1564.2322484855495,1564.2322484855495,0.9170115121558957,0.9170115121558957
    537.00, Eocene/Paleocene,     25.43,   51.2047,       269,,,0.452559,          Sltst,3,3,21.2,3,3,9.6,3,3,30.9,3,2.2110002677074134,2.2110002677074134,1565.0802868630992,1565.0802868630992,0.889470279916716,0.889470279916716
    537.25, Eocene/Paleocene,     25.44,   51.2047,       269,,,0.462883,          Sltst,3,3,21.2,3,3,9.6,3,3,30.9,3,2.1924729758123447,2.1924729758123447,1565.3083508452248,1565.3083508452248,0.8820635831640711,0.8820635831640711
    537.50, Eocene/Paleocene,     25.45,   52.0307,       267,,,0.462883,          Sltst,3,3,21.2,3,3,9.6,3,3,30.9,3,2.1924729758123447,2.1924729758123447,1565.3083508452248,1565.3083508452248,0.8820635831640711,0.8820635831640711
    537.75, Eocene/Paleocene,     25.46,   54.4037,       266,,,0.492546,          Sltst,3,3,21.2,3,3,9.6,3,3,30.9,3,2.1392402114299904,2.1392402114299904,1565.9636261166113,1565.9636261166113,0.8607826023646028,0.8607826023646028
    538.00, Eocene/Paleocene,     25.46,   50.7761,       267,,,0.447201,          Sltst,3,3,21.2,3,3,9.6,3,3,30.9,3,2.220615652245749,2.220615652245749,1564.961925102519,1564.961925102519,0.8933142436130229,0.8933142436130229
    538.25, Eocene/Paleocene,     25.46,   47.7889,       271,,,0.409861,          Sltst,3,3,21.2,3,3,9.6,3,3,30.9,3,2.2876254429627068,2.2876254429627068,1564.1370598281512,1564.1370598281512,0.9201028969202456,0.9201028969202456
    538.50, Eocene/Paleocene,     25.47,   44.5341,       272,,,0.369176,          Sltst,3,3,21.2,3,3,9.6,3,3,30.9,3,2.360638119323698,2.360638119323698,1563.238301293399,1563.238301293399,0.9492913371935277,0.9492913371935277
    538.75, Eocene/Paleocene,     25.48,   44.5341,       271,,,0.346608,          Sltst,3,3,21.2,3,3,9.6,3,3,30.9,3,2.401138305635971,2.401138305635971,1562.7397592604068,1562.7397592604068,0.9654821868945828,0.9654821868945828
    539.00, Eocene/Paleocene,     25.48,   42.7287,       269,,,0.346608,          Sltst,3,3,21.2,3,3,9.6,3,3,30.9,3,2.401138305635971,2.401138305635971,1562.7397592604068,1562.7397592604068,0.9654821868945828,0.9654821868945828
    539.25, Eocene/Paleocene,     25.49,   44.4947,       271,,,0.368683,          Sltst,3,3,21.2,3,3,9.6,3,3,30.9,3,2.361522849554642,2.361522849554642,1563.2274105976232,1563.2274105976232,0.9496450277687944,0.9496450277687944
    539.50, Eocene/Paleocene,     25.49,   46.0464,       274,,,0.38808,          Sltst,3,3,21.2,3,3,9.6,3,3,30.9,3,2.3267132911578337,2.3267132911578337,1563.6559031452107,1563.6559031452107,0.9357291330660574,0.9357291330660574
    539.75, Eocene/Paleocene,      25.5,   49.0501,       268,,,0.425626,          Sltst,3,3,21.2,3,3,9.6,3,3,30.9,3,2.2593338160036054,2.2593338160036054,1564.4853190957037,1564.4853190957037,0.9087926901878309,0.9087926901878309
    540.00, Eocene/Paleocene,     25.51,   44.1578,       267,,,0.364472,          Sltst,3,3,21.2,3,3,9.6,3,3,30.9,3,2.369079845502931,2.369079845502931,1563.1343868249837,1563.1343868249837,0.952666104873152,0.952666104873152
    540.25, Eocene/Paleocene,     25.51,   44.1578,       266,,,0.344262,          Sltst,3,3,21.2,3,3,9.6,3,3,30.9,3,2.405348401217706,2.405348401217706,1562.6879345701639,1562.6879345701639,0.9671652661837832,0.9671652661837832
    540.50, Eocene/Paleocene,   25.5267,    42.541,       266,,,0.344262,          Sltst,3,3,21.2,3,3,9.6,3,3,30.9,3,2.405348401217706,2.405348401217706,1562.6879345701639,1562.6879345701639,0.9671652661837832,0.9671652661837832
    540.75, Eocene/Paleocene,     25.52,   43.3302,       264,,,0.354127,          Sltst,3,3,21.2,3,3,9.6,3,3,30.9,3,2.3876448236755854,2.3876448236755854,1562.9058589389813,1562.9058589389813,0.9600878675529383,0.9600878675529383
    541.00, Eocene/Paleocene,     25.53,   42.9277,       264,,,0.349096,          Sltst,3,3,21.2,3,3,9.6,3,3,30.9,3,2.39667337903437,2.39667337903437,1562.7947208244836,1562.7947208244836,0.963697233240904,0.963697233240904
    541.25, Eocene/Paleocene,     25.54,    45.657,       264,,,0.383213,          Sltst,3,3,21.2,3,3,9.6,3,3,30.9,3,2.335447534634519,2.335447534634519,1563.5483878990847,1563.5483878990847,0.9392208410373015,0.9392208410373015
    541.50, Eocene/Paleocene,     25.54,   49.4918,       264,,,0.431147,          Sltst,3,3,21.2,3,3,9.6,3,3,30.9,3,2.2494259141678175,2.2494259141678175,1564.6072816339947,1564.6072816339947,0.9048317861999043,0.9048317861999043
    541.75, Eocene/Paleocene,     25.55,   49.4918,       265,,,0.457785,          Sltst,3,3,21.2,3,3,9.6,3,3,30.9,3,2.2016217683424744,2.2016217683424744,1565.1957326564534,1565.1957326564534,0.885721016333868,0.885721016333868
    542.00, Eocene/Paleocene,   25.5575,   51.6228,       264,,,0.457785,          Sltst,3,3,21.2,3,3,9.6,3,3,30.9,3,2.2016217683424744,2.2016217683424744,1565.1957326564534,1565.1957326564534,0.885721016333868,0.885721016333868
    542.25, Eocene/Paleocene,     25.56,   47.3377,       264,,,0.404222,          Sltst,3,3,21.2,3,3,9.6,3,3,30.9,3,2.2977451057868343,2.2977451057868343,1564.0124905918856,1564.0124905918856,0.9241484570702034,0.9241484570702034
    542.50, Eocene/Paleocene,     25.57,   46.7884,       265,,,0.397355,          Sltst,3,3,21.2,3,3,9.6,3,3,30.9,3,2.310068518557411,2.310068518557411,1563.8607940241545,1563.8607940241545,0.9290750152453695,0.9290750152453695
    542.75, Eocene/Paleocene,     25.58,   45.9563,       266,,,0.386954,          Sltst,3,3,21.2,3,3,9.6,3,3,30.9,3,2.3287339934702946,2.3287339934702946,1563.631029061147,1563.631029061147,0.9365369537308654,0.9365369537308654
    543.00, Eocene/Paleocene,     25.58,   44.1661,       265,,,0.364576,          Sltst,3,3,21.2,3,3,9.6,3,3,30.9,3,2.3688932086996486,2.3688932086996486,1563.1366842537072,1563.1366842537072,0.9525914926625481,0.9525914926625481
    543.25, Eocene/Paleocene,     25.59,   44.1661,       265,,,0.398443,          Sltst,3,3,21.2,3,3,9.6,3,3,30.9,3,2.308116010461534,2.308116010461534,1563.8848286631076,1563.8848286631076,0.9282944567344359,0.9282944567344359
    543.50, Eocene/Paleocene,      25.6,   46.8755,       265,,,0.398443,          Sltst,3,3,21.2,3,3,9.6,3,3,30.9,3,2.308116010461534,2.308116010461534,1563.8848286631076,1563.8848286631076,0.9282944567344359,0.9282944567344359
    543.75, Eocene/Paleocene,      25.6,   46.2268,       265,0.32299999999999995,,0.390335,          Sltst,3,2,13.6,8,8,2.6,8,8,6.4,8,2.01924932030158,2.2468541110465097,1638.763736271636,1638.763736271636,0.8855951076961704,0.8855951076961704
    544.00, Eocene/Paleocene,     25.61,   46.9002,       266,0.38049999999999995,,0.398753,          Sltst,3,2,13.6,8,8,2.6,8,8,6.4,8,1.8112803186099786,2.0439597266153737,1824.8686815402757,1824.8686815402757,0.7593809401263614,0.7593809401263614
    544.25, Eocene/Paleocene,     25.62,   45.0169,       265,0.307,,0.375211,          Sltst,3,2,13.6,8,8,2.6,8,8,6.4,8,2.0771189555548952,2.321058774598659,1591.834576926473,1591.834576926473,0.9265637025062261,0.9265637025062261
    544.50, Eocene/Paleocene,   25.6275,   42.2055,       265,0.3845,2.575,0.340068,          Sltst,3,11,7.7,11,11,2.3,11,8,6.4,11,2.3609582896301817,2.3609582896301817,1681.1386689615538,1681.1386689615538,0.7777196684633053,0.8083960292002454
    544.75, Eocene/Paleocene,     25.63,   42.2055,       265,0.33899999999999997,2.604,0.370851,          Sltst,3,11,7.7,11,11,2.3,11,8,6.4,11,2.4460751995816024,2.4460751995816024,1536.529479658051,1536.529479658051,0.8604611588148048,0.8882471931283626
    545.00, Eocene/Paleocene,     25.64,   44.6681,       265,0.3135,2.597,0.370851,          Sltst,3,11,7.7,11,11,2.3,11,8,6.4,11,2.5054287096611567,2.5054287096611567,1470.9009540049155,1470.9009540049155,0.9147262990571312,0.9393755825239275
    545.25, Eocene/Paleocene,     25.64,   44.2052,       265,0.408,2.61,0.365065,          Sltst,3,11,7.7,11,11,2.3,11,8,6.4,11,2.2865109390872274,2.2865109390872274,1721.348409703635,1721.348409703635,0.7162734168808449,0.7516847921799484
    545.50, Eocene/Paleocene,     25.65,   44.8412,       266,0.40299999999999997,2.593,0.373015,          Sltst,3,11,7.7,11,11,2.3,11,8,6.4,11,2.27808880249769,2.27808880249769,1711.9566904948952,1711.9566904948952,0.7232761741166631,0.7569602349094298
    545.75, Eocene/Paleocene,     25.65,   43.0259,       265,0.262,2.596,0.350324,          Sltst,3,11,7.7,11,11,2.3,11,8,6.4,11,2.6619182311454743,2.6619182311454743,1340.3106091776406,1340.3106091776406,1.033712585746513,1.0530276272357932
    546.00, Eocene/Paleocene,     25.66,   43.9297,       266,0.3565,2.587,0.361622,          Sltst,3,11,7.7,11,11,2.3,11,8,6.4,11,2.406352179051093,2.406352179051093,1593.5769989343157,1593.5769989343157,0.8274430400517989,0.8559263710631134
    546.25, Eocene/Paleocene,     25.67,   43.9297,       265,0.39299999999999996,2.606,0.456417,          Sltst,3,11,7.7,11,11,2.3,11,8,6.4,11,2.191130873775564,2.191130873775564,1650.5194740833726,1650.5194740833726,0.7063966253232032,0.739537165706653
    546.50, Eocene/Paleocene,    25.675,   51.5133,       266,0.248,2.64,0.456417,          Sltst,3,11,7.7,11,11,2.3,11,8,6.4,11,2.5697915906404996,2.5697915906404996,1247.6940311911812,1247.6940311911812,1.0149631090540794,1.0353418482215
    546.75, Eocene/Paleocene,     25.68,   54.4284,       266,0.243,2.653,0.492855,          Sltst,3,11,7.7,11,11,2.3,11,8,6.4,11,2.5374479817514892,2.5374479817514892,1216.2184450747063,1216.2184450747063,1.008931383129457,1.029510281295413
    547.00, Eocene/Paleocene,     25.69,   53.5948,       267,0.34700000000000003,2.688,0.482434,          Sltst,3,11,7.7,11,11,2.3,11,8,6.4,11,2.31384725889147,2.31384725889147,1484.9593823838713,1484.9593823838713,0.7923827876653163,0.82624774988352
    547.25, Eocene/Paleocene,     25.69,    48.652,       269,0.34600000000000003,2.71,0.42065,          Sltst,3,11,7.7,11,11,2.3,11,8,6.4,11,2.4167632218964576,2.4167632218964576,1495.2010824644044,1495.2010824644044,0.8227796651378156,0.8583465484640722
    547.50, Eocene/Paleocene,      25.7,   44.8057,       268,0.3875,2.643,0.372571,          Sltst,3,11,7.7,11,11,2.3,11,8,6.4,11,2.345057914073257,2.345057914073257,1650.429539412871,1650.429539412871,0.7564640162687148,0.7919740025492809
    547.75, Eocene/Paleocene,      25.7,   44.8057,       267,0.29600000000000004,2.631,0.329435,          Sltst,3,11,7.7,11,11,2.3,11,8,6.4,11,2.626903138601791,2.626903138601791,1424.8638699795179,1424.8638699795179,0.9709166798132749,0.9962780391855298
    548.00, Eocene/Paleocene,   25.7175,   41.3548,       266,0.447,2.673,0.329435,          Sltst,3,11,7.7,11,11,2.3,11,8,6.4,11,2.275743443013689,2.275743443013689,1813.2671727055017,1813.2671727055017,0.6495819277900865,0.6935555221713892
    548.25, Eocene/Paleocene,     25.72,   43.1829,       268,0.293,2.63,0.352287,          Sltst,3,11,7.7,11,11,2.3,11,8,6.4,11,2.6011776324093976,2.6011776324093976,1409.1646490897429,1409.1646490897429,0.9668450427862216,0.9917167282286732
    548.50, Eocene/Paleocene,   25.7233,    44.603,       265,0.3505,2.655,0.370038,          Sltst,3,11,7.7,11,11,2.3,11,8,6.4,11,2.4471501478642352,2.4471501478642352,1547.1966376831074,1547.1966376831074,0.8363606269948318,0.8688547431292326
    548.75, Eocene/Paleocene,     25.73,   45.3456,       267,0.376,2.64,0.37932,          Sltst,3,11,7.7,11,11,2.3,11,8,6.4,11,2.3622818275507953,2.3622818275507953,1618.3921746884212,1618.3921746884212,0.7778485732206599,0.811922684970057
    549.00, Eocene/Paleocene,     25.74,   51.6448,       267,0.2925,2.641,0.45806,          Sltst,3,11,7.7,11,11,2.3,11,8,6.4,11,2.4576143561089547,2.4576143561089547,1366.1483569337995,1366.1483569337995,0.919513376175602,0.9445870810051697
    549.25, Eocene/Paleocene,     25.75,   51.6448,       267,0.369,2.701,0.464476,          Sltst,3,11,7.7,11,11,2.3,11,8,6.4,11,2.2921484365208875,2.2921484365208875,1545.1095428815436,1545.1095428815436,0.7537823599713201,0.7909174215502335
    549.50, Eocene/Paleocene,     25.75,   52.1581,       269,0.217,2.694,0.464476,          Sltst,3,11,7.7,11,11,2.3,11,8,6.4,11,2.6653082758438336,2.6653082758438336,1139.9644292819837,1139.9644292819837,1.077245156709894,1.098070385418286
    549.75, Eocene/Paleocene,     25.76,   50.4061,       266,0.309,2.733,0.442577,          Sltst,3,11,7.7,11,11,2.3,11,8,6.4,11,2.490085669326508,2.490085669326508,1378.934508775656,1378.934508775656,0.8914847756496537,0.9246759830270624
    550.00, Eocene/Paleocene,     25.77,   51.4683,       274,0.384,2.72,0.455854,          Sltst,3,11,7.7,11,11,2.3,11,8,6.4,11,2.2778380919412426,2.2778380919412426,1580.7739070612586,1580.7739070612586,0.7258066244346328,0.7658510582175664
    550.25, Eocene/Paleocene,     25.78,   47.4276,       270,0.381,2.746,0.405345,          Sltst,3,11,7.7,11,11,2.3,11,8,6.4,11,2.3718567654299334,2.3718567654299334,1580.069777826276,1580.069777826276,0.7553007947346324,0.7970603740748397
    550.50, Eocene/Paleocene,     25.78,    44.638,       269,0.366,2.705,0.370475,          Sltst,3,11,7.7,11,11,2.3,11,8,6.4,11,2.4359609147048418,2.4359609147048418,1568.5608678499652,1568.5608678499652,0.8031759876433319,0.8407200320267532
    550.75, Eocene/Paleocene,     25.79,    44.638,       272,0.309,2.659,0.36404,          Sltst,3,11,7.7,11,11,2.3,11,8,6.4,11,2.5608884241811696,2.5608884241811696,1436.3197692398933,1436.3197692398933,0.927418825213383,0.9558948511342626
    551.00, Eocene/Paleocene,      25.8,   44.1232,       262,0.3,2.675,0.36404,          Sltst,3,11,7.7,11,11,2.3,11,8,6.4,11,2.592137748486782,2.592137748486782,1405.7379770311754,1405.7379770311754,0.9465712276518513,0.9752101695305566
    551.25, Eocene/Paleocene,     25.81,    44.713,       272,0.41200000000000003,2.702,0.371412,          Sltst,3,11,7.7,11,11,2.3,11,8,6.4,11,2.3188393244946073,2.3188393244946073,1692.8963699121691,1692.8963699121691,0.7048572130045843,0.7469807451598592
    551.50, Eocene/Paleocene,     25.82,   46.0467,       286,0.304,2.701,0.388083,          Sltst,3,11,7.7,11,11,2.3,11,8,6.4,11,2.5624057756814356,2.5624057756814356,1397.562078260657,1397.562078260657,0.9270583439803382,0.9577873733601973
    551.75, Eocene/Paleocene,     25.83,   44.5694,       288,0.349,2.671,0.369617,          Sltst,3,11,7.7,11,11,2.3,11,8,6.4,11,2.4603951217680518,2.4603951217680518,1536.8925751353809,1536.8925751353809,0.839745319643961,0.8731853635841245
    552.00, Eocene/Paleocene,     25.83,    44.685,       303,0.278,2.632,0.371063,          Sltst,3,11,7.7,11,11,2.3,11,8,6.4,11,2.612709873265388,2.612709873265388,1361.4890378701693,1361.4890378701693,0.9901748873508817,1.0135329075599753
    552.25, Eocene/Paleocene,     25.84,    44.685,       297,0.321,2.61,0.356661,          Sltst,3,11,7.7,11,11,2.3,11,8,6.4,11,2.514322838388845,2.514322838388845,1490.807000936657,1490.807000936657,0.9052584979534181,0.9316500307613883
    552.50, Eocene/Paleocene,   25.8525,   43.5329,       271,0.3845,2.565,0.356661,          Sltst,3,11,7.7,11,11,2.3,11,8,6.4,11,2.3317030529256977,2.3317030529256977,1679.3107002367522,1679.3107002367522,0.770127658526448,0.8000376468811543
    552.75, Eocene/Paleocene,     25.86,   37.7948,       270,0.406,2.501,0.284935,          Sltst,3,11,7.7,11,11,2.3,11,8,6.4,11,2.3450288120704235,2.3450288120704235,1787.98480232061,1787.98480232061,0.7571924217723744,0.7852813725829388
    553.00, Eocene/Paleocene,     25.87,   26.4193,       268,0.244,2.262,0.142741,          Sltst,3,11,7.7,11,11,2.3,11,8,6.4,11,2.8165204854832586,2.8165204854832586,1499.2687363180094,1499.2687363180094,1.1669955259047518,1.1624565850461486
    553.25, Eocene/Paleocene,     25.88,   21.2631,       276,0.156,2.071,0.0782882,        C (lig),3,11,7.7,11,11,2.3,11,8,6.4,11,3.020274340259207,3.020274340259207,1362.5012069525462,1362.5012069525462,1.383753384203343,1.3572237912319542
    553.50, Eocene/Paleocene,     25.89,   27.5257,       277,0.17,2.041,0.156572,        C (lig),3,11,7.7,11,11,2.3,11,8,6.4,11,2.857102663164295,2.857102663164295,1384.5520907536368,1384.5520907536368,1.3181425584956108,1.290636386460404
    553.75, Eocene/Paleocene,      25.9,   27.5257,       266,0.285,2.165,0.156572,        C (lig),3,11,7.7,11,11,2.3,11,8,6.4,11,2.640978844890762,2.640978844890762,1643.398455073637,1643.398455073637,1.0734174162262953,1.066412790721073
    554.00, Eocene/Paleocene,     25.91,   34.5324,       264,0.32,2.527,0.244155,        C (lig),3,11,7.7,11,11,2.3,11,8,6.4,11,2.6310608239057545,2.6310608239057545,1561.0880293067005,1561.0880293067005,0.9588628682251263,0.9799775593642573
    554.25, Eocene/Paleocene,     25.92,   31.6777,       268,0.281,2.587,0.208471,           Clst,3,11,7.7,11,11,2.3,11,8,6.4,11,2.812190519949562,2.812190519949562,1444.8845776569328,1444.8845776569328,1.0581835742529688,1.0795319334840336
    554.50, Eocene/Paleocene,     25.93,    33.491,       265,0.375,2.535,0.231138,           Clst,3,11,7.7,11,11,2.3,11,8,6.4,11,2.5176601684453823,2.5176601684453823,1710.075648785627,1710.075648785627,0.8477762452766942,0.8752302390482684
    554.75, Eocene/Paleocene,     25.94,   61.6337,       268,0.375,2.536,0.582921,           Clst,3,11,7.7,11,11,2.3,11,8,6.4,11,2.016222746908479,2.016222746908479,1585.766423170598,1585.766423170598,0.6868204186258493,0.712672761422882
    555.00, Eocene/Paleocene,     25.95,   61.6337,       268,0.449,2.533,0.582921,           Clst,3,11,7.7,11,11,2.3,11,8,6.4,11,1.8309791493251861,1.8309791493251861,1785.581878900451,1785.581878900451,0.5293451096873332,0.5626971705157366
    555.25, Eocene/Paleocene,     25.96,   61.6337,       265,0.337,2.557,0.582921,           Clst,3,11,7.7,11,11,2.3,11,8,6.4,11,2.122200356577866,2.122200356577866,1475.3425193405533,1475.3425193405533,0.7676861178104928,0.7910252515531819
    555.50, Eocene/Paleocene,     25.97,   61.6337,       269,0.38049999999999995,2.581,0.582921,           Clst,3,11,7.7,11,11,2.3,11,8,6.4,11,2.0276754436934126,2.0276754436934126,1582.4535900230983,1582.4535900230983,0.67511617269123,0.7046353774090319
    555.75, Eocene/Paleocene,     25.98,   66.8317,       295,0.489,2.589,0.647896,           Clst,3,11,7.7,11,11,2.3,11,8,6.4,11,1.6702635206426906,1.6702635206426906,1847.560318332018,1847.560318332018,0.4144944688060659,0.4555538627398672
    556.00, Eocene/Paleocene,   25.9825,   63.8614,       288,0.2325,2.571,0.610767,           Clst,3,11,7.7,11,11,2.3,11,8,6.4,11,2.349503152858672,2.349503152858672,1179.441019366839,1179.441019366839,0.9773260499727263,0.9906134631814725
    556.25, Eocene/Paleocene,     25.99,   66.8317,       268,0.313,2.572,0.647896,           Clst,3,11,7.7,11,11,2.3,11,8,6.4,11,2.0973827496962536,2.0973827496962536,1382.017529069129,1382.017529069129,0.7890303387138882,0.8105930768691092
    556.50, Eocene/Paleocene,   26.0075,   66.8317,       267,0.27949999999999997,2.591,0.647896,           Clst,3,11,7.7,11,11,2.3,11,8,6.4,11,2.191081890576875,2.191081890576875,1284.4745981530723,1284.4745981530723,0.8603198366792975,0.8797004570311403
    556.75, Eocene/Paleocene,   26.0167,   66.8317,       267,0.23399999999999999,2.534,0.647896,           Clst,3,11,7.7,11,11,2.3,11,8,6.4,11,2.2721641048483328,2.2721641048483328,1185.2502538247365,1185.2502538247365,0.957145871229331,0.9678691297702111
    557.00, Eocene/Paleocene,     26.02,   61.6337,       267,0.2455,2.512,0.582921,           Clst,3,11,7.7,11,11,2.3,11,8,6.4,11,2.324086350029547,2.324086350029547,1247.8377511964127,1247.8377511964127,0.9624022092682527,0.9731188680147316
    557.25, Eocene/Paleocene,     26.03,   50.9357,       267,0.365,2.475,0.449196,           Clst,3,11,7.7,11,11,2.3,11,8,6.4,11,2.197835810109093,2.197835810109093,1630.5296469472564,1630.5296469472564,0.769285794894766,0.7905375176780883
    557.50, Eocene/Paleocene,     26.04,   36.5831,       270,0.4645,2.516,0.269789,           Clst,3,11,7.7,11,11,2.3,11,8,6.4,11,2.229887748029093,2.229887748029093,1944.3044762258635,1944.3044762258635,0.6396317512308132,0.6749158940942803
    557.75, Eocene/Paleocene,     26.05,   31.9459,       266,0.373,2.544,0.211824,           Clst,3,11,7.7,11,11,2.3,11,8,6.4,11,2.5552019441738896,2.5552019441738896,1707.8958306309542,1707.8958306309542,0.8608693189731469,0.8888255772683742
    558.00, Eocene/Paleocene,     26.06,   35.6399,       267,0.4815,2.515,0.257998,           Clst,3,11,7.7,11,11,2.3,11,8,6.4,11,2.203984230701513,2.203984230701513,1994.485977172571,1994.485977172571,0.6088498798275028,0.6458915485715836
    558.25, Eocene/Paleocene,     26.08,   35.6399,       272,0.28300000000000003,2.541,0.257998,           Clst,3,11,7.7,11,11,2.3,11,8,6.4,11,2.7108998672011264,2.7108998672011264,1451.2837457927021,1451.2837457927021,1.0312667558314956,1.0494253333064996
    558.50, Eocene/Paleocene,     26.09,   33.4409,       279,0.314,2.555,0.230511,           Clst,3,11,7.7,11,11,2.3,11,8,6.4,11,2.6810305058360524,2.6810305058360524,1538.543956612145,1538.543956612145,0.9778738523360656,1.0003537502775741
    558.75, Eocene/Paleocene,      26.1,   39.0554,       272,0.39,2.55,0.300692,           Clst,3,11,7.7,11,11,2.3,11,8,6.4,11,2.38956170307841,2.38956170307841,1719.8109080265776,1719.8109080265776,0.7840316331761693,0.8137487547951359
    559.00, Eocene/Paleocene,     26.11,   49.5078,       276,0.325,2.486,0.431348,           Clst,3,11,7.7,11,11,2.3,11,8,6.4,11,2.328666931272706,2.328666931272706,1525.040983195773,1525.040983195773,0.8625738098317031,0.8805012210237269
    559.25, Eocene/Paleocene,     26.12,    54.231,       273,0.303,2.458,0.490388,           Clst,3,11,7.7,11,11,2.3,11,8,6.4,11,2.2833761652095164,2.2833761652095164,1456.4454292639757,1456.4454292639757,0.8823774586294193,0.8958083232923135
    559.50, Eocene/Paleocene,     26.13,      54.9,       281,0.2605,2.422,0.49875,           Clst,3,11,7.7,11,11,2.3,11,8,6.4,11,2.356795416393944,2.356795416393944,1353.892805983569,1353.892805983569,0.9689933850025609,0.975483509079411
    559.75, Eocene/Paleocene,     26.14,      54.9,       290,0.182,2.38,0.49875,           Clst,3,11,7.7,11,11,2.3,11,8,6.4,11,2.528105634747691,2.528105634747691,1160.0741089976307,1160.0741089976307,1.1360448951603113,1.131472574320782
    560.00, Eocene/Paleocene,     26.15,   51.5972,       275,0.27699999999999997,2.347,0.457465,           Clst,3,11,7.7,11,11,2.3,11,8,6.4,11,2.332950525480803,2.332950525480803,1442.8433217533789,1442.8433217533789,0.9527703073109882,0.9560178321249517
    560.25, Eocene/Paleocene,   26.1625,   43.9242,       271,0.248,2.302,0.361553,           Clst,3,11,7.7,11,11,2.3,11,8,6.4,11,2.5166605026524613,2.5166605026524613,1416.8667269487653,1416.8667269487653,1.0583674621336931,1.055956380985892
    560.50, Eocene/Paleocene,     26.18,   32.6104,       281,0.28600000000000003,2.083,0.220129,           Clst,3,11,7.7,11,11,2.3,11,8,6.4,11,2.5020708733170136,2.5020708733170136,1656.631487916721,1656.631487916721,1.042209315128288,1.0293688572890112
    560.75, Eocene/Paleocene,     26.19,   23.3966,       265,0.213,1.854,0.104958,        C (lig),3,11,7.7,11,11,2.3,11,8,6.4,11,2.719796917225732,2.719796917225732,1593.2500233641563,1593.2500233641563,1.2502522568321515,1.2146111913292972
    561.00, Eocene/Paleocene,      26.2,   21.8113,       269,0.2625,1.819,0.0851412,        C (lig),3,11,7.7,11,11,2.3,11,8,6.4,11,2.6057622924344725,2.6057622924344725,1747.1422433675152,1747.1422433675152,1.1539810802744734,1.1211822601173531
    561.25, Eocene/Paleocene,     26.22,   21.8113,       270,0.17300000000000001,1.846,0.0851412,        C (lig),3,11,7.7,11,11,2.3,11,8,6.4,11,2.8428412413654076,2.8428412413654076,1496.0862481317565,1496.0862481317565,1.3444410823014628,1.3041786479781883
    561.50, Eocene/Paleocene,     26.23,   27.4225,       277,0.2525,1.953,0.155281,        C (lig),3,11,7.7,11,11,2.3,11,8,6.4,11,2.6052111186716527,2.6052111186716527,1641.776218010952,1641.776218010952,1.1431695574066802,1.1182099339781537
    561.75, Eocene/Paleocene,     26.24,   39.8665,       281,0.226,2.124,0.310832,        C (lig),3,11,7.7,11,11,2.3,11,8,6.4,11,2.544344092681142,2.544344092681142,1447.1800720393803,1447.1800720393803,1.128391481128444,1.1116913127050878
    562.00, Eocene/Paleocene,     26.26,   49.4676,       279,0.40700000000000003,2.559,0.430845,        C (lig),3,11,7.7,11,11,2.3,11,8,6.4,11,2.1666807721915,2.1666807721915,1715.9793202776757,1715.9793202776757,0.6883042872669061,0.7197925088040199
    562.25, Eocene/Paleocene,     26.27,   52.6864,       277,0.442,2.536,0.47108,           Clst,3,11,7.7,11,11,2.3,11,8,6.4,11,2.0096143779209243,2.0096143779209243,1804.9828901507524,1804.9828901507524,0.5954134821989212,0.6287739390809096
    562.50, Eocene/Paleocene,     26.28,   55.2088,       267,0.3395,2.505,0.502611,           Clst,3,11,7.7,11,11,2.3,11,8,6.4,11,2.2016008559175066,2.2016008559175066,1531.2257077445568,1531.2257077445568,0.7991112792112663,0.819516668523604
    562.75, Eocene/Paleocene,      26.3,   55.2088,       272,0.185,2.472,0.502611,           Clst,3,11,7.7,11,11,2.3,11,8,6.4,11,2.5664622301078097,2.5664622301078097,1129.8137806455663,1129.8137806455663,1.1278941877383035,1.1299416932612472
    563.00, Eocene/Paleocene,     26.31,   59.7469,       271,0.2805,2.501,0.559336,           Clst,3,11,7.7,11,11,2.3,11,8,6.4,11,2.264783623890361,2.264783623890361,1354.5006201536594,1354.5006201536594,0.8987117943750542,0.9124288303189284
    563.25, Eocene/Paleocene,   26.3225,    63.679,       264,0.251,2.433,0.608487,           Clst,3,11,7.7,11,11,2.3,11,8,6.4,11,2.2299016453121383,2.2299016453121383,1285.3249544936955,1285.3249544936955,0.9390004206321512,0.9447365260853167
    563.50, Eocene/Paleocene,     26.34,   66.1661,       264,0.37799999999999995,2.6,0.639576,           Clst,3,11,7.7,11,11,2.3,11,8,6.4,11,1.9636266182629496,1.9636266182629496,1548.1569156432945,1548.1569156432945,0.6545141894412645,0.6848104414141816
    563.75, Eocene/Paleocene,     26.34,   67.9836,       264,0.242,2.606,0.662295,           Clst,3,11,7.7,11,11,2.3,11,8,6.4,11,2.271925560756653,2.271925560756653,1172.7308596041585,1172.7308596041585,0.9335333527709497,0.9499719100309671
    564.00, Eocene/Paleocene,   26.3575,   64.4713,       267,0.284,2.546,0.618391,           Clst,3,11,7.7,11,11,2.3,11,8,6.4,11,2.19692606971882,2.19692606971882,1325.0191533716143,1325.0191533716143,0.8642434397864043,0.8811386503504481
    564.25, Eocene/Paleocene,     26.37,   64.4713,       273,0.263,2.523,0.618391,           Clst,3,11,7.7,11,11,2.3,11,8,6.4,11,2.236193326493515,2.236193326493515,1277.8947547433318,1277.8947547433318,0.9089323788094967,0.922059314908029
    564.50, Eocene/Paleocene,     26.38,   59.9281,       273,0.2875,2.539,0.561601,           Clst,3,11,7.7,11,11,2.3,11,8,6.4,11,2.265379244731865,2.265379244731865,1357.227457650854,1357.227457650854,0.8827791466173429,0.8998271844568558
    564.75, Eocene/Paleocene,     26.39,   64.9913,       268,0.28300000000000003,2.582,0.624891,           Clst,3,11,7.7,11,11,2.3,11,8,6.4,11,2.210208397945892,2.210208397945892,1305.5862112666036,1305.5862112666036,0.8633974554178643,0.8826329616740045
    565.00, Eocene/Paleocene,      26.4,    74.284,       268,0.2845,2.598,0.74105,           Clst,3,11,7.7,11,11,2.3,11,8,6.4,11,2.0496514062144326,2.0496514062144326,1262.2712683740033,1262.2712683740033,0.8070576584432974,0.826997928218429
    565.25, Eocene/Paleocene,     26.41,   75.8926,       266,0.313,2.587,0.761158,           Clst,3,11,7.7,11,11,2.3,11,8,6.4,11,1.9441231081564672,1.9441231081564672,1336.098754097797,1336.098754097797,0.7372081106979578,0.7592644077512621
    565.50, Eocene/Paleocene,     26.42,   72.4863,       277,0.179,2.552,0.718579,           Clst,3,11,7.7,11,11,2.3,11,8,6.4,11,2.317775421784728,2.317775421784728,1005.5080951143175,1005.5080951143175,1.04184782323105,1.0477456707784658
    565.75, Eocene/Paleocene,     26.43,   72.4863,       274,0.28600000000000003,2.533,0.718579,           Clst,3,11,7.7,11,11,2.3,11,8,6.4,11,2.04174612122514,2.04174612122514,1300.3195573668345,1300.3195573668345,0.8141470386848171,0.8298809291640405
    566.00, Eocene/Paleocene,     26.44,   69.4884,       272,0.228,2.435,0.681105,           Clst,3,11,7.7,11,11,2.3,11,8,6.4,11,2.1844466924295514,2.1844466924295514,1197.2133169089211,1197.2133169089211,0.9547195961604009,0.9578532923154739
    566.25, Eocene/Paleocene,     26.45,   67.1974,       280,0.196,2.424,0.652467,           Clst,3,11,7.7,11,11,2.3,11,8,6.4,11,2.298560332275077,2.298560332275077,1125.8329753882913,1125.8329753882913,1.035920141653571,1.0351011613152212
    566.50, Eocene/Paleocene,     26.46,   63.4335,       265,0.195,2.443,0.605419,           Clst,3,11,7.7,11,11,2.3,11,8,6.4,11,2.378774893948105,2.378774893948105,1132.0892157607982,1132.0892157607982,1.0595746664213437,1.0601813600371581
    566.75, Eocene/Paleocene,     26.47,   60.2326,       261,0.244,2.458,0.565408,           Clst,3,11,7.7,11,11,2.3,11,8,6.4,11,2.322682723222929,2.322682723222929,1271.669727994709,1271.669727994709,0.9736072257792975,0.9805378977709478
    567.00, Eocene/Paleocene,     26.48,   62.4516,       263,0.3265,2.472,0.593145,           Clst,3,11,7.7,11,11,2.3,11,8,6.4,11,2.0862534456028357,2.0862534456028357,1477.7007073247903,1477.7007073247903,0.7853526683444925,0.8017053890659585
    567.25, Eocene/Paleocene,     26.49,   62.4516,       263,0.473,2.505,0.593145,           Clst,3,11,7.7,11,11,2.3,11,8,6.4,11,1.7412375309694275,1.7412375309694275,1857.6412296524654,1857.6412296524654,0.47359411754053826,0.5074716417653107
    567.50, Eocene/Paleocene,   26.4925,   62.4121,       264,0.3925,2.514,0.592652,           Clst,3,11,7.7,11,11,2.3,11,8,6.4,11,1.9466552698990558,1.9466552698990558,1638.1439824081056,1638.1439824081056,0.6451272857965016,0.671243104452434
    567.75, Eocene/Paleocene,      26.5,   63.6565,       264,0.297,2.515,0.608207,           Clst,3,11,7.7,11,11,2.3,11,8,6.4,11,2.161921122788925,2.161921122788925,1375.948538634092,1375.948538634092,0.8412384757465016,0.8574042952072161
    568.00, Eocene/Paleocene,     26.51,   65.4077,       263,0.307,2.511,0.630097,           Clst,3,11,7.7,11,11,2.3,11,8,6.4,11,2.103646424266021,2.103646424266021,1396.6841547431136,1396.6841547431136,0.8099424137238596,0.8267706080731327
    568.25, Eocene/Paleocene,     26.52,    60.563,       264,0.311,2.521,0.569537,           Clst,3,11,7.7,11,11,2.3,11,8,6.4,11,2.185719937607904,2.185719937607904,1424.734202987007,1424.734202987007,0.8291390350657821,0.8473589151908764
    568.50, Eocene/Paleocene,     26.53,   58.4688,       263,0.32049999999999995,2.518,0.543361,           Clst,3,11,7.7,11,11,2.3,11,8,6.4,11,2.197833567699143,2.197833567699143,1460.656359216157,1460.656359216157,0.8208992541620566,0.840026436837372
    568.75, Eocene/Paleocene,   26.5325,   58.4688,       264,0.366,2.512,0.543361,           Clst,3,11,7.7,11,11,2.3,11,8,6.4,11,2.0816163231052665,2.0816163231052665,1585.184897043384,1585.184897043384,0.724073219612023,0.7475259971845833
    569.00, Eocene/Paleocene,   26.5475,    56.896,       264,0.38799999999999996,2.511,0.5237,           Clst,3,11,7.7,11,11,2.3,11,8,6.4,11,2.0545399009918577,2.0545399009918577,1651.5580547219104,1651.5580547219104,0.6862519875380151,0.7120203361402396
    569.25, Eocene/Paleocene,     26.55,   54.9339,       264,0.43200000000000005,2.525,0.499173,           Clst,3,11,7.7,11,11,2.3,11,8,6.4,11,1.9881977412884817,1.9881977412884817,1772.6667055248238,1772.6667055248238,0.6038401756520495,0.6352695448982595
    569.50, Eocene/Paleocene,     26.56,   52.6716,       264,0.312,2.523,0.470895,           Clst,3,11,7.7,11,11,2.3,11,8,6.4,11,2.325117005508268,2.325117005508268,1461.3592249108,1461.3592249108,0.8721439406421752,0.8910738646659686
    569.75, Eocene/Paleocene,     26.57,   55.5132,       265,0.354,2.513,0.506415,           Clst,3,11,7.7,11,11,2.3,11,8,6.4,11,2.164664235194325,2.164664235194325,1565.589525371813,1565.589525371813,0.7665141375096786,0.7889614875367006
    570.00, Eocene/Paleocene,     26.57,   57.3339,       265,0.4715,2.486,0.529173,           Clst,3,11,7.7,11,11,2.3,11,8,6.4,11,1.8256504613903095,1.8256504613903095,1883.7794487065728,1883.7794487065728,0.506056121314673,0.5387748022419581
    570.25, Eocene/Paleocene,     26.58,   57.3339,       262,0.292,2.499,0.529173,           Clst,3,11,7.7,11,11,2.3,11,8,6.4,11,2.2781830458202124,2.2781830458202124,1396.7933039043805,1396.7933039043805,0.8880401477263441,0.902960446399275
    570.50, Eocene/Paleocene,     26.59,   56.1123,       261,0.3035,2.499,0.513904,           Clst,3,11,7.7,11,11,2.3,11,8,6.4,11,2.271444094538063,2.271444094538063,1433.0366067104,1433.0366067104,0.870553856589021,0.8867442116135682
    570.75, Eocene/Paleocene,     26.59,    54.052,       263,0.385,2.496,0.48815,           Clst,3,11,7.7,11,11,2.3,11,8,6.4,11,2.1043463936822446,2.1043463936822446,1662.0527659662182,1662.0527659662182,0.7089017730585627,0.7334951493799815
    571.00, Eocene/Paleocene,      26.6,   54.0223,       262,0.3665,2.521,0.487779,           Clst,3,11,7.7,11,11,2.3,11,8,6.4,11,2.1647109090797376,2.1647109090797376,1602.489472129534,1602.489472129534,0.7484403487224434,0.7728279436661101
    571.25, Eocene/Paleocene,     26.61,   52.2394,       264,0.35600000000000004,2.545,0.465492,           Clst,3,11,7.7,11,11,2.3,11,8,6.4,11,2.2359464465846965,2.2359464465846965,1572.5186501540627,1572.5186501540627,0.7809820776483654,0.8060322794031259
    571.50, Eocene/Paleocene,     26.62,   56.6514,       265,0.4045,2.542,0.520642,           Clst,3,11,7.7,11,11,2.3,11,8,6.4,11,2.0352610791454513,2.0352610791454513,1684.4686682898905,1684.4686682898905,0.6525384160324095,0.6821710177104447
    571.75, Eocene/Paleocene,     26.63,   56.6514,       265,0.256,2.519,0.520642,           Clst,3,11,7.7,11,11,2.3,11,8,6.4,11,2.39081534760815,2.39081534760815,1295.143756118769,1295.143756118769,0.9685530562671347,0.9811401664201379
    572.00, Eocene/Paleocene,     26.63,   56.2123,       264,0.441,2.522,0.515154,           Clst,3,11,7.7,11,11,2.3,11,8,6.4,11,1.9413935801965208,1.9413935801965208,1792.3980532120454,1792.3980532120454,0.5773757795535492,0.6094602051998717
    572.25, Eocene/Paleocene,     26.64,    54.205,       265,0.341,2.536,0.490063,           Clst,3,11,7.7,11,11,2.3,11,8,6.4,11,2.2330745217668744,2.2330745217668744,1527.2200743212252,1527.2200743212252,0.8016604608989721,0.8244131401417648
    572.50, Eocene/Paleocene,     26.65,   53.0627,       265,0.4045,2.545,0.475784,           Clst,3,11,7.7,11,11,2.3,11,8,6.4,11,2.1009466412174698,2.1009466412174698,1699.063918340976,1699.063918340976,0.673062877054982,0.7031147574299469
    572.75, Eocene/Paleocene,     26.65,   49.0731,       264,0.324,2.541,0.425913,           Clst,3,11,7.7,11,11,2.3,11,8,6.4,11,2.369576809929786,2.369576809929786,1502.1804503265366,1502.1804503265366,0.8671886004041859,0.8888193854313158
    573.00, Eocene/Paleocene,     26.66,   44.8789,       264,0.3465,2.515,0.373486,           Clst,3,11,7.7,11,11,2.3,11,8,6.4,11,2.3740747288421638,2.3740747288421638,1591.477996720057,1591.477996720057,0.8432951978130849,0.8657302525968209
    573.25, Eocene/Paleocene,     26.67,   44.8789,       264,0.384,2.499,0.373486,           Clst,3,11,7.7,11,11,2.3,11,8,6.4,11,2.2721259548651154,2.2721259548651154,1698.5516684265863,1698.5516684265863,0.7634935209861341,0.7887335083312311
    573.50, Eocene/Paleocene,     26.67,    45.658,       263,0.3735,2.489,0.383225,           Clst,3,11,7.7,11,11,2.3,11,8,6.4,11,2.2786985570151765,2.2786985570151765,1670.9566467654515,1670.9566467654515,0.7813819798440882,0.8047947225192713
    573.75, Eocene/Paleocene,     26.68,   50.9698,       262,0.34700000000000003,2.508,0.449622,           Clst,3,11,7.7,11,11,2.3,11,8,6.4,11,2.260284254670454,2.260284254670454,1568.8143598404395,1568.8143598404395,0.8073956864809712,0.8290399765631554
    574.00, Eocene/Paleocene,     26.68,   51.7001,       263,0.3245,2.494,0.458752,           Clst,3,11,7.7,11,11,2.3,11,8,6.4,11,2.2952632949291667,2.2952632949291667,1510.833352900443,1510.833352900443,0.8510993255715666,0.8693946095152035
    574.25, Eocene/Paleocene,     26.69,   45.8216,       263,0.361,2.45,0.385271,           Clst,3,11,7.7,11,11,2.3,11,8,6.4,11,2.285037184173329,2.285037184173329,1652.351420518203,1652.351420518203,0.8070464059393727,0.8264661754307556
    574.50, Eocene/Paleocene,      26.7,   40.3262,       263,0.3995,2.343,0.316577,           Clst,3,11,7.7,11,11,2.3,11,8,6.4,11,2.227883618599493,2.227883618599493,1822.8554208041708,1822.8554208041708,0.756547138841831,0.7729451664101027
    574.75, Eocene/Paleocene,     26.71,   40.3262,       265,0.225,2.298,0.316577,           Clst,3,11,7.7,11,11,2.3,11,8,6.4,11,2.6356662549539522,2.6356662549539522,1372.584828157633,1372.584828157633,1.1278909416765752,1.123023286280478
    575.00, Eocene/Paleocene,     26.72,   39.7522,       266,0.358,2.388,0.309402,           Clst,3,11,7.7,11,11,2.3,11,8,6.4,11,2.3661671311785293,2.3661671311785293,1695.9253154103817,1695.9253154103817,0.8481438650960409,0.8633484777310657
    575.25, Eocene/Paleocene,     26.72,   41.0598,       265,0.237,2.375,0.325747,           Clst,3,11,7.7,11,11,2.3,11,8,6.4,11,2.6357552701395353,2.6357552701395353,1370.6346634818287,1370.6346634818287,1.0981587363689365,1.099791540284876
    575.50, Eocene/Paleocene,     26.73,   42.8264,       265,0.3275,2.428,0.34783,           Clst,3,11,7.7,11,11,2.3,11,8,6.4,11,2.4092990603561386,2.4092990603561386,1584.4640399272741,1584.4640399272741,0.8954667689711276,0.9100631193954949
    575.75, Eocene/Paleocene,     26.74,   44.7968,       265,0.242,2.407,0.37246,           Clst,3,11,7.7,11,11,2.3,11,8,6.4,11,2.5745386680246445,2.5745386680246445,1354.74777451802,1354.74777451802,1.0661453096231785,1.0702772388986088
    576.00, Eocene/Paleocene,     26.74,   46.0655,       265,0.435,2.417,0.388318,           Clst,3,11,7.7,11,11,2.3,11,8,6.4,11,2.078714544018726,2.078714544018726,1863.1432556560103,1863.1432556560103,0.6481769636748995,0.6730192366493646
    576.25, Eocene/Paleocene,     26.75,   46.0655,       264,0.303,2.439,0.388318,           Clst,3,11,7.7,11,11,2.3,11,8,6.4,11,2.418434002375629,2.418434002375629,1500.0286918979477,1500.0286918979477,0.9290788661057663,0.9416879948693389
    576.50, Eocene/Paleocene,     26.76,   43.7681,       264,0.345,2.398,0.359601,           Clst,3,11,7.7,11,11,2.3,11,8,6.4,11,2.3323589076747195,2.3323589076747195,1639.3362864195212,1639.3362864195212,0.8528402485523634,0.8671403224436587
    576.75, Eocene/Paleocene,     26.76,   41.2003,       263,0.37,2.357,0.327504,           Clst,3,11,7.7,11,11,2.3,11,8,6.4,11,2.293278682021136,2.293278682021136,1734.207674032564,1734.207674032564,0.8143248862841526,0.8285616593139676
    577.00, Eocene/Paleocene,     26.77,    40.974,       263,0.40700000000000003,2.374,0.324675,           Clst,3,11,7.7,11,11,2.3,11,8,6.4,11,2.2150113020367095,2.2150113020367095,1827.6812563891508,1827.6812563891508,0.736881620780806,0.7561537128644049
    577.25, Eocene/Paleocene,     26.78,    43.562,       263,0.418,2.325,0.357024,           Clst,3,11,7.7,11,11,2.3,11,8,6.4,11,2.1142344546653256,2.1142344546653256,1865.491276826228,1865.491276826228,0.6986720724752749,0.715566891660787
    577.50, Eocene/Paleocene,   26.7825,   43.0782,       263,0.3615,2.421,0.350977,           Clst,3,11,7.7,11,11,2.3,11,8,6.4,11,2.3165611890086146,2.3165611890086146,1677.4206279881853,1677.4206279881853,0.8216733610284699,0.8393140519941615
    577.75, Eocene/Paleocene,   26.7925,   43.0782,       263,0.256,2.445,0.350977,           Clst,3,11,7.7,11,11,2.3,11,8,6.4,11,2.591657960371318,2.591657960371318,1384.6267848049813,1384.6267848049813,1.0461820785016247,1.0544867201140482
    578.00, Eocene/Paleocene,      26.8,   40.2924,       265,0.389,2.426,0.316155,           Clst,3,11,7.7,11,11,2.3,11,8,6.4,11,2.3008219874054756,2.3008219874054756,1761.485571156864,1761.485571156864,0.7790846914723644,0.8000982360065941
    578.25, Eocene/Paleocene,     26.81,     40.78,       264,0.331,2.455,0.322251,           Clst,3,11,7.7,11,11,2.3,11,8,6.4,11,2.4521758316124993,2.4521758316124993,1592.0227469356655,1592.0227469356655,0.899722103226929,0.9166608573368193
    578.50, Eocene/Paleocene,     26.82,    41.823,       264,0.391,2.456,0.335287,           Clst,3,11,7.7,11,11,2.3,11,8,6.4,11,2.285290182946477,2.285290182946477,1748.0649939403863,1748.0649939403863,0.7660748905902616,0.7892686048052839
    578.75, Eocene/Paleocene,     26.83,   40.9188,       264,0.32299999999999995,2.45,0.323985,           Clst,3,11,7.7,11,11,2.3,11,8,6.4,11,2.466758374857409,2.466758374857409,1571.9488493737676,1571.9488493737676,0.9159530814990079,0.9317067305585978
    579.00, Eocene/Paleocene,     26.83,   39.3826,       264,0.2585,2.447,0.304783,           Clst,3,11,7.7,11,11,2.3,11,8,6.4,11,2.6524905923979194,2.6524905923979194,1406.8040783677757,1406.8040783677757,1.0619977050982143,1.070919548664957
    579.25, Eocene/Paleocene,     26.84,   39.3826,       264,0.275,2.438,0.304783,           Clst,3,11,7.7,11,11,2.3,11,8,6.4,11,2.6065400420157654,2.6065400420157654,1454.7037354941697,1454.7037354941697,1.026884967294356,1.0369062151063373
    579.50, Eocene/Paleocene,     26.85,   37.6411,       264,0.39299999999999996,2.463,0.283013,           Clst,3,11,7.7,11,11,2.3,11,8,6.4,11,2.35882782413662,2.35882782413662,1769.0335972854411,1769.0335972854411,0.7857364005953542,0.8098679105918013
    579.75, Eocene/Paleocene,     26.86,    37.995,       263,0.43,2.462,0.287438,           Clst,3,11,7.7,11,11,2.3,11,8,6.4,11,2.2601703899876893,2.2601703899876893,1867.1818924722675,1867.1818924722675,0.7049741186343468,0.732868855043971
    580.00, Eocene/Paleocene,     26.86,   36.3343,       264,0.506,2.464,0.266679,           Clst,3,11,7.7,11,11,2.3,11,8,6.4,11,2.102377060980056,2.102377060980056,2077.668816323261,2077.668816323261,0.5527408540732455,0.5887859418104477
    580.25, Eocene/Paleocene,     26.87,   34.9815,       265,0.465,2.481,0.249768,           Clst,3,11,7.7,11,11,2.3,11,8,6.4,11,2.237697956876249,2.237697956876249,1966.7562668169485,1966.7562668169485,0.6477281959945465,0.6807529370763564
    580.50, Eocene/Paleocene,     26.88,    34.919,       266,0.4225,2.472,0.248988,           Clst,3,11,7.7,11,11,2.3,11,8,6.4,11,2.3392207324544043,2.3392207324544043,1856.5790510388558,1856.5790510388558,0.7385269798884952,0.7665108618638172
    580.75, Eocene/Paleocene,     26.89,    34.919,       265,0.405,2.497,0.248988,           Clst,3,11,7.7,11,11,2.3,11,8,6.4,11,2.3965751475852763,2.3965751475852763,1799.5690064750595,1799.5690064750595,0.7757677624077387,0.8036482363817354
    581.00, Eocene/Paleocene,   26.8933,   36.6049,       265,0.34700000000000003,2.486,0.270061,           Clst,3,11,7.7,11,11,2.3,11,8,6.4,11,2.504248823848121,2.504248823848121,1640.897028776921,1640.897028776921,0.8895525536100034,0.9105367920552189
    581.25, Eocene/Paleocene,     26.91,      36.3,       265,0.41100000000000003,2.503,0.26625,           Clst,3,11,7.7,11,11,2.3,11,8,6.4,11,2.3604043340349525,2.3604043340349525,1807.182489432663,1807.182489432663,0.755101387954393,0.7839372543555048
    581.50, Eocene/Paleocene,    26.915,   36.7961,       265,0.4255,2.488,0.272452,           Clst,3,11,7.7,11,11,2.3,11,8,6.4,11,2.3072186874364693,2.3072186874364693,1849.9397049217916,1849.9397049217916,0.7214070582923047,0.7506920600114027
    581.75, Eocene/Paleocene,   26.9233,     36.07,       265,0.5,2.473,0.263375,           Clst,3,11,7.7,11,11,2.3,11,8,6.4,11,2.1269952610143212,2.1269952610143212,2059.114136915911,2059.114136915911,0.5670208442260636,0.603075634333249
    582.00, Eocene/Paleocene,     26.93,    31.271,       265,0.382,2.499,0.203388,           Clst,3,11,7.7,11,11,2.3,11,8,6.4,11,2.519817542633378,2.519817542633378,1753.0969743207283,1753.0969743207283,0.8455767487426779,0.8714161607047916
    582.25, Eocene/Paleocene,     26.94,    31.271,       265,0.39299999999999996,2.496,0.203388,           Clst,3,11,7.7,11,11,2.3,11,8,6.4,11,2.4908569390606283,2.4908569390606283,1783.8251174764723,1783.8251174764723,0.8221682568734391,0.8489468796139842
    582.50, Eocene/Paleocene,     26.95,   27.5541,       265,0.34149999999999997,2.545,0.156926,           Clst,3,11,7.7,11,11,2.3,11,8,6.4,11,2.712240707708375,2.712240707708375,1642.2870940879372,1642.2870940879372,0.9530209196076828,0.978026360578819
    582.75, Eocene/Paleocene,   26.9633,   23.3275,       265,0.442,2.548,0.104094,           Clst,3,11,7.7,11,11,2.3,11,8,6.4,11,2.539996599764567,2.539996599764567,1929.425526966281,1929.425526966281,0.7633253341055993,0.7992534886723082
    583.00, Eocene/Paleocene,     26.98,   19.9378,       265,0.4275,2.533,0.0617224,            Sst,3,11,7.7,11,11,2.3,11,8,6.4,11,2.6280653788823236,2.6280653788823236,1911.4578475137382,1911.4578475137382,0.8135688087452176,0.8471568298592634
    583.25, Eocene/Paleocene,     26.99,   21.4359,       266,0.456,2.554,0.0804491,            Sst,3,11,7.7,11,11,2.3,11,8,6.4,11,2.5423545635930593,2.5423545635930593,1972.9189411072743,1972.9189411072743,0.7443512650573589,0.7822621349847712
    583.50, Eocene/Paleocene,        27,   21.8269,       265,0.479,2.537,0.0853357,            Sst,3,11,7.7,11,11,2.3,11,8,6.4,11,2.4688447971418395,2.4688447971418395,2039.7561516695457,2039.7561516695457,0.6931704072924945,0.7322842899876654
    583.75, Eocene/Paleocene,     27.01,   21.8269,       265,0.43700000000000006,2.526,0.0853357,            Sst,3,11,7.7,11,11,2.3,11,8,6.4,11,2.5668987719814615,2.5668987719814615,1931.4494691358193,1931.4494691358193,0.7825482853386792,0.8165321562771144
    584.00, Eocene/Paleocene,     27.02,   19.6546,       265,0.361,2.506,0.0581829,            Sst,3,11,7.7,11,11,2.3,11,8,6.4,11,2.783023765653151,2.783023765653151,1745.0681581916585,1745.0681581916585,0.956703255540275,0.9815266322315623
    584.25, Eocene/Paleocene,     27.03,   22.3166,       266,0.44,2.486,0.091457,            Sst,3,11,7.7,11,11,2.3,11,8,6.4,11,2.5284136602246523,2.5284136602246523,1953.4113116347976,1953.4113116347976,0.7733633936184569,0.8048802750356545
    584.50, Eocene/Paleocene,     27.05,    21.933,       265,0.496,2.5,0.0866619,            Sst,3,11,7.7,11,11,2.3,11,8,6.4,11,2.404145846166788,2.404145846166788,2099.7769559876783,2099.7769559876783,0.6563868536892354,0.6947206810695263
    584.75, Eocene/Paleocene,     27.06,    20.264,       265,0.529,2.488,0.0658006,            Sst,3,11,7.7,11,11,2.3,11,8,6.4,11,2.3453600600880304,2.3453600600880304,2200.514266155191,2200.514266155191,0.5957063185320559,0.6367505615946182
    585.00, Eocene/Paleocene,     27.08,   20.3108,       265,0.46299999999999997,2.502,0.0663848,            Sst,3,11,7.7,11,11,2.3,11,8,6.4,11,2.5160592312541143,2.5160592312541143,2017.54625149983,2017.54625149983,0.7358899731642847,0.7710211447164393
    585.25, Eocene/Paleocene,     27.09,   19.5811,       266,0.405,2.509,0.0663848,            Sst,3,11,7.7,11,11,2.3,11,8,6.4,11,2.6638427052996447,2.6638427052996447,1859.066989852361,1859.066989852361,0.8593165666566353,0.8888892135695124
    585.50, Eocene/Paleocene,      27.1,   19.5811,       265,0.3005,2.499,0.0572632,            Sst,3,11,7.7,11,11,2.3,11,8,6.4,11,2.9305135752318594,2.9305135752318594,1585.8261800999953,1585.8261800999953,1.0858707630593176,1.1039170297629641
    585.75, Eocene/Paleocene,     27.12,   22.1324,       266,0.359,2.477,0.0891546,            Sst,3,11,7.7,11,11,2.3,11,8,6.4,11,2.727615178093479,2.727615178093479,1740.4391912166832,1740.4391912166832,0.9467884624204905,0.9692625148306048
    586.00, Eocene/Paleocene,     27.14,   24.3573,       265,0.35600000000000004,2.48,0.116967,            Sst,3,11,7.7,11,11,2.3,11,8,6.4,11,2.6970419656865605,2.6970419656865605,1721.3861666315606,1721.3861666315606,0.9404472294137598,0.9626830867113964
    586.25, Eocene/Paleocene,     27.16,   21.9988,       264,0.39799999999999996,2.512,0.0874847,            Sst,3,11,7.7,11,11,2.3,11,8,6.4,11,2.65277097504378,2.65277097504378,1831.6425885464696,1831.6425885464696,0.8645587694692689,0.8935085548147153
    586.50, Eocene/Paleocene,     27.18,   19.2879,       264,0.2415,2.528,0.0535982,            Sst,3,11,7.7,11,11,2.3,11,8,6.4,11,3.0982770705105347,3.0982770705105347,1417.1175208321006,1417.1175208321006,1.2131022961274514,1.2270159865805992
    586.75, Eocene/Paleocene,      27.2,   19.6801,       280,0.534,2.519,0.0535982,            Sst,3,11,7.7,11,11,2.3,11,8,6.4,11,2.3676581654155258,2.3676581654155258,2205.780642568876,2205.780642568876,0.5906492168772353,0.6344035814456426
    587.00, Eocene/Paleocene,     27.22,   19.6801,       364,0.308,2.51,0.058501,            Sst,3,11,7.7,11,11,2.3,11,8,6.4,11,2.916276801388802,2.916276801388802,1601.1014426214097,1601.1014426214097,1.0693440810477608,1.0889218231950806
    587.25, Eocene/Paleocene,     27.24,   20.5567,       297,0.342,2.485,0.0694583,            Sst,3,11,7.7,11,11,2.3,11,8,6.4,11,2.8023550345442025,2.8023550345442025,1698.5367994727274,1698.5367994727274,0.9919771255121518,1.0133244740208691
    587.50, Eocene/Paleocene,     27.27,   22.2953,       288,0.36450000000000005,2.425,0.091191,            Sst,3,11,7.7,11,11,2.3,11,8,6.4,11,2.682065134847803,2.682065134847803,1775.369507332654,1775.369507332654,0.934152476051024,0.9536141748410156
    587.75, Eocene/Paleocene,     27.29,   22.0225,       279,0.302,2.35,0.0877818,            Sst,3,11,7.7,11,11,2.3,11,8,6.4,11,2.8001453065391644,2.8001453065391644,1638.9490107036827,1638.9490107036827,1.0687151261399808,1.0765277080936841
    588.00, Eocene/Paleocene,     27.32,   16.0813,       303,0.40549999999999997,2.158,0.0135163,            Sst,3,11,7.7,11,11,2.3,11,8,6.4,11,2.5422935189195375,2.5422935189195375,2020.0111876171063,2020.0111876171063,0.8824421530102511,0.888183778696701
    588.25, Eocene/Paleocene,     27.34,   10.8317,       288,0.22899999999999998,1.977,0.0135163,        C (lig),3,11,7.7,11,11,2.3,11,8,6.4,11,2.879190470578318,2.879190470578318,1618.9976694261393,1618.9976694261393,1.258042045275766,1.2329586020490935
    588.50, Eocene/Paleocene,     27.37,   10.8317,       284,0.2525,1.842,-0.0521043,        C (lig),3,11,7.7,11,11,2.3,11,8,6.4,11,2.8392458240318694,2.8392458240318694,1759.4065586433414,1759.4065586433414,1.2380572364495377,1.2064502022670416
    588.75, Eocene/Paleocene,     27.39,   9.99095,       277,0.14800000000000002,1.866,-0.0626132,        C (lig),3,11,7.7,11,11,2.3,11,8,6.4,11,3.126858136534092,3.126858136534092,1472.9981623943177,1472.9981623943177,1.4652461821673166,1.4244571342111902
    589.00, Eocene/Paleocene,     27.42,    11.581,       277,0.17,1.88,-0.0427375,        C (lig),3,11,7.7,11,11,2.3,11,8,6.4,11,3.0517282393309664,3.0517282393309664,1519.420607513675,1519.420607513675,1.409335212296012,1.3717053720652608
    589.25, Eocene/Paleocene,   27.4475,   13.5436,       277,0.39,1.881,-0.0182055,        C (lig),3,11,7.7,11,11,2.3,11,8,6.4,11,2.47152858205585,2.47152858205585,2100.8417450518077,2100.8417450518077,0.9299409316055641,0.9151730695043718
    589.50, Eocene/Paleocene,   27.4775,   12.7505,       283,0.24,1.9,-0.0281193,        C (lig),3,11,7.7,11,11,2.3,11,8,6.4,11,2.868374242299338,2.868374242299338,1694.1133930326628,1694.1133930326628,1.2536836280721702,1.2246489912677796
    589.75, Eocene/Paleocene,      27.5,    10.562,       276,0.23600000000000002,1.86,-0.0281193,        C (lig),3,11,7.7,11,11,2.3,11,8,6.4,11,2.85598901631752,2.85598901631752,1699.4438452494755,1699.4438452494755,1.2621958069337116,1.2299943017870913
    590.00, Eocene/Paleocene,     27.52,    10.562,       279,0.265,1.838,-0.0554753,        C (lig),3,11,7.7,11,11,2.3,11,8,6.4,11,2.810816922367179,2.810816922367179,1795.7496022436985,1795.7496022436985,1.2129990547444378,1.182434682572097
    590.25, Eocene/Paleocene,   27.5575,   9.24985,       274,0.17,1.842,-0.0718769,        C (lig),3,11,7.7,11,11,2.3,11,8,6.4,11,3.0721176697216666,3.0721176697216666,1544.9471461967432,1544.9471461967432,1.4226677389249556,1.382563452662407
    590.50, Eocene/Paleocene,   27.5733,   8.63542,       274,0.3095,1.847,-0.0795573,        C (lig),3,11,7.7,11,11,2.3,11,8,6.4,11,2.7398109109854962,2.7398109109854962,1920.051744027353,1920.051744027353,1.129319613894265,1.104122425817372
    590.75, Eocene/Paleocene,   27.6033,   8.71876,       278,0.22699999999999998,1.865,-0.0785155,        C (lig),3,11,7.7,11,11,2.3,11,8,6.4,11,2.953019141849816,2.953019141849816,1691.0311623643147,1691.0311623643147,1.3044066346828438,1.271851006953947
    591.00, Eocene/Paleocene,    27.635,   9.00901,       290,0.187,1.865,-0.0748873,        C (lig),3,11,7.7,11,11,2.3,11,8,6.4,11,3.047068990195436,3.047068990195436,1582.396187464557,1582.396187464557,1.3878683660179045,1.3511301086849936
    591.25, Eocene/Paleocene,     27.66,   11.2738,       279,0.35100000000000003,1.859,-0.0748873,        C (lig),3,11,7.7,11,11,2.3,11,8,6.4,11,2.6368908759150624,2.6368908759150624,2024.9699084668932,2024.9699084668932,1.0388690326947063,1.0187963719967124
    591.50, Eocene/Paleocene,     27.68,   11.2738,       274,0.2965,1.876,-0.0465781,        C (lig),3,11,7.7,11,11,2.3,11,8,6.4,11,2.7411716592210054,2.7411716592210054,1861.8965750393147,1861.8965750393147,1.1418947951997223,1.117181240908228
    591.75, Eocene/Paleocene,     27.71,   15.7549,       276,0.27699999999999997,1.88,0.00943592,        C (lig),3,11,7.7,11,11,2.3,11,8,6.4,11,2.7118436318190358,2.7118436318190358,1788.2237441428997,1788.2237441428997,1.1577628479824178,1.1310277158979096
    592.00, Eocene/Paleocene,     27.74,   18.3242,       275,0.3075,1.9,0.0415521,        C (lig),3,11,7.7,11,11,2.3,11,8,6.4,11,2.601506935120029,2.601506935120029,1850.7382025777874,1850.7382025777874,1.078162952873229,1.0558266027558976
    592.25, Eocene/Paleocene,     27.77,   19.5155,       278,0.252,1.912,0.0564443,        C (lig),3,11,7.7,11,11,2.3,11,8,6.4,11,2.724625995128037,2.724625995128037,1691.7150463905843,1691.7150463905843,1.1894556136657881,1.1620941532832145
    592.50, Eocene/Paleocene,   27.7925,   17.7764,       273,0.1765,1.897,0.0347055,        C (lig),3,11,7.7,11,11,2.3,11,8,6.4,11,2.93457335205188,2.93457335205188,1502.760470386777,1502.760470386777,1.3600694240542495,1.3239176200868863
    592.75, Eocene/Paleocene,   27.8225,   13.8877,       276,0.13699999999999998,1.848,0.0347055,        C (lig),3,11,7.7,11,11,2.3,11,8,6.4,11,3.0052330628077204,3.0052330628077204,1416.4264487164332,1416.4264487164332,1.444127190311971,1.4004929003880477
    593.00, Eocene/Paleocene,     27.85,   13.8877,       275,0.171,1.848,-0.0139039,        C (lig),3,11,7.7,11,11,2.3,11,8,6.4,11,2.9902555811927383,2.9902555811927383,1524.80147608575,1524.80147608575,1.3940145575815086,1.354151676132879
    593.25, Eocene/Paleocene,     27.88,   13.7337,       267,0.168,1.846,-0.0158291,        C (lig),3,11,7.7,11,11,2.3,11,8,6.4,11,2.9993294954041456,2.9993294954041456,1518.2311149998213,1518.2311149998213,1.4012795533880298,1.3609758920570647
    593.50, Eocene/Paleocene,    27.905,   17.5065,       264,0.22949999999999998,1.799,0.0313311,        C (lig),3,11,7.7,11,11,2.3,11,8,6.4,11,2.7532579671513218,2.7532579671513218,1685.5591615305,1685.5591615305,1.2488269870220252,1.2114720588896357
    593.75, Eocene/Paleocene,     27.93,   21.9739,       274,0.205,1.775,0.0871734,        C (lig),3,11,7.7,11,11,2.3,11,8,6.4,11,2.720962827760698,2.720962827760698,1609.7734953434888,1609.7734953434888,1.2754138326546154,1.2335922372075836
    594.00, Eocene/Paleocene,     27.96,   25.0629,       298,0.1605,1.846,0.125786,        C (lig),3,11,7.7,11,11,2.3,11,8,6.4,11,2.8158495522680678,2.8158495522680678,1448.2209705364598,1448.2209705364598,1.352444900119114,1.3106877797590402
    594.25, Eocene/Paleocene,   27.9833,   30.2103,       280,0.195,1.809,0.125786,        C (lig),3,11,7.7,11,11,2.3,11,8,6.4,11,2.709631148850715,2.709631148850715,1555.6775966200426,1555.6775966200426,1.279027357438319,1.2383188422277511
    594.50, Eocene/Paleocene,   28.0133,   30.2103,       266,0.177,1.828,0.190128,        C (lig),3,11,7.7,11,11,2.3,11,8,6.4,11,2.6730635352799696,2.6730635352799696,1477.0725043396142,1477.0725043396142,1.2878929347278831,1.2463108727065377
    594.75, Eocene/Paleocene,     28.04,   36.8932,       265,0.19899999999999998,1.923,0.273665,           Clst,3,11,7.7,11,11,2.3,11,8,6.4,11,2.5522624323396967,2.5522624323396967,1468.5377393945257,1468.5377393945257,1.2028541867457334,1.1696984572326845
    595.00, Eocene/Paleocene,   28.0625,   33.2645,       270,0.285,1.905,0.228306,           Clst,3,11,7.7,11,11,2.3,11,8,6.4,11,2.393612555511006,2.393612555511006,1722.5617877744028,1722.5617877744028,1.0405960312560956,1.0153736501632076
    595.25, Eocene/Paleocene,     28.09,   23.6903,       263,0.18899999999999997,1.792,0.108629,           Clst,3,11,7.7,11,11,2.3,11,8,6.4,11,2.739517439334322,2.739517439334322,1552.4453223129692,1552.4453223129692,1.2996456898833861,1.2572249434080964
    595.50, Eocene/Paleocene,     28.12,   19.9919,       270,0.20600000000000002,1.891,0.0623988,           Clst,3,11,7.7,11,11,2.3,11,8,6.4,11,2.8185286261129034,2.8185286261129034,1574.5918627405765,1574.5918627405765,1.2846212311611709,1.250997362434126
    595.75, Eocene/Paleocene,     28.14,   23.8452,       275,0.39,1.908,0.0623988,           Clst,3,11,7.7,11,11,2.3,11,8,6.4,11,2.371563937502446,2.371563937502446,2061.606056774781,2061.606056774781,0.8930610035302657,0.8797668708678886
    596.00, Eocene/Paleocene,     28.17,   23.8452,       276,0.292,2.238,0.110565,           Clst,3,11,7.7,11,11,2.3,11,8,6.4,11,2.7299781779767534,2.7299781779767534,1649.0701228982175,1649.0701228982175,1.079571281074621,1.0785334097859178
    596.25, Eocene/Paleocene,     28.19,   34.9929,       268,0.149,2.279,0.249912,           Clst,3,11,7.7,11,11,2.3,11,8,6.4,11,2.9087329444651804,2.9087329444651804,1199.7191383631186,1199.7191383631186,1.3201244398735361,1.3063526684782603
    596.50, Eocene/Paleocene,     28.21,   44.5793,       267,0.22,2.131,0.369742,           Clst,3,11,7.7,11,11,2.3,11,8,6.4,11,2.479067379082431,2.479067379082431,1407.5152319203798,1407.5152319203798,1.1142058950616731,1.097082495148678
    596.75, Eocene/Paleocene,     28.24,    42.735,       269,0.23600000000000002,2.057,0.346687,           Clst,3,11,7.7,11,11,2.3,11,8,6.4,11,2.431006277894152,2.431006277894152,1488.3010275824622,1488.3010275824622,1.0907058320047225,1.0702699600397554
    597.00, Eocene/Paleocene,     28.26,   36.8595,       265,0.321,1.94,0.273244,           Clst,3,11,7.7,11,11,2.3,11,8,6.4,11,2.259700823227963,2.259700823227963,1789.2968341389192,1789.2968341389192,0.9434253570447714,0.9241449904589413
    597.25, Eocene/Paleocene,     28.28,   42.0377,       269,0.281,1.97,0.273244,           Clst,3,11,7.7,11,11,2.3,11,8,6.4,11,2.375659087832634,2.375659087832634,1669.8901943304895,1669.8901943304895,1.0285471456601853,1.007164123793307
    597.50, Eocene/Paleocene,     28.31,   42.0377,       280,0.2575,2.194,0.337971,           Clst,3,11,7.7,11,11,2.3,11,8,6.4,11,2.4665141051255857,2.4665141051255857,1494.0488614265737,1494.0488614265737,1.0489408148540131,1.0402051073634542
    597.75, Eocene/Paleocene,   28.3225,    49.719,       271,0.305,2.446,0.433988,           Clst,3,11,7.7,11,11,2.3,11,8,6.4,11,2.352205338555339,2.352205338555339,1486.4987458319204,1486.4987458319204,0.9039267907884004,0.9170086372691395
    598.00, Eocene/Paleocene,     28.35,   45.7815,       263,0.3435,2.465,0.384769,           Clst,3,11,7.7,11,11,2.3,11,8,6.4,11,2.337530965476395,2.337530965476395,1599.534732703166,1599.534732703166,0.8445168750124825,0.8631480381535138
    598.25, Eocene/Paleocene,     28.37,   32.3623,       264,0.233,2.413,0.217029,           Clst,3,11,7.7,11,11,2.3,11,8,6.4,11,2.8220113847721695,2.8220113847721695,1382.9295604264917,1382.9295604264917,1.1564140681452764,1.1607593811184707
    598.50, Eocene/Paleocene,   28.3933,   28.6328,       268,0.331,2.251,0.170409,           Clst,3,11,7.7,11,11,2.3,11,8,6.4,11,2.555084127665127,2.555084127665127,1727.4430311413118,1727.4430311413118,0.9691963377132958,0.972829425761087
    598.75, Eocene/Paleocene,   28.4133,   37.2657,       263,0.172,2.118,0.170409,           Clst,3,11,7.7,11,11,2.3,11,8,6.4,11,2.875338683455519,2.875338683455519,1354.1188253646326,1354.1188253646326,1.3075554474595672,1.2854862235590754
    599.00, Eocene/Paleocene,     28.43,   37.2657,       267,0.2735,2.006,0.278321,           Clst,3,11,7.7,11,11,2.3,11,8,6.4,11,2.407096476102564,2.407096476102564,1633.512955278377,1633.512955278377,1.042184535539562,1.0224716886167886
    599.25, Eocene/Paleocene,     28.45,   45.6026,       272,0.289,2.179,0.382533,           Clst,3,11,7.7,11,11,2.3,11,8,6.4,11,2.316417051976051,2.316417051976051,1568.9213733202755,1568.9213733202755,0.9615183780058547,0.9548199525138212
    599.50, Eocene/Paleocene,     28.47,   49.9998,       265,0.27699999999999997,2.299,0.437497,           Clst,3,11,7.7,11,11,2.3,11,8,6.4,11,2.3346753588107485,2.3346753588107485,1469.155981745841,1469.155981745841,0.9619065246568067,0.9619484718408782
    599.75, Eocene/Paleocene,     28.49,   49.2057,       265,0.276,2.277,0.427571,           Clst,3,11,7.7,11,11,2.3,11,8,6.4,11,2.339051089579838,2.339051089579838,1478.8046492328806,1478.8046492328806,0.9685761405548139,0.9670484048904788
    600.00, Eocene/Paleocene,     28.51,    51.717,       270,0.223,2.515,0.458963,           Clst,3,11,7.7,11,11,2.3,11,8,6.4,11,2.558463142363899,2.558463142363899,1229.9058537404967,1229.9058537404967,1.0669993226236865,1.0761678208280911
    600.25, Eocene/Paleocene,     28.52,   54.1141,       271,0.258,2.516,0.458963,           Clst,3,11,7.7,11,11,2.3,11,8,6.4,11,2.472196955696493,2.472196955696493,1323.44159574994,1323.44159574994,0.9925177575851991,1.0053997402462165
    600.50, Eocene/Paleocene,     28.54,   54.1141,       275,0.3005,2.573,0.488926,           Clst,3,11,7.7,11,11,2.3,11,8,6.4,11,2.3557995213711016,2.3557995213711016,1404.0603770846274,1404.0603770846274,0.888366498190298,0.9094511610088121
    600.75, Eocene/Paleocene,     28.56,   49.4579,       271,0.305,2.603,0.430723,           Clst,3,11,7.7,11,11,2.3,11,8,6.4,11,2.4444232271485054,2.4444232271485054,1424.5891111097171,1424.5891111097171,0.9054206684744028,0.9293130566887696
    601.00, Eocene/Paleocene,   28.5733,   47.0261,       265,0.2995,2.641,0.400326,           Clst,3,11,7.7,11,11,2.3,11,8,6.4,11,2.5226361249154863,2.5226361249154863,1405.2713263041123,1405.2713263041123,0.931032847034265,0.9571096416963888
    601.25, Eocene/Paleocene,     28.59,   50.7924,       265,0.28800000000000003,2.621,0.447405,           Clst,3,11,7.7,11,11,2.3,11,8,6.4,11,2.472828157837414,2.472828157837414,1365.8567507955863,1365.8567507955863,0.9339646973777936,0.9572452247331166
    601.50, Eocene/Paleocene,     28.61,   55.7857,       264,0.258,2.52,0.509821,           Clst,3,11,7.7,11,11,2.3,11,8,6.4,11,2.4018532725885713,2.4018532725885713,1303.9214049206166,1303.9214049206166,0.9692480389466956,0.9821635598981857
    601.75, Eocene/Paleocene,    28.625,   52.7196,       265,0.147,2.395,0.509821,           Clst,3,11,7.7,11,11,2.3,11,8,6.4,11,2.607496662189651,2.607496662189651,1056.2123968513356,1056.2123968513356,1.20546100235447,1.1982227587140397
    602.00, Eocene/Paleocene,     28.64,   52.7196,       264,0.3135,2.205,0.471495,           Clst,3,11,7.7,11,11,2.3,11,8,6.4,11,2.1431915322178448,2.1431915322178448,1592.8997060227812,1592.8997060227812,0.8686773478075039,0.8658955161566664
    602.25, Eocene/Paleocene,     28.65,   48.2025,       270,0.301,2.31,0.415031,           Clst,3,11,7.7,11,11,2.3,11,8,6.4,11,2.313332699751117,2.313332699751117,1537.0651417768672,1537.0651417768672,0.921112611087476,0.9245168171166742
    602.50, Eocene/Paleocene,     28.66,   48.0127,       266,0.32899999999999996,2.637,0.412658,           Clst,3,11,7.7,11,11,2.3,11,8,6.4,11,2.4296274058999145,2.4296274058999145,1481.710079953645,1481.710079953645,0.8626131084437869,0.8914282964746038
    602.75, Eocene/Paleocene,   28.6775,   42.0689,       266,0.42,2.626,0.338361,           Clst,3,11,7.7,11,11,2.3,11,8,6.4,11,2.30377259922293,2.30377259922293,1756.5349324952542,1756.5349324952542,0.7029551068588578,0.7408430353515741
    603.00, Eocene/Paleocene,     28.69,   35.8287,       265,0.423,2.574,0.260358,           Clst,3,11,7.7,11,11,2.3,11,8,6.4,11,2.3786406632287407,2.3786406632287407,1812.9474953460465,1812.9474953460465,0.7322606943486132,0.7672559913518119
    603.25, Eocene/Paleocene,      28.7,   37.3337,       266,0.22399999999999998,2.59,0.260358,          Sltst,3,11,7.7,11,11,2.3,11,8,6.4,11,2.8812196520105937,2.8812196520105937,1272.4198398185877,1272.4198398185877,1.1557415927102985,1.1711141488767436
    603.50, Eocene/Paleocene,     28.72,   37.3337,       265,0.342,2.59,0.279172,          Sltst,3,11,7.7,11,11,2.3,11,8,6.4,11,2.5616515038610075,2.5616515038610075,1582.4962560153451,1582.4962560153451,0.8960241034971389,0.9235952573369719
    603.75, Eocene/Paleocene,     28.73,   41.6703,       265,0.45,2.605,0.333379,          Sltst,3,11,7.7,11,11,2.3,11,8,6.4,11,2.2247497741488464,2.2247497741488464,1847.2422278984873,1847.2422278984873,0.6413932443043917,0.6809849581335676
    604.00, Eocene/Paleocene,     28.74,   37.2308,       264,0.5115,2.61,0.277885,          Sltst,3,11,7.7,11,11,2.3,11,8,6.4,11,2.154166359230994,2.154166359230994,2029.8418838248965,2029.8418838248965,0.5359093819979388,0.5825126996998239
    604.25, Eocene/Paleocene,     28.75,   27.2102,       264,0.41200000000000003,2.613,0.152627,          Sltst,3,11,7.7,11,11,2.3,11,8,6.4,11,2.5814108026808094,2.5814108026808094,1805.7056109183447,1805.7056109183447,0.8049607442548298,0.8420036765913301
    604.50, Eocene/Paleocene,     28.76,   22.7234,       264,0.34950000000000003,2.547,0.096542,            Sst,3,11,7.7,11,11,2.3,11,8,6.4,11,2.779678747729802,2.779678747729802,1684.224083635447,1684.224083635447,0.9636248345313299,0.9898876000617017
    604.75, Eocene/Paleocene,     28.77,   22.2625,       264,0.35,2.503,0.096542,            Sst,3,11,7.7,11,11,2.3,11,8,6.4,11,2.7538996551712045,2.7538996551712045,1703.2388164963716,1703.2388164963716,0.9625608121736373,0.9858502842027853
    605.00, Eocene/Paleocene,     28.78,   22.2625,       264,0.408,2.542,0.0907808,            Sst,3,11,7.7,11,11,2.3,11,8,6.4,11,2.6399915754148293,2.6399915754148293,1845.2712521976378,1845.2712521976378,0.8417702150441038,0.8738084456692392
    605.25, Eocene/Paleocene,     28.79,   20.4529,       265,0.374,2.518,0.0681612,          Sltst,3,11,7.7,11,11,2.3,11,8,6.4,11,2.7432282243927744,2.7432282243927744,1771.6247150250927,1771.6247150250927,0.9244731735620912,0.9514280231393861
    605.50, Eocene/Paleocene,      28.8,    18.441,       265,0.389,2.514,0.0430129,          Sltst,3,11,7.7,11,11,2.3,11,8,6.4,11,2.73967387196761,2.73967387196761,1822.3481319165958,1822.3481319165958,0.9040589298484307,0.932420186528844
    605.75, Eocene/Paleocene,   28.8033,   18.5701,       267,0.457,2.481,0.0446264,          Sltst,3,11,7.7,11,11,2.3,11,8,6.4,11,2.550280934156824,2.550280934156824,2017.5413312920236,2017.5413312920236,0.7586136436750092,0.7917794004666769
    606.00, Eocene/Paleocene,     28.81,   24.8969,       267,0.532,2.617,0.123711,          Sltst,3,11,7.7,11,11,2.3,11,8,6.4,11,2.327222900971395,2.327222900971395,2136.3550712626043,2136.3550712626043,0.5628256899456308,0.6127771643564656
    606.25, Eocene/Paleocene,     28.82,   35.5849,       265,0.433,2.65,0.123711,          Sltst,3,11,7.7,11,11,2.3,11,8,6.4,11,2.591214526490182,2.591214526490182,1857.3918596705382,1857.3918596705382,0.773502116768781,0.8154132434036103
    606.50, Eocene/Paleocene,     28.83,   35.5849,       264,0.42700000000000005,2.662,0.257312,          Sltst,3,11,7.7,11,11,2.3,11,8,6.4,11,2.4221420848717727,2.4221420848717727,1789.4105419228802,1789.4105419228802,0.7251421912700926,0.7666192141050354
    606.75, Eocene/Paleocene,     28.84,    43.865,       264,0.40299999999999997,2.642,0.360813,          Sltst,3,11,7.7,11,11,2.3,11,8,6.4,11,2.3228283293394774,2.3228283293394774,1696.5735284644813,1696.5735284644813,0.7288591130215947,0.7659702659316721
    607.00, Eocene/Paleocene,   28.8475,   50.8571,       264,0.26899999999999996,2.654,0.448213,            #NV,3,11,7.7,11,11,2.3,11,8,6.4,11,2.537212169997005,2.537212169997005,1301.322987268669,1301.322987268669,0.9740278522778367,0.9975949980044394
    607.25, Eocene/Paleocene,     28.86,   58.2208,       265,0.33,2.625,0.54026,            #NV,3,11,7.7,11,11,2.3,11,8,6.4,11,2.2383660000047976,2.2383660000047976,1444.268945637889,1444.268945637889,0.802101670010396,0.8295899882711888
    607.50, Eocene/Paleocene,     28.87,   60.5603,       266,0.223,2.565,0.569503,            #NV,3,11,7.7,11,11,2.3,11,8,6.4,11,2.4286072621453667,2.4286072621453667,1170.8879561675828,1170.8879561675828,1.016422526479517,1.0285040459226211
    607.75, Eocene/Paleocene,     28.88,   60.3416,       271,0.408,2.508,0.569503,          Sltst,3,11,7.7,11,11,2.3,11,8,6.4,11,1.9378921729338066,1.9378921729338066,1690.3084618127716,1690.3084618127716,0.6227342541332266,0.6501615375082659
    608.00, Eocene/Paleocene,     28.89,   60.3416,       269,0.2565,2.573,0.566771,          Sltst,3,11,7.7,11,11,2.3,11,8,6.4,11,2.3538645614561027,2.3538645614561027,1258.5485176754228,1258.5485176754228,0.9463830358152282,0.9625161172465693
    608.25, Eocene/Paleocene,      28.9,   58.7917,       269,0.20600000000000002,2.618,0.547396,          Sltst,3,11,7.7,11,11,2.3,11,8,6.4,11,2.531883643067676,2.531883643067676,1111.7602548169423,1111.7602548169423,1.062714188326966,1.0767745700797038
    608.50, Eocene/Paleocene,     28.91,   57.9106,       267,0.2465,2.66,0.536383,          Sltst,3,11,7.7,11,11,2.3,11,8,6.4,11,2.4705549330102214,2.4705549330102214,1207.4688582523424,1207.4688582523424,0.9815672977079005,1.0027852872344059
    608.75, Eocene/Paleocene,     28.91,   59.6174,       267,0.265,2.661,0.557718,          Sltst,3,11,7.7,11,11,2.3,11,8,6.4,11,2.394774914407841,2.394774914407841,1249.2050587499373,1249.2050587499373,0.9324367919339567,0.9555487305442764
    609.00, Eocene/Paleocene,     28.92,   58.4229,       267,0.368,2.683,0.542786,          Sltst,3,11,7.7,11,11,2.3,11,8,6.4,11,2.1728419953651814,2.1728419953651814,1522.0724680007536,1522.0724680007536,0.7200802173694456,0.755501648399595
    609.25, Eocene/Paleocene,     28.93,   53.6958,       268,0.254,2.681,0.542786,          Sltst,3,11,7.7,11,11,2.3,11,8,6.4,11,2.454524396262913,2.454524396262913,1216.908257739633,1216.908257739633,0.9626773149233759,0.9860898354668184
    609.50, Eocene/Paleocene,     28.94,   53.6958,       272,0.3105,2.711,0.483698,          Sltst,3,11,7.7,11,11,2.3,11,8,6.4,11,2.4154155118813607,2.4154155118813607,1377.312843927387,1377.312843927387,0.8694780855057923,0.901117555645656
    609.75, Eocene/Paleocene,     28.94,   54.8546,       273,0.249,2.65,0.498183,          Sltst,3,11,7.7,11,11,2.3,11,8,6.4,11,2.513287722596771,2.513287722596771,1231.6502932625267,1231.6502932625267,0.9937253260741981,1.0146974603224406
    610.00, Eocene/Paleocene,     28.96,   54.9204,       264,0.239,2.616,0.499005,          Sltst,3,11,7.7,11,11,2.3,11,8,6.4,11,2.517959788825393,2.517959788825393,1218.1777378804577,1218.1777378804577,1.014629672934669,1.0322187746646931
    610.25, Eocene/Paleocene,     28.97,   50.2179,       262,0.295,2.587,0.440224,          Sltst,3,11,7.7,11,11,2.3,11,8,6.4,11,2.446748921239548,2.446748921239548,1400.829805531498,1400.829805531498,0.9223540001934296,0.9440597921469673
    610.50, Eocene/Paleocene,     28.97,   50.8533,       262,0.264,2.502,0.448167,          Sltst,3,11,7.7,11,11,2.3,11,8,6.4,11,2.4649109924329755,2.4649109924329755,1348.9709492311931,1348.9709492311931,0.9846891228298189,0.9972845646474747
    610.75, Eocene/Paleocene,     28.98,   59.1234,       265,0.319,2.614,0.448167,          Sltst,3,11,7.7,11,11,2.3,11,8,6.4,11,2.39093573410807,2.39093573410807,1451.6016241470693,1451.6016241470693,0.8676466634836245,0.8936704512258524
    611.00, Eocene/Paleocene,   28.9925,   59.1234,       267,0.22,2.668,0.551542,          Sltst,3,11,7.7,11,11,2.3,11,8,6.4,11,2.519122682357324,2.519122682357324,1127.7921855811974,1127.7921855811974,1.0310245892989627,1.0499610849021446
    611.25, Eocene/Paleocene,        29,   64.8914,       264,0.369,2.648,0.623643,          Sltst,3,11,7.7,11,11,2.3,11,8,6.4,11,2.0354587334788574,2.0354587334788574,1510.3342371185113,1510.3342371185113,0.6809566234788376,0.7136917103521463
    611.50, Eocene/Paleocene,   29.0133,   65.4273,       264,0.272,2.546,0.630341,          Sltst,3,11,7.7,11,11,2.3,11,8,6.4,11,2.2096415825770452,2.2096415825770452,1288.6029301333863,1288.6029301333863,0.8843123382859657,0.8999011849463634
    611.75, Eocene/Paleocene,   29.0225,   65.6128,       268,0.235,2.481,0.63266,          Sltst,3,11,7.7,11,11,2.3,11,8,6.4,11,2.2618671867791384,2.2618671867791384,1214.5883692162026,1214.5883692162026,0.9619889506866666,0.969244506142291
    612.00, Eocene/Paleocene,     29.04,   64.2267,       269,0.3685,2.557,0.615334,            #NV,3,11,7.7,11,11,2.3,11,8,6.4,11,1.9978054367564637,1.9978054367564637,1548.4694325697233,1548.4694325697233,0.6858223700916586,0.712287847315257
    612.25, Eocene/Paleocene,     29.05,   63.8267,       269,0.22699999999999998,2.623,0.615334,          Sltst,3,11,7.7,11,11,2.3,11,8,6.4,11,2.385630129673471,2.385630129673471,1142.184805583006,1142.184805583006,0.9869406973186863,1.0032091085107675
    612.50, Eocene/Paleocene,     29.06,   63.8267,       269,0.2895,2.625,0.610334,          Sltst,3,11,7.7,11,11,2.3,11,8,6.4,11,2.238837885751538,2.238837885751538,1310.8879840644556,1310.8879840644556,0.8562256172870442,0.8791637266636896
    612.75, Eocene/Paleocene,     29.07,   66.3723,       267,0.325,2.574,0.642154,          Sltst,3,11,7.7,11,11,2.3,11,8,6.4,11,2.076923804871235,2.076923804871235,1415.443817578704,1415.443817578704,0.7661210136677099,0.7890981540202362
    613.00, Eocene/Paleocene,     29.08,   64.2471,       268,0.125,2.611,0.615588,          Sltst,3,11,7.7,11,11,2.3,11,8,6.4,11,2.6316048937330168,2.6316048937330168,873.1547753985437,873.1547753985437,1.2038850423822514,1.2087053753713515
    613.25, Eocene/Paleocene,     29.09,   59.9174,       269,0.35100000000000003,2.607,0.561468,          Sltst,3,11,7.7,11,11,2.3,11,8,6.4,11,2.1459692255861498,2.1459692255861498,1500.3911164281594,1500.3911164281594,0.7477091604008592,0.7760459624880599
    613.50, Eocene/Paleocene,      29.1,   62.3659,       262,0.414,2.515,0.592074,          Sltst,3,11,7.7,11,11,2.3,11,8,6.4,11,1.8947031035145598,1.8947031035145598,1695.6503162379174,1695.6503162379174,0.5996387842327178,0.6280650089422619
    613.75, Eocene/Paleocene,     29.11,   68.3481,       261,0.325,2.37,0.592074,          Sltst,3,11,7.7,11,11,2.3,11,8,6.4,11,2.0346175014540466,2.0346175014540466,1515.0207485909891,1515.0207485909891,0.7890347639020143,0.7982230307067857
    614.00, Eocene/Paleocene,     29.12,   68.3481,       260,0.222,2.306,0.666851,          Sltst,3,11,7.7,11,11,2.3,11,8,6.4,11,2.147728119352359,2.147728119352359,1237.9437596742143,1237.9437596742143,0.9740096814622932,0.9677164427667642
    614.25, Eocene/Paleocene,   29.1375,    69.234,       272,0.34600000000000003,2.417,0.677925,          Sltst,3,11,7.7,11,11,2.3,11,8,6.4,11,1.8862254509190335,1.8862254509190335,1522.2663896300223,1522.2663896300223,0.7050653062813725,0.7192643889037547
    614.50, Eocene/Paleocene,     29.15,   71.2502,       263,0.2965,2.514,0.703128,          Sltst,3,11,7.7,11,11,2.3,11,8,6.4,11,2.0271512878047258,2.0271512878047258,1341.5744633788713,1341.5744633788713,0.7988720650772293,0.8144663351879347
    614.75, Eocene/Paleocene,     29.16,   73.6731,       261,0.26,2.437,0.733414,          Sltst,3,11,7.7,11,11,2.3,11,8,6.4,11,2.0315351930911194,2.0315351930911194,1263.8709711013512,1263.8709711013512,0.8626885518294467,0.869043701069507
    615.00, Eocene/Paleocene,     29.17,   72.2085,       261,0.28600000000000003,2.494,0.715107,          Sltst,3,11,7.7,11,11,2.3,11,8,6.4,11,2.024950416051647,2.024950416051647,1317.2069912451734,1317.2069912451734,0.815735627758569,0.8288044347158473
    615.25, Eocene/Paleocene,     29.18,   74.9706,       261,0.309,2.451,0.715107,          Sltst,3,11,7.7,11,11,2.3,11,8,6.4,11,1.9439136673832902,1.9439136673832902,1396.2083961603607,1396.2083961603607,0.7667905993047059,0.7792979092703614
    615.50, Eocene/Paleocene,     29.19,   74.9706,       263,0.2325,2.517,0.749632,          Sltst,3,11,7.7,11,11,2.3,11,8,6.4,11,2.121226749904929,2.121226749904929,1152.2182858522692,1152.2182858522692,0.9137893501666823,0.9227044326422169
    615.75, Eocene/Paleocene,   29.2075,   75.2746,       261,0.287,2.557,0.753433,          Sltst,3,11,7.7,11,11,2.3,11,8,6.4,11,2.0029134770121346,2.0029134770121346,1281.0872603359874,1281.0872603359874,0.7960717924784882,0.8133945139037173
    616.00, Eocene/Paleocene,     29.22,      76.5,       260,0.152,2.48,0.76875,          Sltst,3,11,7.7,11,11,2.3,11,8,6.4,11,2.273005399258978,2.273005399258978,944.2895870727596,944.2895870727596,1.0763496439049751,1.0742470223550988
    616.25, Eocene/Paleocene,     29.23,    74.667,       260,0.15,2.457,0.745837,          Sltst,3,11,7.7,11,11,2.3,11,8,6.4,11,2.297836591353427,2.297836591353427,956.2303586064595,956.2303586064595,1.0910894146280505,1.0873058845625438
    616.50, Eocene/Paleocene,     29.24,   67.5972,       262,0.257,2.431,0.657465,          Sltst,3,11,7.7,11,11,2.3,11,8,6.4,11,2.1440104383379444,2.1440104383379444,1284.9804277330416,1284.9804277330416,0.903822614420994,0.9098134461561891
    616.75, Eocene/Paleocene,     29.25,   61.1324,       263,0.273,2.452,0.657465,          Sltst,3,11,7.7,11,11,2.3,11,8,6.4,11,2.116031195998295,2.116031195998295,1319.4885061093755,1319.4885061093755,0.8697738989748283,0.8788748135867711
    617.00, Eocene/Paleocene,     29.26,   61.1324,       267,0.253,2.566,0.576654,          Sltst,3,11,7.7,11,11,2.3,11,8,6.4,11,2.3445399948568473,2.3445399948568473,1248.4852928646565,1248.4852928646565,0.9493092954827026,0.9645496683386563
    617.25, Eocene/Paleocene,     29.27,   61.7511,       266,0.26,2.554,0.584388,            Sst,3,11,7.7,11,11,2.3,11,8,6.4,11,2.3094463958805838,2.3094463958805838,1269.3684925816017,1269.3684925816017,0.9308743454080699,0.9459818408678247
    617.50, Eocene/Paleocene,     29.29,      61.4,       265,0.257,2.497,0.58,            Sst,3,11,7.7,11,11,2.3,11,8,6.4,11,2.2913612919783493,2.2913612919783493,1285.7565594368243,1285.7565594368243,0.9392661779573437,0.9501628866398812
    617.75, Eocene/Paleocene,      29.3,   62.4133,       263,0.155,2.506,0.592667,           Clst,3,11,7.7,11,11,2.3,11,8,6.4,11,2.531334354309069,2.531334354309069,1003.919600770867,1003.919600770867,1.1505310425564832,1.1513646533532356
    618.00, Eocene/Paleocene,     29.31,   62.9603,       266,0.215,2.426,0.599504,           Clst,3,11,7.7,11,11,2.3,11,8,6.4,11,2.3281210819633746,2.3281210819633746,1194.6792677985359,1194.6792677985359,1.0197201385800085,1.021268730259171
    618.25, Eocene/Paleocene,     29.32,   57.9314,       275,0.27899999999999997,2.58,0.599504,           Clst,3,11,7.7,11,11,2.3,11,8,6.4,11,2.2552430351852424,2.2552430351852424,1304.5958107495478,1304.5958107495478,0.883525276795346,0.9023272743300741
    618.50, Eocene/Paleocene,     29.33,   57.9314,       267,0.27149999999999996,2.678,0.536643,           Clst,3,11,7.7,11,11,2.3,11,8,6.4,11,2.4182054314109753,2.4182054314109753,1267.2456494969365,1267.2456494969365,0.9282472186599098,0.9533049971840158
    618.75, Eocene/Paleocene,     29.35,   57.3063,       265,0.247,2.695,0.528829,           Clst,3,11,7.7,11,11,2.3,11,8,6.4,11,2.49961362781523,2.49961362781523,1197.4136607004007,1197.4136607004007,0.9839595546886649,1.0076720183806844
    619.00, Eocene/Paleocene,     29.36,   56.9635,       263,0.4065,2.598,0.524544,           Clst,3,11,7.7,11,11,2.3,11,8,6.4,11,2.055962689675101,2.055962689675101,1665.9695121648626,1665.9695121648626,0.6464969940654117,0.6801697970061673
    619.25, Eocene/Paleocene,     29.37,   58.5531,       261,0.23,2.547,0.544414,           Clst,3,11,7.7,11,11,2.3,11,8,6.4,11,2.437005963529615,2.437005963529615,1205.742235320508,1205.742235320508,1.013005508192835,1.0246974580026662
    619.50, Eocene/Paleocene,     29.38,   61.3306,       261,0.32899999999999996,2.621,0.579132,           Clst,3,11,7.7,11,11,2.3,11,8,6.4,11,2.183145456746315,2.183145456746315,1429.4998563962367,1429.4998563962367,0.7864441057180362,0.8133686760109031
    619.75, Eocene/Paleocene,     29.39,   59.5205,       263,0.19,2.668,0.579132,           Clst,3,11,7.7,11,11,2.3,11,8,6.4,11,2.5541721645656663,2.5541721645656663,1037.5564668367292,1037.5564668367292,1.0822423211566004,1.0979237571127392
    620.00, Eocene/Paleocene,   29.4033,   59.5205,       268,0.304,2.63,0.556507,           Clst,3,11,7.7,11,11,2.3,11,8,6.4,11,2.2824677330369374,2.2824677330369374,1366.755974071734,1366.755974071734,0.84999713252941,0.8750445835020155
    620.25, Eocene/Paleocene,     29.41,   57.8878,       264,0.18600000000000003,2.586,0.536097,           Clst,3,11,7.7,11,11,2.3,11,8,6.4,11,2.5797746253864218,2.5797746253864218,1074.9144826879606,1074.9144826879606,1.110444860268407,1.1202759310075436
    620.50, Eocene/Paleocene,     29.42,   61.9382,       269,0.267,2.491,0.586728,           Clst,3,11,7.7,11,11,2.3,11,8,6.4,11,2.2536074032612428,2.2536074032612428,1312.6359534034996,1312.6359534034996,0.9149073819301594,0.9264009444520156
    620.75, Eocene/Paleocene,   29.4333,   68.6777,       269,0.133,2.485,0.670971,           Clst,3,11,7.7,11,11,2.3,11,8,6.4,11,2.4624577098214844,2.4624577098214844,925.7271633242818,925.7271633242818,1.161520584235317,1.1582474826078344
    621.00, Eocene/Paleocene,   29.4433,   68.3398,       269,0.26649999999999996,2.45,0.666748,           Clst,3,11,7.7,11,11,2.3,11,8,6.4,11,2.1177933725323026,2.1177933725323026,1299.576571556337,1299.576571556337,0.8793588185500518,0.8876012595489682
    621.25, Eocene/Paleocene,     29.46,   68.8039,       264,0.242,2.458,0.666748,           Clst,3,11,7.7,11,11,2.3,11,8,6.4,11,2.1830316835773447,2.1830316835773447,1230.60716352369,1230.60716352369,0.931495914076993,0.9377371123396032
    621.50, Eocene/Paleocene,     29.47,   68.8039,       274,0.2725,2.57,0.672548,           Clst,3,11,7.7,11,11,2.3,11,8,6.4,11,2.16155653229461,2.16155653229461,1265.4387430620336,1265.4387430620336,0.8639368012290062,0.8810274962741722
    621.75, Eocene/Paleocene,     29.48,   66.4082,       265,0.252,2.579,0.642603,           Clst,3,11,7.7,11,11,2.3,11,8,6.4,11,2.2601613938030987,2.2601613938030987,1217.3508296632187,1217.3508296632187,0.9212628411125818,0.9369797828443063
    622.00, Eocene/Paleocene,     29.49,   65.5592,       265,0.46799999999999997,2.701,0.63199,           Clst,3,11,7.7,11,11,2.3,11,8,6.4,11,1.807518025350542,1.807518025350542,1751.8151751495557,1751.8151751495557,0.4664610857689915,0.5131100910857369
    622.25, Eocene/Paleocene,      29.5,   67.1741,       263,0.418,2.668,0.652176,           Clst,3,11,7.7,11,11,2.3,11,8,6.4,11,1.8843426173536353,1.8843426173536353,1623.7634128577797,1623.7634128577797,0.5636273598323951,0.60270474123471
    622.50, Eocene/Paleocene,     29.51,   63.7341,       266,0.27699999999999997,2.677,0.609177,           Clst,3,11,7.7,11,11,2.3,11,8,6.4,11,2.3004978003610477,2.3004978003610477,1256.860440097278,1256.860440097278,0.8833555534062999,0.908572895402826
    622.75, Eocene/Paleocene,     29.52,    63.843,       265,0.33299999999999996,2.694,0.609177,           Clst,3,11,7.7,11,11,2.3,11,8,6.4,11,2.1710604646608997,2.1710604646608997,1400.3321577904358,1400.3321577904358,0.7641850493447201,0.796402842828513
    623.00, Eocene/Paleocene,     29.53,    63.843,       265,0.37200000000000005,2.698,0.610538,           Clst,3,11,7.7,11,11,2.3,11,8,6.4,11,2.074602494881555,2.074602494881555,1502.9192592525617,1502.9192592525617,0.6805685895088107,0.7171162196240346
    623.25, Eocene/Paleocene,     29.54,   66.6627,       264,0.214,2.694,0.645784,           Clst,3,11,7.7,11,11,2.3,11,8,6.4,11,2.4140234054611014,2.4140234054611014,1068.051027516994,1068.051027516994,1.0006730962178458,1.0203249954777542
    623.50, Eocene/Paleocene,     29.55,   61.5705,       263,0.2975,2.69,0.582131,           Clst,3,11,7.7,11,11,2.3,11,8,6.4,11,2.2954885977932853,2.2954885977932853,1316.1857537858052,1316.1857537858052,0.8521053429876453,0.8804797353223182
    623.75, Eocene/Paleocene,     29.56,   53.9278,       264,0.349,2.654,0.486597,           Clst,3,11,7.7,11,11,2.3,11,8,6.4,11,2.2839835213822353,2.2839835213822353,1502.51714279246,1502.51714279246,0.7862219469920255,0.817937632690317
    624.00, Eocene/Paleocene,    29.575,   45.9777,       262,0.3145,2.613,0.387222,           Clst,3,11,7.7,11,11,2.3,11,8,6.4,11,2.4885097562481096,2.4885097562481096,1461.3921048426662,1461.3921048426662,0.9051078189366781,0.9308836325330281
    624.25, Eocene/Paleocene,   29.5833,   38.2952,       261,0.248,2.583,0.387222,           Clst,3,11,7.7,11,11,2.3,11,8,6.4,11,2.6367441719945948,2.6367441719945948,1294.9606686329598,1294.9606686329598,1.0466227925098042,1.0634108800786621
    624.50, Eocene/Paleocene,      29.6,   38.2952,       261,0.35100000000000003,2.565,0.29119,           Clst,3,11,7.7,11,11,2.3,11,8,6.4,11,2.5082331768815544,2.5082331768815544,1612.459865472839,1612.459865472839,0.8713729500539609,0.8981052977248984
    624.75, Eocene/Paleocene,     29.61,    46.807,       261,0.418,2.605,0.397587,           Clst,3,11,7.7,11,11,2.3,11,8,6.4,11,2.212506654113438,2.212506654113438,1738.7407991609061,1738.7407991609061,0.6801127583627731,0.7160672652725649
    625.00, Eocene/Paleocene,     29.62,   63.5584,       262,0.305,2.633,0.606979,           Clst,3,11,7.7,11,11,2.3,11,8,6.4,11,2.209636491445642,2.209636491445642,1350.4573224367205,1350.4573224367205,0.8247759807488126,0.8498941797281252
    625.25, Eocene/Paleocene,   29.6375,   71.0333,       262,0.299,2.615,0.700416,           Clst,3,11,7.7,11,11,2.3,11,8,6.4,11,2.081147199996732,2.081147199996732,1308.6724774013776,1308.6724774013776,0.7947928097311666,0.8176048738164683
    625.50, Eocene/Paleocene,   29.6467,   73.0646,       261,0.168,2.532,0.725807,           Clst,3,11,7.7,11,11,2.3,11,8,6.4,11,2.323594578780547,2.323594578780547,981.4720920235873,981.4720920235873,1.0619491947589639,1.0652920713210488
    625.75, Eocene/Paleocene,     29.66,    67.033,       264,0.2,2.425,0.725807,           Clst,3,11,7.7,11,11,2.3,11,8,6.4,11,2.1845389588942594,2.1845389588942594,1110.3346746704574,1110.3346746704574,0.9938517638666324,0.9931698336402458
    626.00, Eocene/Paleocene,     29.67,    67.033,       261,0.326,2.334,0.650412,           Clst,3,11,7.7,11,11,2.3,11,8,6.4,11,1.9288112035681244,1.9288112035681244,1511.6159778527858,1511.6159778527858,0.7602145793869314,0.7667546732275898
    626.25, Eocene/Paleocene,     29.68,   66.6299,       263,0.304,2.393,0.645374,           Clst,3,11,7.7,11,11,2.3,11,8,6.4,11,2.0234796892584614,2.0234796892584614,1430.6465577656072,1430.6465577656072,0.8093366644369193,0.8176664440636826
    626.50, Eocene/Paleocene,      29.7,   73.8654,       264,0.21850000000000003,2.388,0.735818,           Clst,3,11,7.7,11,11,2.3,11,8,6.4,11,2.103725755409741,2.103725755409741,1171.322343839908,1171.322343839908,0.9499024742998226,0.9485554523391874
    626.75, Eocene/Paleocene,     29.71,   77.9429,       266,0.16899999999999998,2.402,0.786787,           Clst,3,11,7.7,11,11,2.3,11,8,6.4,11,2.1615944450042317,2.1615944450042317,1014.8922001085807,1014.8922001085807,1.0319201818069994,1.0261390688431886
    627.00, Eocene/Paleocene,     29.73,   79.0105,       266,0.18600000000000003,2.383,0.800132,           Clst,3,11,7.7,11,11,2.3,11,8,6.4,11,2.0897832198917454,2.0897832198917454,1063.4498855369923,1063.4498855369923,0.9896375111646817,0.9842569204106455
    627.25, Eocene/Paleocene,     29.74,   79.0906,       263,0.087,2.345,0.800132,           Clst,3,11,7.7,11,11,2.3,11,8,6.4,11,2.314178223936061,2.314178223936061,813.0040983643111,813.0040983643111,1.2003139379878318,1.1820111669042357
    627.50, Eocene/Paleocene,   29.7575,   79.0906,       263,0.2945,2.44,0.801133,           Clst,3,11,7.7,11,11,2.3,11,8,6.4,11,1.8509895823918705,1.8509895823918705,1331.4089629250152,1331.4089629250152,0.7582866590664463,0.7681191842199954
    627.75, Eocene/Paleocene,   29.7667,   85.8616,       264,0.359,2.406,0.88577,           Clst,3,11,7.7,11,11,2.3,11,8,6.4,11,1.551246615791516,1.551246615791516,1488.3669344046593,1488.3669344046593,0.5823027134508316,0.5961122784414431
    628.00, Eocene/Paleocene,     29.78,   90.3307,       264,0.1705,2.608,0.941634,           Clst,3,11,7.7,11,11,2.3,11,8,6.4,11,2.0517923814146464,2.0517923814146464,881.636053569594,881.636053569594,0.957878963724909,0.9656829668210309
    628.25, Eocene/Paleocene,     29.79,   90.8466,       265,0.239,2.626,0.948082,           Clst,3,11,7.7,11,11,2.3,11,8,6.4,11,1.882702903764294,1.882702903764294,1055.9840258054282,1055.9840258054282,0.8091576638697584,0.8253019468709402
    628.50, Eocene/Paleocene,      29.8,    90.283,       263,0.282,2.626,0.941037,           Clst,3,11,7.7,11,11,2.3,11,8,6.4,11,1.7860867892552994,1.7860867892552994,1173.8742676891095,1173.8742676891095,0.7208751310922272,0.74153067316485
    628.75, Eocene/Paleocene,   29.8167,   94.2782,       265,0.243,2.584,0.941037,           Clst,3,11,7.7,11,11,2.3,11,8,6.4,11,1.8594100510468803,1.8594100510468803,1086.0706317615409,1086.0706317615409,0.803868874992256,0.8175753060610568
    629.00, Eocene/Paleocene,     29.83,   94.2782,       264,0.213,2.506,0.990978,           Clst,3,11,7.7,11,11,2.3,11,8,6.4,11,1.819064093000527,1.819064093000527,1019.2912823971515,1019.2912823971515,0.8448600646876145,0.8498421644557815
    629.25, Eocene/Paleocene,     29.84,   79.8408,       264,0.33299999999999996,2.548,0.81051,           Clst,3,11,7.7,11,11,2.3,11,8,6.4,11,1.802333789050806,1.802333789050806,1388.058645688842,1388.058645688842,0.6720665574133462,0.6932896417605285
    629.50, Eocene/Paleocene,     29.85,   81.9416,       263,0.3345,2.671,0.83677,           Clst,3,11,7.7,11,11,2.3,11,8,6.4,11,1.8297366511635185,1.8297366511635185,1333.4316201207203,1333.4316201207203,0.6568594128412097,0.6865712657628342
    629.75, Eocene/Paleocene,     29.86,    88.038,       264,0.209,2.693,0.912975,           Clst,3,11,7.7,11,11,2.3,11,8,6.4,11,2.044586969786207,2.044586969786207,960.9210923232815,960.9210923232815,0.8890619651850675,0.9068556992035253
    630.00, Eocene/Paleocene,     29.87,   72.8617,       262,0.21050000000000002,2.675,0.723271,           Clst,3,11,7.7,11,11,2.3,11,8,6.4,11,2.3015353943464043,2.3015353943464043,1038.9956755675412,1038.9956755675412,0.9726676232407532,0.9902807040972251
    630.25, Eocene/Paleocene,     29.88,   66.7668,       265,0.22399999999999998,2.654,0.723271,           Clst,3,11,7.7,11,11,2.3,11,8,6.4,11,2.256334504570006,2.256334504570006,1083.6634022854325,1083.6634022854325,0.9439390195830509,0.9615140011177231
    630.50, Eocene/Paleocene,     29.89,   66.7668,       265,0.341,2.665,0.647084,           Clst,3,11,7.7,11,11,2.3,11,8,6.4,11,2.0809483641888553,2.0809483641888553,1420.0996448751423,1420.0996448751423,0.7298166115471207,0.7606934994739776
    630.75, Eocene/Paleocene,     29.91,    61.623,       266,0.326,2.637,0.582787,           Clst,3,11,7.7,11,11,2.3,11,8,6.4,11,2.194294993286025,2.194294993286025,1413.7342270315296,1413.7342270315296,0.7911559204331541,0.8188508614675043
    631.00, Eocene/Paleocene,     29.91,   46.9939,       264,0.326,2.555,0.399924,           Clst,3,11,7.7,11,11,2.3,11,8,6.4,11,2.4095095901393977,2.4095095901393977,1511.079182373834,1511.079182373834,0.8748235943368204,0.8977486706783394
    631.25, Eocene/Paleocene,     29.93,   42.7613,       266,0.396,2.537,0.347017,           Clst,3,11,7.7,11,11,2.3,11,8,6.4,11,2.3013216451482843,2.3013216451482843,1724.8190327743703,1724.8190327743703,0.7500676883741895,0.779295793546593
    631.50, Eocene/Paleocene,     29.94,   54.9869,       267,0.22149999999999997,2.584,0.499837,           Clst,3,11,7.7,11,11,2.3,11,8,6.4,11,2.542338101154459,2.542338101154459,1183.768910522286,1183.768910522286,1.0514897797311704,1.0650523051006486
    631.75, Eocene/Paleocene,   29.9575,   78.5853,       267,0.27399999999999997,2.648,0.794816,           Clst,3,11,7.7,11,11,2.3,11,8,6.4,11,2.0268593154561065,2.0268593154561065,1195.0695040385006,1195.0695040385006,0.8048018744584855,0.8268313337074635
    632.00, Eocene/Paleocene,     29.97,   78.5853,       267,0.311,2.67,0.794816,           Clst,3,11,7.7,11,11,2.3,11,8,6.4,11,1.9473434406736159,1.9473434406736159,1285.5383660744756,1285.5383660744756,0.7260642199892273,0.7534593560709125
    632.25, Eocene/Paleocene,     29.98,   74.1751,       265,0.32899999999999996,2.63,0.739689,           Clst,3,11,7.7,11,11,2.3,11,8,6.4,11,1.9590495520529312,1.9590495520529312,1369.3324150702583,1369.3324150702583,0.7129823845445296,0.7397633885535362
    632.50, Eocene/Paleocene,     29.99,   60.6187,       266,0.5275,2.559,0.570234,           Clst,3,11,7.7,11,11,2.3,11,8,6.4,11,1.6688501257773898,1.6688501257773898,1990.2957453192503,1990.2957453192503,0.36809844675846914,0.4114730642747215
    632.75, Eocene/Paleocene,        30,    55.439,       261,0.331,2.448,0.505488,           Clst,3,11,7.7,11,11,2.3,11,8,6.4,11,2.1867923343638798,2.1867923343638798,1530.2932525784693,1530.2932525784693,0.8158833082652029,0.8314706709201782
    633.00, Eocene/Paleocene,     30.01,   59.1886,       263,0.2825,2.562,0.552358,           Clst,3,11,7.7,11,11,2.3,11,8,6.4,11,2.303799512996406,2.303799512996406,1337.825427587344,1337.825427587344,0.8976484395516113,0.9158011304611562
    633.25, Eocene/Paleocene,     30.02,   70.5686,       274,0.21899999999999997,2.576,0.694607,           Clst,3,11,7.7,11,11,2.3,11,8,6.4,11,2.2661409945701756,2.2661409945701756,1111.6690187365957,1111.6690187365957,0.9676942538771522,0.9795215286089167
    633.50, Eocene/Paleocene,   30.0367,   70.5686,       263,0.233,2.578,0.694607,           Clst,3,11,7.7,11,11,2.3,11,8,6.4,11,2.232526838133624,2.232526838133624,1148.4406693562742,1148.4406693562742,0.9379016278617572,0.9513243095041342
    633.75, Eocene/Paleocene,     30.05,     71.23,       260,0.237,2.51,0.702875,           Clst,3,11,7.7,11,11,2.3,11,8,6.4,11,2.172882129243663,2.172882129243663,1183.5766193561053,1183.5766193561053,0.9256064840054629,0.9347308880156746
    634.00, Eocene/Paleocene,   30.0667,   67.1429,       266,0.158,2.31,0.651787,           Clst,3,11,7.7,11,11,2.3,11,8,6.4,11,2.330218952760216,2.330218952760216,1069.871857896835,1069.871857896835,1.1170969700346867,1.1044856518871198
    634.25, Eocene/Paleocene,     30.08,   64.5601,       262,0.295,2.28,0.619501,           Clst,3,11,7.7,11,11,2.3,11,8,6.4,11,2.019706684562944,2.019706684562944,1460.9912907498824,1460.9912907498824,0.8403270752582181,0.8400728179582678
    634.50, Eocene/Paleocene,    30.095,   61.8848,       261,0.084,2.198,0.58606,           Clst,3,11,7.7,11,11,2.3,11,8,6.4,11,2.545119752161316,2.545119752161316,939.3974395505616,939.3974395505616,1.3046452035269194,1.2769390723819702
    634.75, Eocene/Paleocene,    30.105,   56.3038,       264,0.23600000000000002,2.166,0.516298,           Clst,3,11,7.7,11,11,2.3,11,8,6.4,11,2.2497601845408624,2.2497601845408624,1384.7791338925938,1384.7791338925938,1.0131015170887758,0.9993549072527032
    635.00, Eocene/Paleocene,     30.12,   56.3038,       263,0.218,2.305,0.516298,           Clst,3,11,7.7,11,11,2.3,11,8,6.4,11,2.3719326148107975,2.3719326148107975,1280.6385859135492,1280.6385859135492,1.0514063219657124,1.0453426719781131
    635.25, Eocene/Paleocene,    30.135,    60.827,       263,0.171,2.372,0.572838,           Clst,3,11,7.7,11,11,2.3,11,8,6.4,11,2.445207810332678,2.445207810332678,1107.6683431083597,1107.6683431083597,1.1255549459880336,1.1189352740701204
    635.50, Eocene/Paleocene,     30.15,   70.6007,       263,0.2525,2.343,0.695009,           Clst,3,11,7.7,11,11,2.3,11,8,6.4,11,2.0525206354814394,2.0525206354814394,1295.0242814064413,1295.0242814064413,0.8962208236514755,0.8955140514609949
    635.75, Eocene/Paleocene,     30.16,   78.1729,       262,0.284,2.435,0.789662,           Clst,3,11,7.7,11,11,2.3,11,8,6.4,11,1.8906173960060773,1.8906173960060773,1309.2764126986904,1309.2764126986904,0.7858796035967168,0.794329388837004
    636.00, Eocene/Paleocene,     30.17,   83.2122,       263,0.098,2.501,0.852653,           Clst,3,11,7.7,11,11,2.3,11,8,6.4,11,2.298944161141779,2.298944161141779,761.3699476276543,761.3699476276543,1.1528748335775405,1.1461944367323402
    636.25, Eocene/Paleocene,     30.19,    89.874,       262,0.174,2.524,0.935925,           Clst,3,11,7.7,11,11,2.3,11,8,6.4,11,2.0044100414111408,2.0044100414111408,926.7795834044821,926.7795834044821,0.9530429198426187,0.9554628150063675
    636.50, Eocene/Paleocene,      30.2,    89.874,       263,0.2465,2.518,0.935925,           Clst,3,11,7.7,11,11,2.3,11,8,6.4,11,1.8212143708127457,1.8212143708127457,1123.7741123348985,1123.7741123348985,0.7987596779771806,0.8083168140037199
    636.75, Eocene/Paleocene,   30.2133,   85.0418,       262,0.22899999999999998,2.508,0.875522,           Clst,3,11,7.7,11,11,2.3,11,8,6.4,11,1.945244539485792,1.945244539485792,1102.097537873037,1102.097537873037,0.8636374264589379,0.8709714353928035
    637.00, Eocene/Paleocene,     30.23,   78.0823,       262,0.22649999999999998,2.558,0.788529,           Clst,3,11,7.7,11,11,2.3,11,8,6.4,11,2.1034703940444124,2.1034703940444124,1105.9463390185874,1105.9463390185874,0.9087605708778496,0.9196852307205399
    637.25, Eocene/Paleocene,     30.24,   82.6228,       266,0.247,2.551,0.845285,           Clst,3,11,7.7,11,11,2.3,11,8,6.4,11,1.967721573919924,1.967721573919924,1143.787378891921,1143.787378891921,0.8391673473374861,0.8514759673391239
    637.50, Eocene/Paleocene,     30.25,   84.2854,       262,0.20550000000000002,2.591,0.866067,           Clst,3,11,7.7,11,11,2.3,11,8,6.4,11,2.063321891085769,2.063321891085769,1009.0183245570266,1009.0183245570266,0.9179725457302651,0.9286112085338405
    637.75, Eocene/Paleocene,     30.27,   82.7103,       263,0.294,2.545,0.846378,           Clst,3,11,7.7,11,11,2.3,11,8,6.4,11,1.8462235922374155,1.8462235922374155,1271.9568206889317,1271.9568206889317,0.738649151285339,0.7554343787280187
    638.00, Eocene/Paleocene,     30.28,   82.7103,       263,0.184,2.484,0.846378,           Clst,3,11,7.7,11,11,2.3,11,8,6.4,11,2.085079028610308,2.085079028610308,1001.2258908521123,1001.2258908521123,0.972734069977728,0.9738701929829453
    638.25, Eocene/Paleocene,    30.295,      84.8,       265,0.146,2.396,0.8725,           Clst,3,11,7.7,11,11,2.3,11,8,6.4,11,2.0929913069555464,2.0929913069555464,925.3813771192769,925.3813771192769,1.0416478325884797,1.0326520642851682
    638.50, Eocene/Paleocene,     30.31,    75.929,       264,0.1445,2.332,0.761612,           Clst,3,11,7.7,11,11,2.3,11,8,6.4,11,2.2192570230959525,2.2192570230959525,986.1191155043568,986.1191155043568,1.0955759207474514,1.0825499662280362
    638.75, Eocene/Paleocene,     30.32,    64.092,       267,0.262,2.346,0.61365,           Clst,3,11,7.7,11,11,2.3,11,8,6.4,11,2.1467267222033874,2.1467267222033874,1347.973472831153,1347.973472831153,0.9132296345844035,0.9141047455676752
    639.00, Eocene/Paleocene,    30.335,   62.3204,       264,0.233,2.622,0.591505,           Clst,3,11,7.7,11,11,2.3,11,8,6.4,11,2.4041923719087137,2.4041923719087137,1167.0832370516778,1167.0832370516778,0.9850752196480443,1.0020128326617797
    639.25, Eocene/Paleocene,     30.35,   65.3495,       265,0.254,2.642,0.629369,           Clst,3,11,7.7,11,11,2.3,11,8,6.4,11,2.3092200065583146,2.3092200065583146,1202.0758632750922,1202.0758632750922,0.923061874896683,0.9433816940439173
    639.50, Eocene/Paleocene,     30.36,   65.3495,       261,0.3175,2.656,0.629369,           Clst,3,11,7.7,11,11,2.3,11,8,6.4,11,2.159504455841559,2.159504455841559,1366.8819845365433,1366.8819845365433,0.7879310354697131,0.8158260442574823
    639.75, Eocene/Paleocene,     30.37,   65.2041,       262,0.282,2.641,0.627551,           Clst,3,11,7.7,11,11,2.3,11,8,6.4,11,2.2417974892432446,2.2417974892432446,1278.2677830477678,1278.2677830477678,0.8643084359235204,0.8874839104726603
    640.00, Eocene/Paleocene,     30.38,   65.8828,       259,0.337,2.628,0.636035,           Clst,3,11,7.7,11,11,2.3,11,8,6.4,11,2.086003182369865,2.086003182369865,1428.1168947923165,1428.1168947923165,0.7433841823083993,0.7713529416669541
    640.25, Eocene/Paleocene,      30.4,   58.6182,       260,0.359,2.674,0.545227,           Clst,3,11,7.7,11,11,2.3,11,8,6.4,11,2.186665534912206,2.186665534912206,1500.6722356106848,1500.6722356106848,0.7381157575011659,0.7719695585009436
    640.50, Eocene/Paleocene,   30.4075,   57.4334,       258,0.34600000000000003,2.683,0.530417,           Clst,3,11,7.7,11,11,2.3,11,8,6.4,11,2.245067599552118,2.245067599552118,1467.3828041942006,1467.3828041942006,0.7725565496831652,0.8057457429840025
    640.75, Eocene/Paleocene,     30.41,   65.9668,       262,0.305,2.702,0.637085,           Clst,3,11,7.7,11,11,2.3,11,8,6.4,11,2.2051563864274923,2.2051563864274923,1312.1390510409938,1312.1390510409938,0.8110011931179426,0.8407207526723364
    641.00, Eocene/Paleocene,   30.4225,   65.9668,       260,0.311,2.698,0.637085,           Clst,3,11,7.7,11,11,2.3,11,8,6.4,11,2.1880414961837946,2.1880414961837946,1329.8492200797273,1329.8492200797273,0.7982329248256305,0.8283022617746714
    641.25, Eocene/Paleocene,   30.4325,   69.8457,       261,0.21,2.661,0.685571,           Clst,3,11,7.7,11,11,2.3,11,8,6.4,11,2.348765934582934,2.348765934582934,1056.5558356051615,1056.5558356051615,0.9909810142852126,1.0077584277322658
    641.50, Eocene/Paleocene,     30.45,   72.0039,       261,0.1945,2.555,0.712548,           Clst,3,11,7.7,11,11,2.3,11,8,6.4,11,2.289604190937901,2.289604190937901,1048.0282630322627,1048.0282630322627,1.0116225715895237,1.0193694244542735
    641.75, Eocene/Paleocene,     30.46,   69.7256,       262,0.2,2.592,0.68407,           Clst,3,11,7.7,11,11,2.3,11,8,6.4,11,2.337233465668297,2.337233465668297,1057.9593894882676,1057.9593894882676,1.012948233385985,1.023947107692105
    642.00, Eocene/Paleocene,     30.47,   71.2073,       262,0.1865,2.596,0.702591,           Clst,3,11,7.7,11,11,2.3,11,8,6.4,11,2.346523966210376,2.346523966210376,1013.5961768914115,1013.5961768914115,1.033202684326244,1.0429828232066236
    642.25, Eocene/Paleocene,     30.48,   76.6648,       261,0.159,2.613,0.77081,           Clst,3,11,7.7,11,11,2.3,11,8,6.4,11,2.3268749504853226,2.3268749504853226,908.9315139829496,908.9315139829496,1.0605107924491413,1.0682721756915914
    642.50, Eocene/Paleocene,     30.49,   76.6648,       263,0.4075,2.577,0.77081,           Clst,3,11,7.7,11,11,2.3,11,8,6.4,11,1.6903482028150527,1.6903482028150527,1590.3465638341575,1590.3465638341575,0.5316916806758809,0.5628553249256585
    642.75, Eocene/Paleocene,      30.5,   77.3748,       287,0.31,2.632,0.779685,           Clst,3,11,7.7,11,11,2.3,11,8,6.4,11,1.9502235356711006,1.9502235356711006,1303.4468384320373,1303.4468384320373,0.7351153468690548,0.7598653842858266
    643.00, Eocene/Paleocene,     30.51,   81.7844,       274,0.255,2.649,0.834805,           Clst,3,11,7.7,11,11,2.3,11,8,6.4,11,2.0174855891957786,2.0174855891957786,1129.5880468563512,1129.5880468563512,0.8269380395835628,0.8468678072741816
    643.25, Eocene/Paleocene,     30.52,   87.5775,       269,0.177,2.675,0.907219,           Clst,3,11,7.7,11,11,2.3,11,8,6.4,11,2.1221440526749937,2.1221440526749937,884.2926630738768,884.2926630738768,0.9597930132169488,0.973044110237348
    643.50, Eocene/Paleocene,     30.53,   87.4454,       274,0.24850000000000003,2.683,0.905568,           Clst,3,11,7.7,11,11,2.3,11,8,6.4,11,1.9515928296953553,1.9515928296953553,1073.5616395480727,1073.5616395480727,0.8083932194542127,0.8296478767928149
    643.75, Eocene/Paleocene,     30.54,   83.6278,       272,0.28,2.636,0.857848,           Clst,3,11,7.7,11,11,2.3,11,8,6.4,11,1.9153360304029843,1.9153360304029843,1193.791313635079,1193.791313635079,0.7631937598249456,0.7847236291814013
    644.00, Eocene/Paleocene,     30.55,   83.6278,       262,0.365,2.668,0.857848,           Clst,3,11,7.7,11,11,2.3,11,8,6.4,11,1.7223243872191945,1.7223243872191945,1409.0720656483286,1409.0720656483286,0.5823099590171905,0.614891568972675
    644.25, Eocene/Paleocene,     30.56,   79.7285,       261,0.368,2.688,0.809106,           Clst,3,11,7.7,11,11,2.3,11,8,6.4,11,1.7955912597611068,1.7955912597611068,1426.2590275658367,1426.2590275658367,0.5982273826569864,0.6327280087176567
    644.50, Eocene/Paleocene,     30.57,   73.7475,       256,0.225,2.64,0.734343,           Clst,3,11,7.7,11,11,2.3,11,8,6.4,11,2.230246269077533,2.230246269077533,1088.0706214695608,1088.0706214695608,0.9367450594804008,0.9534089868087483
    644.75, Eocene/Paleocene,     30.58,   76.2122,       262,0.253,2.708,0.765152,           Clst,3,11,7.7,11,11,2.3,11,8,6.4,11,2.154746174158639,2.154746174158639,1125.056304855644,1125.056304855644,0.863063367134741,0.8871723397037362
    645.00, Eocene/Paleocene,     30.59,   63.4995,       262,0.2395,2.804,0.606243,           Clst,3,11,7.7,11,11,2.3,11,8,6.4,11,2.468537976073574,2.468537976073574,1106.2366242293456,1106.2366242293456,0.9644996612074409,0.994558163224152
    645.25, Eocene/Paleocene,      30.6,   51.3159,       264,0.163,2.891,0.453948,           Clst,3,11,7.7,11,11,2.3,11,8,6.4,11,2.9241552892986284,2.9241552892986284,919.6148845373876,919.6148845373876,1.1969765833707902,1.225773877767549
    645.50, Eocene/Paleocene,     30.61,   51.3159,       264,0.248,2.588,0.453948,           Clst,3,11,7.7,11,11,2.3,11,8,6.4,11,2.544314516622615,2.544314516622615,1269.4496813463275,1269.4496813463275,1.016092782563035,1.0329078188906422
    645.75, Eocene/Paleocene,     30.61,   65.5767,       266,0.198,2.529,0.632209,           Clst,3,11,7.7,11,11,2.3,11,8,6.4,11,2.3810655621413552,2.3810655621413552,1096.1625911324018,1096.1625911324018,1.0409329570200554,1.0476380515235149
    646.00, Eocene/Paleocene,     30.63,   73.4557,       266,0.264,2.714,0.730696,           Clst,3,11,7.7,11,11,2.3,11,8,6.4,11,2.17997364897467,2.17997364897467,1164.3059066313317,1164.3059066313317,0.8554199746679221,0.881250593003085
    646.25, Eocene/Paleocene,     30.63,   67.5544,       259,0.263,2.736,0.656929,           Clst,3,11,7.7,11,11,2.3,11,8,6.4,11,2.2999893795298907,2.2999893795298907,1178.7683462935947,1178.7683462935947,0.8912995891423716,0.9188890287575635
    646.50, Eocene/Paleocene,     30.64,   65.2891,       263,0.2515,2.679,0.628614,           Clst,3,11,7.7,11,11,2.3,11,8,6.4,11,2.3371339584209117,2.3371339584209117,1180.7707878785573,1180.7707878785573,0.9287274316018177,0.9513345517918679
    646.75, Eocene/Paleocene,     30.65,    64.047,       268,0.21100000000000002,2.729,0.613087,           Clst,3,11,7.7,11,11,2.3,11,8,6.4,11,2.487643605530547,2.487643605530547,1057.458141058019,1057.458141058019,1.022017511742018,1.0439188017623384
    647.00, Eocene/Paleocene,     30.66,    64.047,       266,0.3115,2.73,0.613087,           Clst,3,11,7.7,11,11,2.3,11,8,6.4,11,2.2388927187410683,2.2388927187410683,1326.791009632607,1326.791009632607,0.80814901784579,0.8405846371650648
    647.25, Eocene/Paleocene,     30.67,   62.7648,       265,0.256,2.678,0.59706,           Clst,3,11,7.7,11,11,2.3,11,8,6.4,11,2.3704408164390327,2.3704408164390327,1204.3642867457197,1204.3642867457197,0.933588540184765,0.9567453410939266
    647.50, Eocene/Paleocene,    30.675,   64.4253,       263,0.508,2.571,0.617816,           Clst,3,11,7.7,11,11,2.3,11,8,6.4,11,1.656016200749948,1.656016200749948,1916.3796710320034,1916.3796710320034,0.3878245107282783,0.4297676547618128
    647.75, Eocene/Paleocene,     30.68,   73.9526,       261,0.366,2.508,0.736907,           Clst,3,11,7.7,11,11,2.3,11,8,6.4,11,1.8031949566974463,1.8031949566974463,1518.6193299879346,1518.6193299879346,0.6355176145231913,0.6577763239186398
    648.00, Eocene/Paleocene,     30.69,   70.1502,       268,0.23800000000000002,2.709,0.689377,           Clst,3,11,7.7,11,11,2.3,11,8,6.4,11,2.300645202613327,2.300645202613327,1111.085789726968,1111.085789726968,0.9296543538400504,0.9526298696869306
    648.25, Eocene/Paleocene,      30.7,    65.532,       267,0.172,2.718,0.63165,           Clst,3,11,7.7,11,11,2.3,11,8,6.4,11,2.551766090907069,2.551766090907069,950.6648401824618,950.6648401824618,1.0965178861212923,1.1135134247961411
    648.50, Eocene/Paleocene,     30.71,    65.532,       266,0.193,2.685,0.63165,           Clst,3,11,7.7,11,11,2.3,11,8,6.4,11,2.481267696068003,2.481267696068003,1020.2818552542028,1020.2818552542028,1.0518289470981999,1.0687423007597003
    648.75, Eocene/Paleocene,   30.7125,   70.0977,       265,0.311,2.704,0.688722,           Clst,3,11,7.7,11,11,2.3,11,8,6.4,11,2.1177015761378892,2.1177015761378892,1309.2513364636025,1309.2513364636025,0.774606780239992,0.8048434728797035
    649.00, Eocene/Paleocene,     30.72,   67.9471,       265,0.3215,2.696,0.661839,           Clst,3,11,7.7,11,11,2.3,11,8,6.4,11,2.1255549198809534,2.1255549198809534,1350.1147123064798,1350.1147123064798,0.7645624374766248,0.795470133801812
    649.25, Eocene/Paleocene,     30.73,   63.1821,       266,0.306,2.714,0.602277,           Clst,3,11,7.7,11,11,2.3,11,8,6.4,11,2.259039183833593,2.259039183833593,1322.2634576672376,1322.2634576672376,0.8247993029184453,0.8556133785508591
    649.50, Eocene/Paleocene,     30.74,   60.4697,       266,0.364,2.682,0.568371,           Clst,3,11,7.7,11,11,2.3,11,8,6.4,11,2.1456971745620055,2.1456971745620055,1502.7266843388265,1502.7266843388265,0.7168861602137211,0.7517008048794902
    649.75, Eocene/Paleocene,     30.74,   50.8316,       264,0.42700000000000005,2.636,0.447894,           Clst,3,11,7.7,11,11,2.3,11,8,6.4,11,2.1356809773630174,2.1356809773630174,1732.725361577856,1732.725361577856,0.637942743443531,0.6767270918728524
    650.00, Eocene/Paleocene,     30.75,   50.8316,       262,0.33299999999999996,2.712,0.447894,           Clst,3,11,7.7,11,11,2.3,11,8,6.4,11,2.4112502431010308,2.4112502431010308,1449.910661770206,1449.910661770206,0.8379789466897545,0.872200225336
    650.25, Eocene/Paleocene,     30.76,   38.2006,       261,0.43700000000000006,2.659,0.290008,           Clst,3,11,7.7,11,11,2.3,11,8,6.4,11,2.349004899300472,2.349004899300472,1805.9383361020666,1805.9383361020666,0.6889019202811588,0.731058764913773
    650.50, Eocene/Paleocene,     30.76,   34.3463,       264,0.344,2.644,0.241829,           Clst,3,11,7.7,11,11,2.3,11,8,6.4,11,2.640094422987469,2.640094422987469,1579.328022078295,1579.328022078295,0.9088540399249873,0.940523726701796
    650.75, Eocene/Paleocene,     30.77,   40.4971,       261,0.301,2.632,0.318714,           Clst,3,11,7.7,11,11,2.3,11,8,6.4,11,2.6303563160268113,2.6303563160268113,1441.6580728418949,1441.6580728418949,0.965181774053081,0.9911834744903149
    651.00, Eocene/Paleocene,     30.78,   57.1986,       263,0.21350000000000002,2.631,0.527483,           Clst,3,11,7.7,11,11,2.3,11,8,6.4,11,2.5489445054755766,2.5489445054755766,1133.682098512953,1133.682098512953,1.0558649054459148,1.0716947116782913
    651.25, Eocene/Paleocene,     30.79,   78.0975,       274,0.413,2.684,0.788718,           Clst,3,11,7.7,11,11,2.3,11,8,6.4,11,1.7108234753503901,1.7108234753503901,1555.8235047948274,1555.8235047948274,0.5117937558435792,0.5508022362340261
    651.50, Eocene/Paleocene,      30.8,   78.0975,       266,0.26899999999999996,2.664,0.788718,           Clst,3,11,7.7,11,11,2.3,11,8,6.4,11,2.0568877694943555,2.0568877694943555,1177.3712962123852,1177.3712962123852,0.8182321948590703,0.8408700660003482
    651.75, Eocene/Paleocene,      30.8,   76.8378,       265,0.256,2.668,0.772973,           Clst,3,11,7.7,11,11,2.3,11,8,6.4,11,2.113835586735875,2.113835586735875,1146.4194666346805,1146.4194666346805,0.8531007896862188,0.8747347018650533
    652.00, Eocene/Paleocene,     30.81,   70.5254,       265,0.2275,2.646,0.694067,           Clst,3,11,7.7,11,11,2.3,11,8,6.4,11,2.2848646975678952,2.2848646975678952,1106.5568184868475,1106.5568184868475,0.9498529469818104,0.9673810080063889
    652.25, Eocene/Paleocene,     30.82,   72.5843,       270,0.17800000000000002,2.651,0.719804,           Clst,3,11,7.7,11,11,2.3,11,8,6.4,11,2.3737202170218152,2.3737202170218152,962.6289584500493,962.6289584500493,1.0434153778498494,1.0560103358548003
    652.50, Eocene/Paleocene,     30.82,   66.9464,       267,0.248,2.697,0.64933,           Clst,3,11,7.7,11,11,2.3,11,8,6.4,11,2.326293149169596,2.326293149169596,1156.8505382397207,1156.8505382397207,0.9266971286437287,0.9500790558800021
    652.75, Eocene/Paleocene,     30.83,   61.9708,       263,0.18600000000000003,2.747,0.587135,           Clst,3,11,7.7,11,11,2.3,11,8,6.4,11,2.596732808238724,2.596732808238724,992.2712341322565,992.2712341322565,1.0870927839014257,1.1077515763994155
    653.00, Eocene/Paleocene,     30.84,   61.9708,       265,0.2915,2.741,0.587135,           Clst,3,11,7.7,11,11,2.3,11,8,6.4,11,2.3316746169681406,2.3316746169681406,1277.835307744349,1277.835307744349,0.8625840664282709,0.8938165559691624
    653.25, Eocene/Paleocene,    30.845,   56.9215,       268,0.42700000000000005,2.749,0.524018,           Clst,3,11,7.7,11,11,2.3,11,8,6.4,11,2.090071835720998,2.090071835720998,1660.5255248200651,1660.5255248200651,0.6031127449843419,0.6493053027726834
    653.50, Eocene/Paleocene,     30.86,   52.5842,       267,0.28300000000000003,2.748,0.469803,           Clst,3,11,7.7,11,11,2.3,11,8,6.4,11,2.5240973339730024,2.5240973339730024,1293.537895173436,1293.537895173436,0.9343568742744498,0.9657426636430326
    653.75, Eocene/Paleocene,     30.86,   57.4713,       270,0.303,2.735,0.530891,           Clst,3,11,7.7,11,11,2.3,11,8,6.4,11,2.3800608881085483,2.3800608881085483,1330.921046831067,1330.921046831067,0.8638455970930768,0.8961301597697863
    654.00, Eocene/Paleocene,     30.87,   60.2634,       279,0.316,2.72,0.565792,           Clst,3,11,7.7,11,11,2.3,11,8,6.4,11,2.2896427285898064,2.2896427285898064,1359.5438030121065,1359.5438030121065,0.8202123097841324,0.8526535306666005
    654.25, Eocene/Paleocene,     30.88,   66.3848,       266,0.319,2.705,0.642311,           Clst,3,11,7.7,11,11,2.3,11,8,6.4,11,2.164642415305917,2.164642415305917,1346.6683079930465,1346.6683079930465,0.7788174477190718,0.8101763572093241
    654.50, Eocene/Paleocene,     30.89,   66.3848,       265,0.20850000000000002,2.71,0.642311,           Clst,3,11,7.7,11,11,2.3,11,8,6.4,11,2.4415463199055534,2.4415463199055534,1048.0862602639438,1048.0862602639438,1.0139663887691532,1.0341621678327195
    654.75, Eocene/Paleocene,     30.89,   66.3358,       264,0.40299999999999997,2.761,0.641698,           Clst,3,11,7.7,11,11,2.3,11,8,6.4,11,1.9883709803810965,1.9883709803810965,1549.8413569754127,1549.8413569754127,0.6003421654464631,0.6443017881935431
    655.00, Eocene/Paleocene,      30.9,   67.7079,       264,0.35200000000000004,2.818,0.658849,           Clst,3,11,7.7,11,11,2.3,11,8,6.4,11,2.1222001070139216,2.1222001070139216,1384.0258310481163,1384.0258310481163,0.7010251270359771,0.7435116406990381
    655.25, Eocene/Paleocene,     30.91,   64.8098,       264,0.375,2.847,0.622622,           Clst,3,11,7.7,11,11,2.3,11,8,6.4,11,2.1330136879806947,2.1330136879806947,1446.8682956098714,1446.8682956098714,0.6686555065241695,0.7157031345274687
    655.50, Eocene/Paleocene,     30.92,   61.5876,       263,0.369,2.876,0.582345,           Clst,3,11,7.7,11,11,2.3,11,8,6.4,11,2.2215464188146257,2.2215464188146257,1433.3034383885022,1433.3034383885022,0.6998522316492908,0.7484602890077926
    655.75, Eocene/Paleocene,     30.93,   64.5007,       264,0.225,2.764,0.618759,           Clst,3,11,7.7,11,11,2.3,11,8,6.4,11,2.4643395560290005,2.4643395560290005,1078.9773809580338,1078.9773809580338,0.9896297021936964,1.0153684869192965
    656.00, Eocene/Paleocene,     30.94,   64.5007,       262,0.3215,2.572,0.618759,           Clst,3,11,7.7,11,11,2.3,11,8,6.4,11,2.117875512474688,2.117875512474688,1415.0937431038838,1415.0937431038838,0.7842733871590097,0.8068596274794493
    656.25, Eocene/Paleocene,     30.94,   71.2941,       264,0.282,2.437,0.703676,           Clst,3,11,7.7,11,11,2.3,11,8,6.4,11,2.0193963711989054,2.0193963711989054,1333.3918692872683,1333.3918692872683,0.8294779799213953,0.8382653081026001
    656.50, Eocene/Paleocene,     30.95,   73.9418,       271,0.174,2.625,0.736773,           Clst,3,11,7.7,11,11,2.3,11,8,6.4,11,2.344927974958585,2.344927974958585,956.3593117206153,956.3593117206153,1.0441635106306018,1.0544736394292271
    656.75, Eocene/Paleocene,     30.96,   75.2323,       268,0.28800000000000003,2.728,0.752904,           Clst,3,11,7.7,11,11,2.3,11,8,6.4,11,2.096554189614741,2.096554189614741,1215.2747032417349,1215.2747032417349,0.7941857879762408,0.8233728093965338
    657.00, Eocene/Paleocene,     30.97,    73.694,       263,0.3235,2.699,0.733675,           Clst,3,11,7.7,11,11,2.3,11,8,6.4,11,2.0197565205097225,2.0197565205097225,1328.9750025055434,1328.9750025055434,0.7274382936961836,0.7584194280772665
    657.25, Eocene/Paleocene,   30.9767,   74.7496,       261,0.272,2.661,0.74687,           Clst,3,11,7.7,11,11,2.3,11,8,6.4,11,2.1074898141993668,2.1074898141993668,1201.3680421088102,1201.3680421088102,0.830995317498161,0.853938030505967
    657.50, Eocene/Paleocene,     30.98,   74.7496,       263,0.1765,2.676,0.74687,           Clst,3,11,7.7,11,11,2.3,11,8,6.4,11,2.3527604710698933,2.3527604710698933,939.0283396753061,939.0283396753061,1.0342235878174624,1.0482527779847928
    657.75, Eocene/Paleocene,     30.98,   73.6607,       265,0.18,2.71,0.733258,           Clst,3,11,7.7,11,11,2.3,11,8,6.4,11,2.3824641990695175,2.3824641990695175,939.5603656831292,939.5603656831292,1.0330035057582894,1.049799582848551
    658.00, Eocene/Paleocene,        31,   65.7214,       267,0.239,2.751,0.634018,           Clst,3,11,7.7,11,11,2.3,11,8,6.4,11,2.4005852893736197,2.4005852893736197,1116.3992033792565,1116.3992033792565,0.9528554285180528,0.9790857911232843
    658.25, Eocene/Paleocene,     31.01,    64.619,       266,0.275,2.684,0.620237,           Clst,3,11,7.7,11,11,2.3,11,8,6.4,11,2.293580413003137,2.293580413003137,1244.7853780533114,1244.7853780533114,0.8825512179650377,0.9079890799334236
    658.50, Eocene/Paleocene,     31.01,   74.1988,       264,0.332,2.657,0.739985,           Clst,3,11,7.7,11,11,2.3,11,8,6.4,11,1.96624298220144,1.96624298220144,1366.4352782258425,1366.4352782258425,0.7064628176893206,0.7354112928113196
    658.75, Eocene/Paleocene,     31.02,   80.0644,       266,0.303,2.637,0.813305,           Clst,3,11,7.7,11,11,2.3,11,8,6.4,11,1.9224009927629855,1.9224009927629855,1270.8092085383723,1270.8092085383723,0.7346290663688186,0.758834308086255
    659.00, Eocene/Paleocene,     31.03,   80.0644,       267,0.2415,2.625,0.813305,           Clst,3,11,7.7,11,11,2.3,11,8,6.4,11,2.068270576378531,2.068270576378531,1110.5676307396263,1110.5676307396263,0.8655038163650179,0.8824796549234004
    659.25, Eocene/Paleocene,     31.04,   80.4373,       267,0.31,2.629,0.817966,           Clst,3,11,7.7,11,11,2.3,11,8,6.4,11,1.893923367171467,1.893923367171467,1291.1681872484342,1291.1681872484342,0.7176001457364789,0.7419621347351397
    659.50, Eocene/Paleocene,     31.05,   71.1792,       269,0.2305,2.649,0.70224,           Clst,3,11,7.7,11,11,2.3,11,8,6.4,11,2.267432857807505,2.267432857807505,1110.5248800631568,1110.5248800631568,0.9397293144198204,0.9577372464287788
    659.75, Eocene/Paleocene,     31.06,   60.0712,       277,0.185,2.614,0.56339,           Clst,3,11,7.7,11,11,2.3,11,8,6.4,11,2.5589237053912592,2.5589237053912592,1051.3709095220604,1051.3709095220604,1.1000851856318583,1.1116077527775983
    660.00, Eocene/Paleocene,     31.06,    54.068,       275,0.245,2.685,0.488349,           Clst,3,11,7.7,11,11,2.3,11,8,6.4,11,2.556763053454234,2.556763053454234,1210.320508741386,1210.320508741386,1.0067369821682504,1.029745809291116
    660.25, Eocene/Paleocene,     31.07,   49.7109,       271,0.36,2.697,0.433886,          Sltst,3,11,7.7,11,11,2.3,11,8,6.4,11,2.355895780723354,2.355895780723354,1533.3354606874996,1533.3354606874996,0.7869310008216768,0.8229990680567653
    660.50, Eocene/Paleocene,     31.08,   49.7109,       267,0.337,2.619,0.433886,          Sltst,3,11,7.7,11,11,2.3,11,8,6.4,11,2.369450963216907,2.369450963216907,1502.9341734447848,1502.9341734447848,0.8358760292755398,0.8641858506997143
    660.75, Eocene/Paleocene,     31.09,    52.325,       265,0.248,2.551,0.466562,          Sltst,3,11,7.7,11,11,2.3,11,8,6.4,11,2.505679451596056,2.505679451596056,1279.8678793537006,1279.8678793537006,1.010321335968476,1.0245324222944696
    661.00, Eocene/Paleocene,     31.09,   52.7081,       275,0.248,2.615,0.471351,          Sltst,3,11,7.7,11,11,2.3,11,8,6.4,11,2.534538267201693,2.534538267201693,1252.4752155116614,1252.4752155116614,1.008130162848027,1.0267190341672408
    661.25, Eocene/Paleocene,      31.1,   51.5958,       272,0.307,2.694,0.457447,          Sltst,3,11,7.7,11,11,2.3,11,8,6.4,11,2.452077254402634,2.452077254402634,1383.993538560549,1383.993538560549,0.8889372016222753,0.9191679601083462
    661.50, Eocene/Paleocene,     31.11,   47.8523,       268,0.2235,2.745,0.410654,          Sltst,3,11,7.7,11,11,2.3,11,8,6.4,11,2.7544305967993545,2.7544305967993545,1155.88317558867,1155.88317558867,1.0880387419606627,1.1133030856659514
    661.75, Eocene/Paleocene,     31.11,   49.1595,       270,0.524,2.726,0.426994,          Sltst,3,11,7.7,11,11,2.3,11,8,6.4,11,1.9750720270035287,1.9750720270035287,1964.278846875604,1964.278846875604,0.4410850534133115,0.49625798048491476
    662.00, Eocene/Paleocene,     31.12,   49.1595,       267,0.3885,2.672,0.426994,          Sltst,3,11,7.7,11,11,2.3,11,8,6.4,11,2.2810887579720682,2.2810887579720682,1622.2962372747838,1622.2962372747838,0.7294351123480269,0.7667847990051213
    662.25, Eocene/Paleocene,     31.13,   55.3273,       267,0.268,2.715,0.504091,          Sltst,3,11,7.7,11,11,2.3,11,8,6.4,11,2.49397445516947,2.49397445516947,1254.456419552997,1254.456419552997,0.9505893128160562,0.9779812424735062
    662.50, Eocene/Paleocene,    31.135,   50.9989,       265,0.34600000000000003,2.754,0.449987,          Sltst,3,11,7.7,11,11,2.3,11,8,6.4,11,2.399438009231983,2.399438009231983,1467.1950204790278,1467.1950204790278,0.8093567280247208,0.8478096683272498
    662.75, Eocene/Paleocene,     31.14,   50.6976,       267,0.507,2.744,0.44622,          Sltst,3,11,7.7,11,11,2.3,11,8,6.4,11,1.999846664055803,1.999846664055803,1904.6504203430022,1904.6504203430022,0.46846509308754736,0.5230140793503861
    663.00, Eocene/Paleocene,     31.15,   51.2332,       265,0.2875,2.734,0.452915,          Sltst,3,11,7.7,11,11,2.3,11,8,6.4,11,2.529225691874193,2.529225691874193,1317.1871288932898,1317.1871288932898,0.9325076581581897,0.9634796314307523
    663.25, Eocene/Paleocene,     31.16,   55.2364,       268,0.217,2.758,0.502955,          Sltst,3,11,7.7,11,11,2.3,11,8,6.4,11,2.646091386803944,2.646091386803944,1100.70522813639,1100.70522813639,1.0596393620759923,1.0846824019151435
    663.50, Eocene/Paleocene,   31.1625,   55.2364,       265,0.233,2.767,0.502955,          Sltst,3,11,7.7,11,11,2.3,11,8,6.4,11,2.6114197577362153,2.6114197577362153,1140.033152893465,1140.033152893465,1.0255906466298266,1.0529186708859697
    663.75, Eocene/Paleocene,     31.18,   62.3417,       268,0.23199999999999998,2.739,0.591771,          Sltst,3,11,7.7,11,11,2.3,11,8,6.4,11,2.471544242362737,2.471544242362737,1117.3121167846593,1117.3121167846593,0.9870815579424568,1.0119584828265458
    664.00, Eocene/Paleocene,   31.1725,    63.311,       267,0.285,2.728,0.603887,          Sltst,3,11,7.7,11,11,2.3,11,8,6.4,11,2.316643826119324,2.316643826119324,1259.710780099384,1259.710780099384,0.8687515978145963,0.8983338076290113
    664.25, Eocene/Paleocene,     31.18,    61.958,       265,0.258,2.732,0.586975,          Sltst,3,11,7.7,11,11,2.3,11,8,6.4,11,2.4099865091710813,2.4099865091710813,1191.595041415963,1191.595041415963,0.9339467712634384,0.9610726730067869
    664.50, Eocene/Paleocene,     31.19,   58.9409,       264,0.175,2.763,0.549262,          Sltst,3,11,7.7,11,11,2.3,11,8,6.4,11,2.6869883523471856,2.6869883523471856,969.6614947763471,969.6614947763471,1.1278297993853574,1.148623074222396
    664.75, Eocene/Paleocene,     31.19,   51.8817,       263,0.294,2.78,0.461022,          Sltst,3,11,7.7,11,11,2.3,11,8,6.4,11,2.5271866981461804,2.5271866981461804,1313.301060860345,1313.301060860345,0.9149660669261261,0.9497393000172787
    665.00, Eocene/Paleocene,      31.2,   51.8817,       263,0.3425,2.754,0.461022,          Sltst,3,11,7.7,11,11,2.3,11,8,6.4,11,2.3923734283383356,2.3923734283383356,1453.9144527780502,1453.9144527780502,0.8117558982299363,0.849791967226024
    665.25, Eocene/Paleocene,      31.2,   49.1567,       265,0.303,2.776,0.426958,          Sltst,3,11,7.7,11,11,2.3,11,8,6.4,11,2.5512391640428302,2.5512391640428302,1351.0612769972645,1351.0612769972645,0.9113994070591703,0.9469965724192717
    665.50, Eocene/Paleocene,     31.21,   54.5385,       265,0.28800000000000003,2.792,0.494231,          Sltst,3,11,7.7,11,11,2.3,11,8,6.4,11,2.501373862962135,2.501373862962135,1280.680544922674,1280.680544922674,0.9125397918571958,0.9473556233152819
    665.75, Eocene/Paleocene,     31.22,     57.09,       266,0.243,2.768,0.526124,          Sltst,3,11,7.7,11,11,2.3,11,8,6.4,11,2.5541084178495175,2.5541084178495175,1158.3100009769328,1158.3100009769328,0.9937093871920553,1.0220375041479395
    666.00, Eocene/Paleocene,     31.23,   58.1537,       266,0.214,2.752,0.539421,          Sltst,3,11,7.7,11,11,2.3,11,8,6.4,11,2.5981501779775455,2.5981501779775455,1082.219054284878,1082.219054284878,1.0493387355183914,1.073483665577565
    666.25, Eocene/Paleocene,     31.23,   60.4231,       268,0.33399999999999996,2.727,0.567789,          Sltst,3,11,7.7,11,11,2.3,11,8,6.4,11,2.246044613420171,2.246044613420171,1404.3394887997265,1404.3394887997265,0.780993791664027,0.815781268054455
    666.50, Eocene/Paleocene,     31.24,   60.4231,       264,0.19949999999999998,2.742,0.567789,          Sltst,3,11,7.7,11,11,2.3,11,8,6.4,11,2.588061885630557,2.588061885630557,1037.32668810606,1037.32668810606,1.0672158058833572,1.0890284930386327
    666.75, Eocene/Paleocene,     31.24,   60.2845,       265,0.307,2.725,0.566056,          Sltst,3,11,7.7,11,11,2.3,11,8,6.4,11,2.314380636476412,2.314380636476412,1333.2872153152646,1333.2872153152646,0.8392439208874996,0.8710904638933294
    667.00, Eocene/Paleocene,     31.25,   58.8881,       267,0.2875,2.692,0.548601,          Sltst,3,11,7.7,11,11,2.3,11,8,6.4,11,2.369258204318438,2.369258204318438,1300.3533710291504,1300.3533710291504,0.8887272047851935,0.9163569772894116
    667.25, Eocene/Paleocene,     31.25,   56.9278,       264,0.262,2.679,0.524097,          Sltst,3,11,7.7,11,11,2.3,11,8,6.4,11,2.4602327833264424,2.4602327833264424,1245.765746010325,1245.765746010325,0.9542039771309823,0.9784008045459679
    667.50, Eocene/Paleocene,     31.26,   52.2759,       267,0.3125,2.623,0.465948,          Sltst,3,11,7.7,11,11,2.3,11,8,6.4,11,2.3867059336474874,2.3867059336474874,1424.2782695922845,1424.2782695922845,0.8733433831888177,0.8992246856023828
    667.75, Eocene/Paleocene,     31.27,   50.5124,       265,0.368,2.708,0.443905,          Sltst,3,11,7.7,11,11,2.3,11,8,6.4,11,2.327887873801852,2.327887873801852,1546.8597077533368,1546.8597077533368,0.7653225204229251,0.8029324339000349
    668.00, Eocene/Paleocene,     31.27,   50.5124,       266,0.15,2.781,0.443905,          Sltst,3,11,7.7,11,11,2.3,11,8,6.4,11,2.9093886659897077,2.9093886659897077,932.4431955854836,932.4431955854836,1.2292362683769325,1.2491640930216703
    668.25, Eocene/Paleocene,   31.2775,   47.2985,       266,0.318,2.748,0.403731,          Sltst,3,11,7.7,11,11,2.3,11,8,6.4,11,2.531558338804562,2.531558338804562,1410.7476523634787,1410.7476523634787,0.8901060861025951,0.9254503385301875
    668.50, Eocene/Paleocene,   31.2825,   45.4723,       266,0.37450000000000006,2.707,0.380903,          Sltst,3,11,7.7,11,11,2.3,11,8,6.4,11,2.40110973260877,2.40110973260877,1586.897901539128,1586.897901539128,0.7803163498260681,0.8188335420257397
    668.75, Eocene/Paleocene,      31.3,   45.2919,       276,0.41700000000000004,2.751,0.378649,          Sltst,3,11,7.7,11,11,2.3,11,8,6.4,11,2.323435943043155,2.323435943043155,1684.085889629224,1684.085889629224,0.6909057511999086,0.7368847463499519
    669.00, Eocene/Paleocene,      31.3,   42.5155,       262,0.377,2.697,0.343944,          Sltst,3,11,7.7,11,11,2.3,11,8,6.4,11,2.4420716124456883,2.4420716124456883,1610.6422224859782,1610.6422224859782,0.791906567408804,0.8301720115559974
    669.25, Eocene/Paleocene,      31.3,   42.1859,       262,0.284,2.664,0.343944,          Sltst,3,11,7.7,11,11,2.3,11,8,6.4,11,2.654371016292366,2.654371016292366,1374.2917195664747,1374.2917195664747,0.989814725939642,1.0161265909967394
    669.50, Eocene/Paleocene,     31.31,   42.1859,       265,0.3885,2.635,0.339824,          Sltst,3,11,7.7,11,11,2.3,11,8,6.4,11,2.384845682032753,2.384845682032753,1667.8610829015668,1667.8610829015668,0.7693191300781451,0.8045386818684372
    669.75, Eocene/Paleocene,     31.31,   47.1948,       267,0.20199999999999999,2.573,0.402435,          Sltst,3,11,7.7,11,11,2.3,11,8,6.4,11,2.723569590799862,2.723569590799862,1170.1581961293396,1170.1581961293396,1.1375522487323373,1.1487903050768726
    670.00, Eocene/Paleocene,     31.32,   49.9043,       266,0.406,2.531,0.436304,          Sltst,3,11,7.7,11,11,2.3,11,8,6.4,11,2.1457558805086476,2.1457558805086476,1722.6188941425244,1722.6188941425244,0.6879346050947301,0.7173675402978767
    670.25, Eocene/Paleocene,   31.3275,   50.4288,       273,0.434,2.649,0.442861,          Sltst,3,11,7.7,11,11,2.3,11,8,6.4,11,2.132748388024229,2.132748388024229,1748.0641004431009,1748.0641004431009,0.6253492440326638,0.6657802931140541
    670.50, Eocene/Paleocene,     31.33,   52.4466,       273,0.228,2.649,0.468083,          Sltst,3,11,7.7,11,11,2.3,11,8,6.4,11,2.607777121730926,2.607777121730926,1186.291550945628,1186.291550945628,1.0521863074705444,1.0710457748408944
    670.75, Eocene/Paleocene,     31.33,   56.6189,       269,0.242,2.681,0.468083,          Sltst,3,11,7.7,11,11,2.3,11,8,6.4,11,2.5908939321145734,2.5908939321145734,1211.0135856134536,1211.0135856134536,1.0223936814551497,1.0449113018855014
    671.00, Eocene/Paleocene,     31.34,   56.6189,       265,0.278,2.654,0.520236,          Sltst,3,11,7.7,11,11,2.3,11,8,6.4,11,2.412109047417144,2.412109047417144,1300.1098517351252,1300.1098517351252,0.9219218349606682,0.9460842014262753
    671.25, Eocene/Paleocene,     31.35,   59.2467,       264,0.222,2.698,0.553083,          Sltst,3,11,7.7,11,11,2.3,11,8,6.4,11,2.5286932738739694,2.5286932738739694,1120.5676385726993,1120.5676385726993,1.0260634262038337,1.0472636207313388
    671.50, Eocene/Paleocene,     31.35,   60.3122,       264,0.235,2.695,0.566402,          Sltst,3,11,7.7,11,11,2.3,11,8,6.4,11,2.475765062901644,2.475765062901644,1151.9723176839304,1151.9723176839304,0.9923048305393931,1.014589261871909
    671.75, Eocene/Paleocene,     31.36,   59.8294,       266,0.215,2.732,0.560367,          Sltst,3,11,7.7,11,11,2.3,11,8,6.4,11,2.5546255292436233,2.5546255292436233,1085.558304426212,1085.558304426212,1.0376269964657907,1.0604014373090667
    672.00, Eocene/Paleocene,     31.36,   56.5728,       267,0.239,2.715,0.51966,          Sltst,3,11,7.7,11,11,2.3,11,8,6.4,11,2.543697248567628,2.543697248567628,1171.1387506235844,1171.1387506235844,1.0051791235918264,1.0294772092494706
    672.25, Eocene/Paleocene,     31.37,   55.8332,       269,0.31,2.707,0.51966,          Sltst,3,11,7.7,11,11,2.3,11,8,6.4,11,2.3631072038481378,2.3631072038481378,1364.9106988895028,1364.9106988895028,0.8540879487994664,0.8852295563563004
    672.50, Eocene/Paleocene,     31.37,   55.8332,       273,0.289,2.644,0.510415,          Sltst,3,11,7.7,11,11,2.3,11,8,6.4,11,2.393259140346328,2.393259140346328,1337.1087961332473,1337.1087961332473,0.9030068722657725,0.9276737761890298
    672.75, Eocene/Paleocene,     31.38,    58.132,       271,0.31,2.683,0.53915,          Sltst,3,11,7.7,11,11,2.3,11,8,6.4,11,2.321910157208799,2.321910157208799,1367.6854818247375,1367.6854818247375,0.8451704369770503,0.8745693011442226
    673.00, Eocene/Paleocene,     31.38,   60.1624,       272,0.305,2.626,0.56453,          Sltst,3,11,7.7,11,11,2.3,11,8,6.4,11,2.266307416240073,2.266307416240073,1368.220595603717,1368.220595603717,0.8441982208385888,0.8690366775503814
    673.25, Eocene/Paleocene,     31.39,   63.0162,       272,0.259,2.616,0.600203,          Sltst,3,11,7.7,11,11,2.3,11,8,6.4,11,2.323936369712972,2.323936369712972,1236.211552805329,1236.211552805329,0.925766348590797,0.9449576216524449
    673.50, Eocene/Paleocene,     31.39,   61.0025,       273,0.2905,2.628,0.575031,          Sltst,3,11,7.7,11,11,2.3,11,8,6.4,11,2.2884077592083303,2.2884077592083303,1324.8016279833869,1324.8016279833869,0.8702502108408612,0.8936663629126249
    673.75, Eocene/Paleocene,     31.39,   55.6119,       272,0.23,2.609,0.575031,          Sltst,3,11,7.7,11,11,2.3,11,8,6.4,11,2.4278927681212172,2.4278927681212172,1170.055552836488,1170.055552836488,0.998996916121675,1.0148064926352882
    674.00, Eocene/Paleocene,      31.4,   55.6119,       267,0.35350000000000004,2.677,0.507649,          Sltst,3,11,7.7,11,11,2.3,11,8,6.4,11,2.255606274299597,2.255606274299597,1497.9416802311532,1497.9416802311532,0.7670135518843613,0.8006793204748046
    674.25, Eocene/Paleocene,      31.4,   54.1527,       267,0.39899999999999997,2.681,0.489408,          Sltst,3,11,7.7,11,11,2.3,11,8,6.4,11,2.17099596606161,2.17099596606161,1624.8786573523792,1624.8786573523792,0.6785335580296943,0.7172991192758508
    674.50, Eocene/Paleocene,     31.41,   53.9026,       272,0.22149999999999997,2.692,0.486282,          Sltst,3,11,7.7,11,11,2.3,11,8,6.4,11,2.6219125967404238,2.6219125967404238,1145.1647339727213,1145.1647339727213,1.0576917742284946,1.0787445504049837
    674.75, Eocene/Paleocene,     31.42,   59.0133,       270,0.22899999999999998,2.675,0.550166,          Sltst,3,11,7.7,11,11,2.3,11,8,6.4,11,2.5026639876626096,2.5026639876626096,1149.6206036405915,1149.6206036405915,1.0125017659404145,1.0328633181095856
    675.00, Eocene/Paleocene,     31.43,   64.6957,       267,0.455,2.69,0.621196,          Sltst,3,11,7.7,11,11,2.3,11,8,6.4,11,1.8490352712122378,1.8490352712122378,1725.1442762491756,1725.1442762491756,0.49906438552006094,0.5436545494321099
    675.25, Eocene/Paleocene,   31.4425,   65.0844,       268,0.301,2.704,0.621196,          Sltst,3,11,7.7,11,11,2.3,11,8,6.4,11,2.238868152198547,2.238868152198547,1306.1965802904892,1306.1965802904892,0.8267832716894055,0.856299254963984
    675.50, Eocene/Paleocene,     31.46,   65.0844,       269,0.2305,2.688,0.626055,          Sltst,3,11,7.7,11,11,2.3,11,8,6.4,11,2.3978992784736888,2.3978992784736888,1121.694815196075,1121.694815196075,0.9745872229981047,0.9956384824578315
    675.75, Eocene/Paleocene,     31.47,   59.9035,       267,0.322,2.695,0.561294,          Sltst,3,11,7.7,11,11,2.3,11,8,6.4,11,2.2672348175380006,2.2672348175380006,1387.2730215546674,1387.2730215546674,0.8095020696178965,0.8408705039292148
    676.00, Eocene/Paleocene,     31.48,   52.9549,       270,0.3195,2.711,0.474436,          Sltst,3,11,7.7,11,11,2.3,11,8,6.4,11,2.406306264401281,2.406306264401281,1404.7305034285546,1404.7305034285546,0.8545634457404496,0.8871841109562169
    676.25, Eocene/Paleocene,     31.49,   51.9615,       272,0.22,2.705,0.462019,          Sltst,3,11,7.7,11,11,2.3,11,8,6.4,11,2.6675070607879436,2.6675070607879436,1144.4634360000364,1144.4634360000364,1.0719852055574617,1.0938908464661456
    676.50, Eocene/Paleocene,      31.5,   51.9371,       277,0.326,2.687,0.461714,          Sltst,3,11,7.7,11,11,2.3,11,8,6.4,11,2.3949513772427498,2.3949513772427498,1436.2967481136532,1436.2967481136532,0.8465520163220905,0.8782597715962133
    676.75, Eocene/Paleocene,     31.51,    51.013,       272,0.354,2.683,0.461714,          Sltst,3,11,7.7,11,11,2.3,11,8,6.4,11,2.323261473217593,2.323261473217593,1513.0532802735038,1513.0532802735038,0.7869667642913007,0.8213152677468113
    677.00, Eocene/Paleocene,     31.52,    51.013,       274,0.2535,2.729,0.450163,          Sltst,3,11,7.7,11,11,2.3,11,8,6.4,11,2.6147075106184525,2.6147075106184525,1228.9112574347016,1228.9112574347016,1.006120336641132,1.0332209952914906
    677.25, Eocene/Paleocene,     31.53,   48.4438,       269,0.18,2.684,0.418048,          Sltst,3,11,7.7,11,11,2.3,11,8,6.4,11,2.8177693962229857,2.8177693962229857,1061.0289293523392,1061.0289293523392,1.1772256146112265,1.1937307240290753
    677.50, Eocene/Paleocene,     31.53,   47.3001,       261,0.272,2.608,0.403751,          Sltst,3,11,7.7,11,11,2.3,11,8,6.4,11,2.567563346051462,2.567563346051462,1343.511571491319,1343.511571491319,0.9879869921516016,1.0089147892688821
    677.75, Eocene/Paleocene,     31.54,   49.1206,       261,0.21899999999999997,2.694,0.426507,          Sltst,3,11,7.7,11,11,2.3,11,8,6.4,11,2.714528758080939,2.714528758080939,1158.705998340015,1158.705998340015,1.090361515015671,1.1115753060954892
    678.00, Eocene/Paleocene,     31.54,    51.628,       262,0.28350000000000003,2.698,0.45785,          Sltst,3,11,7.7,11,11,2.3,11,8,6.4,11,2.5120290055341274,2.5120290055341274,1319.1727239878478,1319.1727239878478,0.9387618626306278,0.9668185669878475
    678.25, Eocene/Paleocene,     31.55,   46.3133,       267,0.5770000000000001,2.694,0.45785,          Sltst,3,11,7.7,11,11,2.3,11,8,6.4,11,1.78171791246454,1.78171791246454,2108.5115019957284,2108.5115019957284,0.31418073866502616,0.37252604319816474
    678.50, Eocene/Paleocene,     31.55,   46.3133,       260,0.4935,2.643,0.391416,          Sltst,3,11,7.7,11,11,2.3,11,8,6.4,11,2.055213718190327,2.055213718190327,1928.287929406754,1928.287929406754,0.5222688798091639,0.5687276961333412
    678.75, Eocene/Paleocene,     31.56,   33.4971,       257,0.5379999999999999,2.597,0.231214,          Sltst,3,11,7.7,11,11,2.3,11,8,6.4,11,2.147777809233682,2.147777809233682,2122.6262120935266,2122.6262120935266,0.5008701834057465,0.5495608358360915
    679.00, Eocene/Paleocene,     31.56,   25.3983,       258,0.3705,2.586,0.129979,          Sltst,3,11,7.7,11,11,2.3,11,8,6.4,11,2.701620000174248,2.701620000174248,1713.1445966228314,1713.1445966228314,0.9036370323575897,0.9346094311178879
    679.25, Eocene/Paleocene,     31.57,   23.3219,       276,0.33899999999999997,2.635,0.104024,          Sltst,3,11,7.7,11,11,2.3,11,8,6.4,11,2.844126585493255,2.844126585493255,1618.0619601853216,1618.0619601853216,0.9825459677958102,1.0137305099009244
    679.50, Eocene/Paleocene,     31.57,   27.8757,       268,0.364,2.63,0.160947,          Sltst,3,11,7.7,11,11,2.3,11,8,6.4,11,2.698091782786012,2.698091782786012,1667.1185355554449,1667.1185355554449,0.9033001333659024,0.9364739667167268
    679.75, Eocene/Paleocene,     31.58,   38.5736,       271,0.46299999999999997,2.639,0.160947,          Sltst,3,11,7.7,11,11,2.3,11,8,6.4,11,2.457523510815504,2.457523510815504,1929.212284814917,1929.212284814917,0.6926237065427525,0.7367257322787272
    680.00, Eocene/Paleocene,     31.58,   38.5736,       274,0.306,2.596,0.29467,          Sltst,3,11,7.7,11,11,2.3,11,8,6.4,11,2.6321865848928003,2.6321865848928003,1478.0061928580476,1478.0061928580476,0.9655427128290619,0.989703963785602
    680.25, Eocene/Paleocene,     31.59,   41.1272,       267,0.348,2.604,0.32659,          Sltst,3,11,7.7,11,11,2.3,11,8,6.4,11,2.4869096026473465,2.4869096026473465,1576.2747419816324,1576.2747419816324,0.861560064266124,0.8904934831839993
    680.50, Eocene/Paleocene,     31.59,   33.8689,       266,0.387,2.642,0.235862,          Sltst,3,11,7.7,11,11,2.3,11,8,6.4,11,2.5408246023019814,2.5408246023019814,1697.6418706765694,1697.6418706765694,0.8200782758624603,0.8561165865170247
    680.75, Eocene/Paleocene,      31.6,   42.6274,       271,0.295,2.7,0.345343,          Sltst,3,11,7.7,11,11,2.3,11,8,6.4,11,2.6451642934861694,2.6451642934861694,1388.862596010109,1388.862596010109,0.9657661315029551,0.9956921343100252
    681.00, Eocene/Paleocene,      31.6,   57.3302,       269,0.19,2.705,0.529127,          Sltst,3,11,7.7,11,11,2.3,11,8,6.4,11,2.646164269437903,2.646164269437903,1040.3083993225948,1040.3083993225948,1.1051217556707056,1.1235846893485908
    681.25, Eocene/Paleocene,     31.61,   63.6371,       265,0.203,2.706,0.529127,          Sltst,3,11,7.7,11,11,2.3,11,8,6.4,11,2.614473096551956,2.614473096551956,1074.7977782109206,1074.7977782109206,1.077457174370696,1.097342621718453
    681.50, Eocene/Paleocene,     31.61,   63.6371,       271,0.3455,2.768,0.607964,          Sltst,3,11,7.7,11,11,2.3,11,8,6.4,11,2.1830526059473367,2.1830526059473367,1404.5860934303398,1404.5860934303398,0.7381394899837572,0.7767528384018494
    681.75, Eocene/Paleocene,     31.62,   57.5514,       283,0.431,2.839,0.531893,          Sltst,3,11,7.7,11,11,2.3,11,8,6.4,11,2.1191043639548397,2.1191043639548397,1632.3385894639816,1632.3385894639816,0.5909974155018911,0.6437573581691594
    682.00, Eocene/Paleocene,     31.62,   51.3622,       273,0.462,2.803,0.454528,          Sltst,3,11,7.7,11,11,2.3,11,8,6.4,11,2.132526074402036,2.132526074402036,1757.2498861641975,1757.2498861641975,0.5604258385676959,0.6143060325421814
    682.25, Eocene/Paleocene,     31.63,   46.1773,       274,0.267,2.753,0.389716,          Sltst,3,11,7.7,11,11,2.3,11,8,6.4,11,2.6808610740022476,2.6808610740022476,1276.7956430502215,1276.7956430502215,1.005048830835127,1.0354925364006569
    682.50, Eocene/Paleocene,    31.635,   44.3816,       265,0.424,2.787,0.36727,          Sltst,3,11,7.7,11,11,2.3,11,8,6.4,11,2.342386184327087,2.342386184327087,1692.4218239622028,1692.4218239622028,0.6812158192608246,0.7304530871740605
    682.75, Eocene/Paleocene,     31.64,   52.0418,       267,0.28600000000000003,2.785,0.36727,          Sltst,3,11,7.7,11,11,2.3,11,8,6.4,11,2.683604963895501,2.683604963895501,1322.8433993871358,1322.8433993871358,0.9748859899840033,1.0096151065522696
    683.00, Eocene/Paleocene,     31.65,   52.0418,       268,0.33399999999999996,2.74,0.463022,          Sltst,3,11,7.7,11,11,2.3,11,8,6.4,11,2.4027974401701266,2.4027974401701266,1436.0197847451234,1436.0197847451234,0.8289291924387349,0.8651080019453212
    683.25, Eocene/Paleocene,     31.65,   60.5555,       264,0.374,2.721,0.569443,          Sltst,3,11,7.7,11,11,2.3,11,8,6.4,11,2.1411108606069607,2.1411108606069607,1513.523851913754,1513.523851913754,0.6951152270324878,0.733647701756794
    683.50, Eocene/Paleocene,     31.66,   59.6079,       261,0.376,2.711,0.557598,          Sltst,3,11,7.7,11,11,2.3,11,8,6.4,11,2.1474753480221427,2.1474753480221427,1527.0803739733065,1527.0803739733065,0.696278733678501,0.7343881413162168
    683.75, Eocene/Paleocene,     31.67,   51.0066,       262,0.196,2.697,0.450083,          Sltst,3,11,7.7,11,11,2.3,11,8,6.4,11,2.7396145467526707,2.7396145467526707,1087.4666375058196,1087.4666375058196,1.128519511210669,1.147432522618057
    684.00, Eocene/Paleocene,     31.67,   50.9543,       270,0.3095,2.672,0.449429,          Sltst,3,11,7.7,11,11,2.3,11,8,6.4,11,2.4450478763881067,2.4450478763881067,1402.3638959711864,1402.3638959711864,0.8872856690945677,0.9163021573951047
    684.25, Eocene/Paleocene,   31.6767,   50.0146,       273,0.504,2.683,0.449429,          Sltst,3,11,7.7,11,11,2.3,11,8,6.4,11,1.968689828745186,1.968689828745186,1919.9692319581127,1919.9692319581127,0.4733809719521165,0.5234080649629334
    684.50, Eocene/Paleocene,     31.68,   50.0146,       265,0.38049999999999995,2.595,0.437683,          Sltst,3,11,7.7,11,11,2.3,11,8,6.4,11,2.2427381760072804,2.2427381760072804,1627.9872226410457,1627.9872226410457,0.7415687936283288,0.7727402624837617
    684.75, Eocene/Paleocene,     31.69,   46.9085,       261,0.38,2.619,0.398856,          Sltst,3,11,7.7,11,11,2.3,11,8,6.4,11,2.312769505713109,2.312769505713109,1630.6814959589199,1630.6814959589199,0.7603978355616471,0.7933518002526013
    685.00, Eocene/Paleocene,      31.7,   40.5345,       262,0.386,2.641,0.319182,          Sltst,3,11,7.7,11,11,2.3,11,8,6.4,11,2.4238497612439405,2.4238497612439405,1666.012021381186,1666.012021381186,0.7840838431512832,0.8195536232181128
    685.25, Eocene/Paleocene,      31.7,   40.5419,       266,0.29100000000000004,2.672,0.319274,          Sltst,3,11,7.7,11,11,2.3,11,8,6.4,11,2.676671974992426,2.676671974992426,1398.555414994485,1398.555414994485,0.9862059971627809,1.013914016333162
    685.50, Eocene/Paleocene,     31.71,   55.5622,       269,0.215,2.735,0.507027,          Sltst,3,11,7.7,11,11,2.3,11,8,6.4,11,2.632414924108855,2.632414924108855,1103.1411463267707,1103.1411463267707,1.0620323366714177,1.0852663322075091
    685.75, Eocene/Paleocene,     31.72,   72.0762,       274,0.223,2.704,0.507027,           Clst,3,11,7.7,11,11,2.3,11,8,6.4,11,2.595280798837755,2.595280798837755,1137.0638209150006,1137.0638209150006,1.0450079789483349,1.0669435504161449
    686.00, Eocene/Paleocene,     31.72,   72.0762,       273,0.2005,2.683,0.713452,           Clst,3,11,7.7,11,11,2.3,11,8,6.4,11,2.3448155447001238,2.3448155447001238,1012.4017084152744,1012.4017084152744,0.9984406844830779,1.015609105239038
    686.25, Eocene/Paleocene,     31.73,     79.31,       269,0.276,2.719,0.803875,           Clst,3,11,7.7,11,11,2.3,11,8,6.4,11,2.0485673589697058,2.0485673589697058,1168.729103817795,1168.729103817795,0.7964009035705948,0.8234774496174001
    686.50, Eocene/Paleocene,     31.74,   79.0287,       269,0.27149999999999996,2.728,0.800359,           Clst,3,11,7.7,11,11,2.3,11,8,6.4,11,2.069767059806773,2.069767059806773,1154.2749849899383,1154.2749849899383,0.8075858257527646,0.8348292833856712
    686.75, Eocene/Paleocene,     31.74,   78.8101,       270,0.162,2.702,0.797626,           Clst,3,11,7.7,11,11,2.3,11,8,6.4,11,2.3308016133029854,2.3308016133029854,871.7907698499026,871.7907698499026,1.0418571869315174,1.0559231222179455
    687.00, Eocene/Paleocene,     31.75,   84.7132,       263,0.213,2.694,0.871415,           Clst,3,11,7.7,11,11,2.3,11,8,6.4,11,2.094528150984524,2.094528150984524,985.8937068971792,985.8937068971792,0.8995652707432085,0.918041646942396
    687.25, Eocene/Paleocene,     31.75,   88.2498,       265,0.21100000000000002,2.717,0.871415,           Clst,3,11,7.7,11,11,2.3,11,8,6.4,11,2.1123165904359,2.1123165904359,971.2878168079297,971.2878168079297,0.9038213601739791,0.9236709050161765
    687.50, Eocene/Paleocene,     31.76,   88.2498,       266,0.2245,2.719,0.915622,           Clst,3,11,7.7,11,11,2.3,11,8,6.4,11,2.0168592882740493,2.0168592882740493,991.1465929470548,991.1465929470548,0.854866155945033,0.8760491273115205
    687.75, Eocene/Paleocene,     31.77,   82.6253,       261,0.237,2.714,0.845317,           Clst,3,11,7.7,11,11,2.3,11,8,6.4,11,2.083387654018223,2.083387654018223,1051.467271649521,1051.467271649521,0.860433153117388,0.8829078582240453
    688.00, Eocene/Paleocene,   31.7725,   79.0735,       255,0.2145,2.703,0.800919,           Clst,3,11,7.7,11,11,2.3,11,8,6.4,11,2.1964243655587103,2.1964243655587103,1011.1353253400649,1011.1353253400649,0.9286281504855762,0.9482142968471886
    688.25, Eocene/Paleocene,   31.7825,   75.1993,       263,0.09,2.682,0.752491,           Clst,3,11,7.7,11,11,2.3,11,8,6.4,11,2.5626645164386375,2.5626645164386375,702.4789828141063,702.4789828141063,1.2157276068551042,1.221134974858133
    688.50, Eocene/Paleocene,     31.79,   71.5224,       263,0.3015,2.696,0.70653,           Clst,3,11,7.7,11,11,2.3,11,8,6.4,11,2.1113944127532056,2.1113944127532056,1280.6948106888722,1280.6948106888722,0.7866752804320696,0.8152880649441678
    688.75, Eocene/Paleocene,      31.8,   72.5224,       263,0.40700000000000003,2.663,0.70653,           Clst,3,11,7.7,11,11,2.3,11,8,6.4,11,1.8312783513444422,1.8312783513444422,1577.103538657632,1577.103538657632,0.5621665629589145,0.5994965729794643
    689.00, Eocene/Paleocene,      31.8,   72.5224,       264,0.3225,2.66,0.71903,           Clst,3,11,7.7,11,11,2.3,11,8,6.4,11,2.021385393536391,2.021385393536391,1347.1139462666195,1347.1139462666195,0.7362670547091208,0.7645320244940668
    689.25, Eocene/Paleocene,     31.81,   78.1054,       265,0.385,2.666,0.788817,           Clst,3,11,7.7,11,11,2.3,11,8,6.4,11,1.7701027304880506,1.7701027304880506,1487.8684871649089,1487.8684871649089,0.5713337111237062,0.60618829273083
    689.50, Eocene/Paleocene,     31.82,   77.2497,       265,0.35,2.628,0.778121,           Clst,3,11,7.7,11,11,2.3,11,8,6.4,11,1.8509972737758922,1.8509972737758922,1412.9613612259393,1412.9613612259393,0.6507091554055269,0.6793569879427878
    689.75, Eocene/Paleocene,     31.82,   69.4641,       268,0.33899999999999997,2.607,0.680802,           Clst,3,11,7.7,11,11,2.3,11,8,6.4,11,2.0054475325181285,2.0054475325181285,1426.151318188301,1426.151318188301,0.7186452682622311,0.7451658034108644
    690.00, Eocene/Paleocene,     31.83,   61.1158,       269,0.53,2.637,0.576448,            Sst,3,11,7.7,11,11,2.3,11,8,6.4,11,1.6972815416302773,1.6972815416302773,1963.4878174732166,1963.4878174732166,0.359935163165773,0.40890375165309245
    690.25, Eocene/Paleocene,     31.84,   55.1203,       270,0.7609999999999999,2.694,0.576448,            Sst,3,11,7.7,11,11,2.3,11,8,6.4,11,1.1560327338833318,1.1560327338833318,2560.580359936428,2560.580359936428,-0.13164316608824356,-0.05470016665630606
    690.50, Eocene/Paleocene,     31.84,   55.1203,       267,0.862,2.885,0.501504,            Sst,3,11,7.7,11,11,2.3,11,8,6.4,11,1.118949549783101,1.118949549783101,2781.338278754482,2781.338278754482,-0.3122855845474417,-0.21133626467019018
    690.75, Eocene/Paleocene,     31.85,   50.5074,       265,0.616,2.943,0.443843,            Sst,3,11,7.7,11,11,2.3,11,8,6.4,11,1.8438263417670582,1.8438263417670582,2118.106435466402,2118.106435466402,0.23759579866938862,0.31718967358671946
    691.00, Eocene/Paleocene,     31.86,   44.6289,       265,0.5855,2.977,0.370361,            Sst,3,11,7.7,11,11,2.3,11,8,6.4,11,2.043307895534944,2.043307895534944,2048.4728388768654,2048.4728388768654,0.33612233251094925,0.41522679031686294
    691.25, Eocene/Paleocene,     31.86,   42.4002,       271,0.63,2.974,0.342502,            Sst,3,11,7.7,11,11,2.3,11,8,6.4,11,1.9709992847937228,1.9709992847937228,2178.9251895047673,2178.9251895047673,0.25417103133000496,0.3378355095082839
    691.50, Eocene/Paleocene,     31.87,   40.8157,       266,0.37200000000000005,2.845,0.322696,            Sst,3,11,7.7,11,11,2.3,11,8,6.4,11,2.5673354040600365,2.5673354040600365,1545.2619478717952,1545.2619478717952,0.8122686632896146,0.8602905407662453
    691.75, Eocene/Paleocene,     31.88,      41.4,       267,0.247,2.712,0.322696,            Sst,3,11,7.7,11,11,2.3,11,8,6.4,11,2.803246756733628,2.803246756733628,1263.1912123732063,1263.1912123732063,1.078274252712784,1.1041344094570038
    692.00, Eocene/Paleocene,     31.88,      41.4,       267,0.321,2.742,0.33,            Sst,3,11,7.7,11,11,2.3,11,8,6.4,11,2.6259843984693862,2.6259843984693862,1447.1794224507917,1447.1794224507917,0.9174570501698076,0.9530512633383581
    692.25, Eocene/Paleocene,     31.89,   40.3834,       265,0.363,2.726,0.317292,            Sst,3,11,7.7,11,11,2.3,11,8,6.4,11,2.53100689764817,2.53100689764817,1570.8068637060887,1570.8068637060887,0.8338936277541646,0.8728217239127105
    692.50, Eocene/Paleocene,      31.9,   41.4377,       264,0.344,2.735,0.330472,            Sst,3,11,7.7,11,11,2.3,11,8,6.4,11,2.5643512649394777,2.5643512649394777,1511.5550369442285,1511.5550369442285,0.868296061450158,0.9058018317578195
    692.75, Eocene/Paleocene,      31.9,   48.4105,       265,0.28300000000000003,2.735,0.417631,            Sst,3,11,7.7,11,11,2.3,11,8,6.4,11,2.5912968079462386,2.5912968079462386,1317.13579744361,1317.13579744361,0.9582278043308422,0.9889674709721283
    693.00, Eocene/Paleocene,     31.91,   52.2115,       263,0.342,2.718,0.465144,            Sst,3,11,7.7,11,11,2.3,11,8,6.4,11,2.367654506243459,2.367654506243459,1465.5801482444986,1465.5801482444986,0.8109339286054843,0.8464230617670226
    693.25, Eocene/Paleocene,     31.91,   48.9551,       270,0.47600000000000003,2.687,0.465144,            Sst,3,11,7.7,11,11,2.3,11,8,6.4,11,2.017954392951273,2.017954392951273,1837.6774479809462,1837.6774479809462,0.5257759367438468,0.5730876603429828
    693.50, Eocene/Paleocene,     31.92,   48.9551,       267,0.446,2.64,0.424438,            Sst,3,11,7.7,11,11,2.3,11,8,6.4,11,2.1242505704619004,2.1242505704619004,1790.3751756965053,1790.3751756965053,0.6082420209577557,0.6493913465423719
    693.75, Eocene/Paleocene,     31.93,     41.28,       265,0.384,2.634,0.328499,            Sst,3,11,7.7,11,11,2.3,11,8,6.4,11,2.4116118542318294,2.4116118542318294,1660.1740456095595,1660.1740456095595,0.784077005047449,0.8188129666914092
    694.00, Eocene/Paleocene,     31.93,   34.1973,       264,0.319,2.645,0.239967,            Sst,3,11,7.7,11,11,2.3,11,8,6.4,11,2.705326261122326,2.705326261122326,1512.4840755115167,1512.4840755115167,0.9629071027564315,0.9920510133797233
    694.25, Eocene/Paleocene,     31.94,   34.2868,       269,0.37799999999999995,2.643,0.241085,            Sst,3,11,7.7,11,11,2.3,11,8,6.4,11,2.5562552106251113,2.5562552106251113,1671.245203323075,1671.245203323075,0.8368409315462606,0.8719859841494463
    694.50, Eocene/Paleocene,    31.945,   39.5969,       269,0.3085,2.716,0.307461,            Sst,3,11,7.7,11,11,2.3,11,8,6.4,11,2.6746559607215827,2.6746559607215827,1432.0122038119373,1432.0122038119373,0.9543701693463695,0.9869820056043028
    694.75, Eocene/Paleocene,     31.95,   51.2047,       268,0.267,2.733,0.307461,            Sst,3,11,7.7,11,11,2.3,11,8,6.4,11,2.787085163371085,2.787085163371085,1313.801175854689,1313.801175854689,1.0426840250348617,1.0721431467933698
    695.00, Eocene/Paleocene,     31.96,   51.2047,       267,0.355,2.729,0.452559,            Sst,3,11,7.7,11,11,2.3,11,8,6.4,11,2.3594991451816383,2.3594991451816383,1500.4857688907919,1500.4857688907919,0.7890275251548902,0.8266865127496341
    695.25, Eocene/Paleocene,    31.965,   59.7429,       266,0.33299999999999996,2.728,0.559286,            Sst,3,11,7.7,11,11,2.3,11,8,6.4,11,2.261216794598532,2.261216794598532,1404.2488979607533,1404.2488979607533,0.7870123239641227,0.8218047992362213
    695.50, Eocene/Paleocene,     31.98,   57.7234,       267,0.285,2.737,0.534043,            Sst,3,11,7.7,11,11,2.3,11,8,6.4,11,2.421330658915819,2.421330658915819,1280.6968579564364,1280.6968579564364,0.9007082266357775,0.9312409080970194
    695.75, Eocene/Paleocene,     31.99,   61.5659,       265,0.42200000000000004,2.691,0.582074,           Clst,3,11,7.7,11,11,2.3,11,8,6.4,11,1.987282671459416,1.987282671459416,1649.952913629706,1649.952913629706,0.5871898558695199,0.628598089020661
    696.00, Eocene/Paleocene,     31.99,   72.8167,       272,0.255,2.73,0.722709,           Clst,3,11,7.7,11,11,2.3,11,8,6.4,11,2.222620439976745,2.222620439976745,1136.5373537649555,1136.5373537649555,0.8782267725361305,0.9042582323630899
    696.25, Eocene/Paleocene,        32,   77.2124,       277,0.24600000000000002,2.724,0.722709,           Clst,3,11,7.7,11,11,2.3,11,8,6.4,11,2.241600388614211,2.241600388614211,1114.7919465875962,1114.7919465875962,0.8973791749745985,0.9220608702498316
    696.50, Eocene/Paleocene,     32.01,   77.2124,       271,0.24100000000000002,2.757,0.777655,           Clst,3,11,7.7,11,11,2.3,11,8,6.4,11,2.1939998005979304,2.1939998005979304,1068.7642605396045,1068.7642605396045,0.882879244390701,0.9090483792304787
    696.75, Eocene/Paleocene,   32.0067,   77.0949,       269,0.19,2.766,0.776186,           Clst,3,11,7.7,11,11,2.3,11,8,6.4,11,2.3276301615739934,2.3276301615739934,928.7865922217132,928.7865922217132,0.992081655448321,1.0135657027203262
    697.00, Eocene/Paleocene,     32.02,   78.2307,       273,0.225,2.785,0.790384,           Clst,3,11,7.7,11,11,2.3,11,8,6.4,11,2.231141977540791,2.231141977540791,1010.0916416373118,1010.0916416373118,0.9111038958046689,0.9374716573274255
    697.25, Eocene/Paleocene,     32.02,   80.1312,       274,0.25,2.819,0.81414,           Clst,3,11,7.7,11,11,2.3,11,8,6.4,11,2.154186814186544,2.154186814186544,1055.1660387024099,1055.1660387024099,0.8470333879326921,0.8782295011404893
    697.50, Eocene/Paleocene,     32.03,    80.656,       270,0.23800000000000002,2.842,0.8207,           Clst,3,11,7.7,11,11,2.3,11,8,6.4,11,2.18742094354932,2.18742094354932,1011.4102816454155,1011.4102816454155,0.8695684428572317,0.9010652247945451
    697.75, Eocene/Paleocene,   32.0375,   80.0691,       266,0.231,2.814,0.8207,           Clst,3,11,7.7,11,11,2.3,11,8,6.4,11,2.189170151629417,2.189170151629417,1003.8691106922438,1003.8691106922438,0.8844647558649292,0.9133073628124859
    698.00, Eocene/Paleocene,     32.04,   80.0691,       265,0.1505,2.804,0.813363,           Clst,3,11,7.7,11,11,2.3,11,8,6.4,11,2.3937580147368847,2.3937580147368847,794.4139304372046,794.4139304372046,1.0591293479747979,1.0789363415626319
    698.25, Eocene/Paleocene,     32.05,   75.8432,       275,0.174,2.774,0.76054,           Clst,3,11,7.7,11,11,2.3,11,8,6.4,11,2.3941095485060244,2.3941095485060244,888.1414998930916,888.1414998930916,1.033289087670963,1.0537313336007774
    698.50, Eocene/Paleocene,     32.06,    79.591,       269,0.317,2.74,0.807388,           Clst,3,11,7.7,11,11,2.3,11,8,6.4,11,1.9535579967311543,1.9535579967311543,1269.0979476447865,1269.0979476447865,0.7075437219056677,0.7403170455662593
    698.75, Eocene/Paleocene,   32.0633,   74.9442,       264,0.19399999999999998,2.765,0.749302,           Clst,3,11,7.7,11,11,2.3,11,8,6.4,11,2.3555132604672964,2.3555132604672964,949.3932268597512,949.3932268597512,0.9958700608778948,1.0178295462861948
    699.00, Eocene/Paleocene,     32.07,   72.1954,       264,0.19899999999999998,2.767,0.714942,           Clst,3,11,7.7,11,11,2.3,11,8,6.4,11,2.3932570421622685,2.3932570421622685,974.1120766976347,974.1120766976347,1.000951012581533,1.0237318448743573
    699.25, Eocene/Paleocene,     32.08,   72.4929,       264,0.304,2.783,0.714942,           Clst,3,11,7.7,11,11,2.3,11,8,6.4,11,2.1417085677821364,2.1417085677821364,1249.4978024801612,1249.4978024801612,0.7775063174660709,0.8123214597934685
    699.50, Eocene/Paleocene,     32.09,   72.4929,       264,0.17300000000000001,2.734,0.718661,           Clst,3,11,7.7,11,11,2.3,11,8,6.4,11,2.434043700979923,2.434043700979923,916.2746554570454,916.2746554570454,1.054578573002611,1.072365214272308
    699.75, Eocene/Paleocene,     32.09,    71.547,       264,0.309,2.691,0.706838,           Clst,3,11,7.7,11,11,2.3,11,8,6.4,11,2.0895612832661614,2.0895612832661614,1302.7240359828515,1302.7240359828515,0.7705740218423949,0.7996225655881661
    700.00, Eocene/Paleocene,      32.1,   70.7159,       264,0.3675,2.63,0.696449,           Clst,3,11,7.7,11,11,2.3,11,8,6.4,11,1.9252468537404404,1.9252468537404404,1487.8938584279013,1487.8938584279013,0.6508368195543364,0.681832343598133
    700.25, Eocene/Paleocene,     32.11,   52.8307,       265,0.425,2.56,0.472883,           Clst,3,11,7.7,11,11,2.3,11,8,6.4,11,2.0625978679406525,2.0625978679406525,1749.0813964515216,1749.0813964515216,0.630765292446885,0.6639970892609885
    700.50, Eocene/Paleocene,     32.11,   38.8649,       265,0.33399999999999996,2.537,0.298311,           Clst,3,11,7.7,11,11,2.3,11,8,6.4,11,2.524627526630067,2.524627526630067,1575.5712280438395,1575.5712280438395,0.9042915469683378,0.9272945558791881
    700.75, Eocene/Paleocene,     32.12,   29.4182,       261,0.3,2.532,0.298311,           Clst,3,11,7.7,11,11,2.3,11,8,6.4,11,2.6061822352768345,2.6061822352768345,1486.3260270910578,1486.3260270910578,0.9766450672914399,0.9957636939615196
    701.00, Eocene/Paleocene,     32.13,   29.4182,       266,0.23850000000000002,2.527,0.180228,           Clst,3,11,7.7,11,11,2.3,11,8,6.4,11,2.9244604137820014,2.9244604137820014,1364.8649269835596,1364.8649269835596,1.1615478597979698,1.1744790969949952
    701.25, Eocene/Paleocene,     32.13,   30.3693,       268,0.24100000000000002,2.497,0.192117,           Clst,3,11,7.7,11,11,2.3,11,8,6.4,11,2.8845621115083113,2.8845621115083113,1379.4367267097089,1379.4367267097089,1.1507880200435392,1.161860394858945
    701.50, Eocene/Paleocene,     32.14,   34.8004,       267,0.19699999999999998,2.517,0.247505,           Clst,3,11,7.7,11,11,2.3,11,8,6.4,11,2.9258273182304833,2.9258273182304833,1233.801758186444,1233.801758186444,1.2190795993819634,1.2266821919062059
    701.75, Eocene/Paleocene,     32.15,   36.9593,       267,0.315,2.599,0.274491,           Clst,3,11,7.7,11,11,2.3,11,8,6.4,11,2.6403290172830824,2.6403290172830824,1508.064156057675,1508.064156057675,0.9556230692959058,0.981023628312433
    702.00, Eocene/Paleocene,     32.15,   42.5647,       274,0.37,2.613,0.344559,           Clst,3,11,7.7,11,11,2.3,11,8,6.4,11,2.411712076098784,2.411712076098784,1625.3770481946776,1625.3770481946776,0.8065214915108686,0.8382793809185812
    702.25, Eocene/Paleocene,     32.16,   58.7648,       268,0.28300000000000003,2.675,0.344559,           Clst,3,11,7.7,11,11,2.3,11,8,6.4,11,2.662108780208421,2.662108780208421,1366.9729816727936,1366.9729816727936,0.9916613817493943,1.0186225317546427
    702.50, Eocene/Paleocene,     32.16,   58.7648,       264,0.171,2.757,0.54706,           Clst,3,11,7.7,11,11,2.3,11,8,6.4,11,2.6967071476404727,2.6967071476404727,962.1113200673298,962.1113200673298,1.1373494877919454,1.1573241292502785
    702.75, Eocene/Paleocene,     32.17,    71.153,       265,0.27399999999999997,2.744,0.701913,           Clst,3,11,7.7,11,11,2.3,11,8,6.4,11,2.212971196122043,2.212971196122043,1189.2337046492096,1189.2337046492096,0.8473089858406258,0.8763803741076379
    703.00, Eocene/Paleocene,     32.19,   68.4616,       265,0.35450000000000004,2.776,0.668269,           Clst,3,11,7.7,11,11,2.3,11,8,6.4,11,2.079132686482612,2.079132686482612,1404.2871263269412,1404.2871263269412,0.6913949607905019,0.7312092374313157
    703.25, Eocene/Paleocene,     32.19,    67.545,       267,0.424,2.79,0.656812,           Clst,3,11,7.7,11,11,2.3,11,8,6.4,11,1.9308822054829826,1.9308822054829826,1589.2322691955767,1589.2322691955767,0.5487379224888405,0.5968066014941704
    703.50, Eocene/Paleocene,     32.19,   62.5976,       277,0.231,2.722,0.59497,           Clst,3,11,7.7,11,11,2.3,11,8,6.4,11,2.459979063521345,2.459979063521345,1120.3295318027522,1120.3295318027522,0.9877459228056148,1.0113346330123874
    703.75, Eocene/Paleocene,      32.2,   54.8943,       278,0.371,2.698,0.59497,           Clst,3,11,7.7,11,11,2.3,11,8,6.4,11,2.099298747819535,2.099298747819535,1505.7188080622539,1505.7188080622539,0.6898196626516653,0.7263370809454587
    704.00, Eocene/Paleocene,     32.21,   54.8943,       257,0.326,2.673,0.498679,           Clst,3,11,7.7,11,11,2.3,11,8,6.4,11,2.3343944558248495,2.3343944558248495,1428.8998205555981,1428.8998205555981,0.8296389416932755,0.8602085571993197
    704.25, Eocene/Paleocene,     32.21,   46.1702,       264,0.348,2.627,0.389628,           Clst,3,11,7.7,11,11,2.3,11,8,6.4,11,2.4097813115388336,2.4097813115388336,1544.8329993588395,1544.8329993588395,0.8327174726672805,0.8629330001619077
    704.50, Eocene/Paleocene,     32.22,   44.7011,       260,0.4585,2.573,0.371264,           Clst,3,11,7.7,11,11,2.3,11,8,6.4,11,2.1317556298212206,2.1317556298212206,1869.564388376903,1869.564388376903,0.6059708500936916,0.644067555733847
    704.75, Eocene/Paleocene,   32.2225,   56.3136,       262,0.276,2.624,0.51642,           Clst,3,11,7.7,11,11,2.3,11,8,6.4,11,2.4057848859411206,2.4057848859411206,1308.1357158218539,1308.1357158218539,0.927923908235171,0.9498333784044484
    705.00, Eocene/Paleocene,     32.23,   70.2768,       257,0.2625,2.756,0.69096,           Clst,3,11,7.7,11,11,2.3,11,8,6.4,11,2.263821386231263,2.263821386231263,1157.4066593856849,1157.4066593856849,0.8767929678454394,0.9055439109727856
    705.25, Eocene/Paleocene,     32.23,    75.752,       269,0.354,2.696,0.69096,           Clst,3,11,7.7,11,11,2.3,11,8,6.4,11,2.003377008908886,2.003377008908886,1427.0850833613104,1427.0850833613104,0.6820768763876797,0.7162306829883736
    705.50, Eocene/Paleocene,     32.25,    75.752,       263,0.183,2.661,0.759401,           Clst,3,11,7.7,11,11,2.3,11,8,6.4,11,2.3103887870054027,2.3103887870054027,958.0849038928465,958.0849038928465,1.0146578266365858,1.0282730191621572
    705.75, Eocene/Paleocene,     32.25,   76.0805,       258,0.359,2.66,0.763506,           Clst,3,11,7.7,11,11,2.3,11,8,6.4,11,1.8673731337644437,1.8673731337644437,1429.4115697131606,1429.4115697131606,0.6382437429765306,0.6700984513765815
    706.00, Eocene/Paleocene,     32.26,   72.6826,       264,0.3215,2.698,0.721032,           Clst,3,11,7.7,11,11,2.3,11,8,6.4,11,2.0422017755175066,2.0422017755175066,1328.4620147690152,1328.4620147690152,0.737479098466657,0.7682432386924345
    706.25, Eocene/Paleocene,     32.27,   69.2186,       267,0.204,2.723,0.677732,           Clst,3,11,7.7,11,11,2.3,11,8,6.4,11,2.4094136310475616,2.4094136310475616,1018.3108520966919,1018.3108520966919,1.0073359616527386,1.0277887963635643
    706.50, Eocene/Paleocene,     32.28,   74.4464,       263,0.2225,2.719,0.74308,           Clst,3,11,7.7,11,11,2.3,11,8,6.4,11,2.2680384694573803,2.2680384694573803,1046.5527423309532,1046.5527423309532,0.9380676186371326,0.959861619729567
    706.75, Eocene/Paleocene,     32.28,   79.4005,       260,0.179,2.653,0.74308,           Clst,3,11,7.7,11,11,2.3,11,8,6.4,11,2.3391400287935555,2.3391400287935555,956.3111339810021,956.3111339810021,1.0306375637563956,1.0433636492645721
    707.00, Eocene/Paleocene,     32.29,   79.4005,       257,0.17550000000000002,2.588,0.805006,           Clst,3,11,7.7,11,11,2.3,11,8,6.4,11,2.2232034500324116,2.2232034500324116,951.212868639487,951.212868639487,1.0097519164062199,1.0173501960573716
    707.25, Eocene/Paleocene,      32.3,   72.3037,       251,0.266,2.631,0.716297,           Clst,3,11,7.7,11,11,2.3,11,8,6.4,11,2.1492706807861586,2.1492706807861586,1208.0827493317338,1208.0827493317338,0.8577520459724499,0.8781523756913087
    707.50, Eocene/Paleocene,      32.3,   66.2151,       269,0.32799999999999996,2.656,0.640189,           Clst,3,11,7.7,11,11,2.3,11,8,6.4,11,2.1180171261997125,2.1180171261997125,1391.2521040521012,1391.2521040521012,0.7606359513907712,0.7895730002804529
    707.75, Eocene/Paleocene,     32.31,   64.9491,       260,0.294,2.732,0.624364,           Clst,3,11,7.7,11,11,2.3,11,8,6.4,11,2.26732775532381,2.26732775532381,1275.0469368482175,1275.0469368482175,0.8402300886758913,0.870927313483317
    708.00, Eocene/Paleocene,     32.32,   63.5152,       258,0.28,2.672,0.60644,           Clst,3,11,7.7,11,11,2.3,11,8,6.4,11,2.2941729636214356,2.2941729636214356,1267.8845322967168,1267.8845322967168,0.8782237142759441,0.9034226667473024
    708.25, Eocene/Paleocene,     32.33,   55.1514,       255,0.276,2.71,0.501893,           Clst,3,11,7.7,11,11,2.3,11,8,6.4,11,2.474477052012559,2.474477052012559,1278.7102892267424,1278.7102892267424,0.9345706344662761,0.9624622903854997
    708.50, Eocene/Paleocene,     32.33,   55.1514,       261,0.205,2.651,0.501893,           Clst,3,11,7.7,11,11,2.3,11,8,6.4,11,2.6177012708336047,2.6177012708336047,1111.849149919962,1111.849149919962,1.0856618092586363,1.102103143545034
    708.75, Eocene/Paleocene,     32.34,   49.3519,       266,0.20600000000000002,2.644,0.429399,           Clst,3,11,7.7,11,11,2.3,11,8,6.4,11,2.7147657947528763,2.7147657947528763,1142.879017525323,1142.879017525323,1.1167028821448017,1.133111275115072
    709.00, Eocene/Paleocene,     32.35,   54.6467,       267,0.2465,2.674,0.495584,           Clst,3,11,7.7,11,11,2.3,11,8,6.4,11,2.536582980922956,2.536582980922956,1216.2162252292705,1216.2162252292705,1.0002345919532956,1.0226089266438034
    709.25, Eocene/Paleocene,     32.35,   54.8106,       269,0.264,2.62,0.497632,           Clst,3,11,7.7,11,11,2.3,11,8,6.4,11,2.4601327973282228,2.4601327973282228,1284.152870395807,1284.152870395807,0.9620567615011474,0.9825307915091728
    709.50, Eocene/Paleocene,     32.36,   57.2778,       270,0.1875,2.545,0.528473,           Clst,3,11,7.7,11,11,2.3,11,8,6.4,11,2.564067411957411,2.564067411957411,1098.0935603872265,1098.0935603872265,1.1107411005393055,1.1179454892898177
    709.75, Eocene/Paleocene,     32.37,   64.5152,       265,0.27,2.532,0.61894,           Clst,3,11,7.7,11,11,2.3,11,8,6.4,11,2.223064415210896,2.223064415210896,1292.8739763520402,1292.8739763520402,0.8937848747299415,0.9082569730476748
    710.00, Eocene/Paleocene,     32.37,   64.5152,       255,0.2525,2.695,0.61894,           Clst,3,11,7.7,11,11,2.3,11,8,6.4,11,2.357381277714684,2.357381277714684,1180.4356984097208,1180.4356984097208,0.9310256572491853,0.9548829798527843
    710.25, Eocene/Paleocene,     32.38,   67.3295,       261,0.23399999999999999,2.729,0.654119,           Clst,3,11,7.7,11,11,2.3,11,8,6.4,11,2.372035154391586,2.372035154391586,1104.735839729856,1104.735839729856,0.9542985815386746,0.9784001407081664
    710.50, Eocene/Paleocene,     32.39,   65.7235,       262,0.2645,2.703,0.634043,           Clst,3,11,7.7,11,11,2.3,11,8,6.4,11,2.3105226650683086,2.3105226650683086,1204.1098859286103,1204.1098859286103,0.8985788497023265,0.9241641431702414
    710.75, Eocene/Paleocene,   32.3975,   63.3437,       261,0.29100000000000004,2.648,0.604296,           Clst,3,11,7.7,11,11,2.3,11,8,6.4,11,2.2565601760249177,2.2565601760249177,1307.8025819223735,1307.8025819223735,0.8557961944614647,0.8805006159932391
    711.00, Eocene/Paleocene,      32.4,   51.2133,       260,0.5905,2.667,0.452666,           Clst,3,11,7.7,11,11,2.3,11,8,6.4,11,1.7405684088100737,1.7405684088100737,2157.415098160495,2157.415098160495,0.2878240375874883,0.34574330931555064
    711.25, Eocene/Paleocene,     32.41,   37.2469,       265,0.245,2.64,0.278086,           Clst,3,11,7.7,11,11,2.3,11,8,6.4,11,2.8317123700948885,2.8317123700948885,1302.4552987438856,1302.4552987438856,1.102941332518002,1.1238544549089948
    711.50, Eocene/Paleocene,     32.41,   37.2469,       260,0.2955,2.578,0.278086,           Clst,3,11,7.7,11,11,2.3,11,8,6.4,11,2.6718605752135813,2.6718605752135813,1462.8960809966434,1462.8960809966434,0.9954750743910415,1.0173840073792242
    711.75, Eocene/Paleocene,     32.42,   31.9933,       260,0.371,2.598,0.212416,           Clst,3,11,7.7,11,11,2.3,11,8,6.4,11,2.5894342640278016,2.5894342640278016,1680.6301521708067,1680.6301521708067,0.8648545429858124,0.8963126632209364
    712.00, Eocene/Paleocene,   32.4225,   30.9173,       262,0.324,2.601,0.198966,           Clst,3,11,7.7,11,11,2.3,11,8,6.4,11,2.7268926154071798,2.7268926154071798,1558.0181445561,1558.0181445561,0.9710265970979695,0.9978605113536466
    712.25, Eocene/Paleocene,     32.43,   35.6893,       270,0.35100000000000003,2.598,0.258616,           Clst,3,11,7.7,11,11,2.3,11,8,6.4,11,2.573120410556626,2.573120410556626,1610.6787395769136,1610.6787395769136,0.8862769536508505,0.9154329967253505
    712.50, Eocene/Paleocene,     32.44,   38.0646,       266,0.368,2.611,0.288308,           Clst,3,11,7.7,11,11,2.3,11,8,6.4,11,2.4958283448329865,2.4958283448329865,1640.625641860564,1640.625641860564,0.8365148286339288,0.8681940342534604
    712.75, Eocene/Paleocene,     32.45,   46.3713,       268,0.21100000000000002,2.62,0.392141,           Clst,3,11,7.7,11,11,2.3,11,8,6.4,11,2.7421448576246537,2.7421448576246537,1179.0616225329272,1179.0616225329272,1.1231097932769347,1.1385655806883792
    713.00, Eocene/Paleocene,     32.45,   46.3713,       275,0.272,2.688,0.392141,           Clst,3,11,7.7,11,11,2.3,11,8,6.4,11,2.6287467532957858,2.6287467532957858,1315.4686210900072,1315.4686210900072,0.9932990656384281,1.019782648169906
    713.25, Eocene/Paleocene,   32.4567,   58.5888,       271,0.247,2.711,0.54486,           Clst,3,11,7.7,11,11,2.3,11,8,6.4,11,2.485660537600119,2.485660537600119,1185.3406432193626,1185.3406432193626,0.9766246838818332,1.0013611571263346
    713.50, Eocene/Paleocene,     32.47,   55.9118,       272,0.2725,2.682,0.511398,           Clst,3,11,7.7,11,11,2.3,11,8,6.4,11,2.4539802154766823,2.4539802154766823,1277.2149374968096,1277.2149374968096,0.9376698453635541,0.9632266653010075
    713.75, Eocene/Paleocene,     32.47,     55.79,       278,0.271,2.681,0.509875,           Clst,3,11,7.7,11,11,2.3,11,8,6.4,11,2.459316864624041,2.459316864624041,1274.1271451255552,1274.1271451255552,0.9415587503281426,0.9668978413322207
    714.00, Eocene/Paleocene,     32.47,   57.8462,       277,0.266,2.628,0.535577,           Clst,3,11,7.7,11,11,2.3,11,8,6.4,11,2.4054854245179,2.4054854245179,1272.9422262578305,1272.9422262578305,0.9404392053642928,0.9614913927455628
    714.25, Eocene/Paleocene,     32.48,      61.3,       272,0.223,2.639,0.57875,           Clst,3,11,7.7,11,11,2.3,11,8,6.4,11,2.456681490813666,2.456681490813666,1137.9085244288815,1137.9085244288815,1.0121916269504312,1.029317345034093
    714.50, Eocene/Paleocene,     32.49,      61.3,       270,0.292,2.688,0.57875,           Clst,3,11,7.7,11,11,2.3,11,8,6.4,11,2.3128416479417773,2.3128416479417773,1303.4183511934502,1303.4183511934502,0.8653565415888419,0.8930367291840113
    714.75, Eocene/Paleocene,     32.49,   68.3679,       267,0.285,2.658,0.667098,           Clst,3,11,7.7,11,11,2.3,11,8,6.4,11,2.1874026664848847,2.1874026664848847,1265.5619116066607,1265.5619116066607,0.8398298512878267,0.8642988351413184
    715.00, Eocene/Paleocene,      32.5,   62.6483,       265,0.248,2.751,0.595604,           Clst,3,11,7.7,11,11,2.3,11,8,6.4,11,2.43307601048441,2.43307601048441,1154.0849927549634,1154.0849927549634,0.9512790804226471,0.978629063691151
    715.25, Eocene/Paleocene,     32.51,   61.8279,       272,0.16399999999999998,2.76,0.585348,           Clst,3,11,7.7,11,11,2.3,11,8,6.4,11,2.6611079606016514,2.6611079606016514,928.6328009274451,928.6328009274451,1.134727396866515,1.153997560647433
    715.50, Eocene/Paleocene,     32.52,   63.5091,       273,0.455,2.749,0.606363,           Clst,3,11,7.7,11,11,2.3,11,8,6.4,11,1.9031062298234884,1.9031062298234884,1706.6712855605947,1706.6712855605947,0.5058511198895785,0.5545684510299433
    715.75, Eocene/Paleocene,     32.53,   50.4012,       265,0.39399999999999996,2.721,0.442515,           Clst,3,11,7.7,11,11,2.3,11,8,6.4,11,2.272623748943797,2.272623748943797,1611.9098689434254,1611.9098689434254,0.7106293425039301,0.7518472238625535
    716.00, Eocene/Paleocene,     32.53,   50.4012,       265,0.36200000000000004,2.679,0.442515,           Clst,3,11,7.7,11,11,2.3,11,8,6.4,11,2.328582233623095,2.328582233623095,1542.8937121907584,1542.8937121907584,0.7787267733962612,0.8137244890013894
    716.25, Eocene/Paleocene,   32.5325,   45.9459,       267,0.43200000000000005,2.665,0.386824,           Clst,3,11,7.7,11,11,2.3,11,8,6.4,11,2.226597858376401,2.226597858376401,1756.007547898429,1756.007547898429,0.6552446669674223,0.6968336637909727
    716.50, Eocene/Paleocene,     32.54,   60.9379,       264,0.5025,2.651,0.574223,           Clst,3,11,7.7,11,11,2.3,11,8,6.4,11,1.776483173303034,1.776483173303034,1884.8404151748289,1884.8404151748289,0.4194744258714447,0.4665524809526511
    716.75, Eocene/Paleocene,     32.55,   71.8073,       264,0.294,2.684,0.710092,           Clst,3,11,7.7,11,11,2.3,11,8,6.4,11,2.1182241624675404,2.1182241624675404,1264.1305814997327,1264.1305814997327,0.8010058478594687,0.8279956073146317
    717.00, Eocene/Paleocene,     32.56,   69.4384,       279,0.311,2.616,0.68048,           Clst,3,11,7.7,11,11,2.3,11,8,6.4,11,2.08038542572676,2.08038542572676,1347.4999338895984,1347.4999338895984,0.7783778491184092,0.8026029560978996
    717.25, Eocene/Paleocene,     32.56,   64.7644,       268,0.364,2.611,0.622055,           Clst,3,11,7.7,11,11,2.3,11,8,6.4,11,2.029493366142136,2.029493366142136,1512.3351390756936,1512.3351390756936,0.6923234252381141,0.722001323820131
    717.50, Eocene/Paleocene,     32.57,   64.7644,       268,0.316,2.703,0.622055,           Clst,3,11,7.7,11,11,2.3,11,8,6.4,11,2.1998744217321127,2.1998744217321127,1346.5545548621192,1346.5545548621192,0.794469571576611,0.82547474330023
    717.75, Eocene/Paleocene,     32.58,   70.0812,       268,0.473,2.685,0.688515,           Clst,3,11,7.7,11,11,2.3,11,8,6.4,11,1.705530130583294,1.705530130583294,1751.7516175673495,1751.7516175673495,0.42995824773531455,0.47575939319412286
    718.00, Eocene/Paleocene,     32.58,   80.7139,       272,0.258,2.647,0.821423,           Clst,3,11,7.7,11,11,2.3,11,8,6.4,11,2.028024287723869,2.028024287723869,1143.1566369321492,1143.1566369321492,0.8266767450068049,0.8468449445893881
    718.25, Eocene/Paleocene,     32.59,   86.9363,       266,0.222,2.648,0.899203,           Clst,3,11,7.7,11,11,2.3,11,8,6.4,11,2.0068943222900004,2.0068943222900004,1018.7374232028619,1018.7374232028619,0.8676986651994916,0.8838174305324832
    718.50, Eocene/Paleocene,      32.6,   75.1344,       264,0.24100000000000002,2.548,0.75168,           Clst,3,11,7.7,11,11,2.3,11,8,6.4,11,2.114507114302266,2.114507114302266,1161.8590221208262,1161.8590221208262,0.8947639221530024,0.9066859320474758
    718.75, Eocene/Paleocene,      32.6,   71.1711,       265,0.203,2.555,0.702138,           Clst,3,11,7.7,11,11,2.3,11,8,6.4,11,2.2833734832237025,2.2833734832237025,1074.5083166608533,1074.5083166608533,0.9982972134723884,1.006978645067441
    719.00, Eocene/Paleocene,     32.61,   71.1711,       267,0.184,2.627,0.702138,           Clst,3,11,7.7,11,11,2.3,11,8,6.4,11,2.3706607700398044,2.3706607700398044,994.5946520445325,994.5946520445325,1.03873006306471,1.0503835197388391
    719.25, Eocene/Paleocene,     32.62,   70.1062,       264,0.171,2.638,0.688827,           Clst,3,11,7.7,11,11,2.3,11,8,6.4,11,2.4280391561464576,2.4280391561464576,959.9739241945105,959.9739241945105,1.0724849983856628,1.083604245907355
    719.50, Eocene/Paleocene,     32.63,   58.6748,       264,0.2045,2.651,0.545935,           Clst,3,11,7.7,11,11,2.3,11,8,6.4,11,2.5560935804738896,2.5560935804738896,1094.994392941786,1094.994392941786,1.0665747256295233,1.0827548630169033
    719.75, Eocene/Paleocene,     32.63,   41.8999,       261,0.475,2.634,0.336248,           Clst,3,11,7.7,11,11,2.3,11,8,6.4,11,2.1748119116030207,2.1748119116030207,1901.6818656352684,1901.6818656352684,0.5868794357364069,0.6310548902217246
    720.00, Eocene/Paleocene,     32.64,   35.8459,       261,0.402,2.596,0.260574,           Clst,3,11,7.7,11,11,2.3,11,8,6.4,11,2.4426961377551524,2.4426961377551524,1747.6725916959638,1747.6725916959638,0.7768508040975319,0.8111709202031947
    720.25, Eocene/Paleocene,     32.65,    35.368,       257,0.451,2.582,0.2546,           Clst,3,11,7.7,11,11,2.3,11,8,6.4,11,2.3218598246894238,2.3218598246894238,1886.9123058444754,1886.9123058444754,0.6753099745432449,0.7137984595203286
    720.50, Eocene/Paleocene,     32.65,    35.368,       265,0.34700000000000003,2.573,0.2546,           Clst,3,11,7.7,11,11,2.3,11,8,6.4,11,2.5748315088829905,2.5748315088829905,1611.3989286029312,1611.3989286029312,0.8966266249433218,0.9236662423564503
    720.75, Eocene/Paleocene,     32.66,   31.7028,       265,0.247,2.567,0.208786,           Clst,3,11,7.7,11,11,2.3,11,8,6.4,11,2.884930239488298,2.884930239488298,1361.5532330846304,1361.5532330846304,1.1303929685512346,1.1468240767183429
    721.00, Eocene/Paleocene,     32.67,   27.1565,       264,0.3875,2.552,0.151956,           Clst,3,11,7.7,11,11,2.3,11,8,6.4,11,2.6091254085261,2.6091254085261,1764.686664084626,1764.686664084626,0.8574048510918192,0.8877054107301252
    721.25, Eocene/Paleocene,     32.68,    27.692,       265,0.287,2.552,0.15865,           Clst,3,11,7.7,11,11,2.3,11,8,6.4,11,2.8488816413779694,2.8488816413779694,1492.5943321848993,1492.5943321848993,1.0682105525745405,1.0880137552763272
    721.50, Eocene/Paleocene,     32.68,   28.2129,       263,0.3375,2.54,0.165161,           Clst,3,11,7.7,11,11,2.3,11,8,6.4,11,2.707623579770843,2.707623579770843,1630.6590693180374,1630.6590693180374,0.9577652323913588,0.9819712390554206
    721.75, Eocene/Paleocene,     32.69,   28.4678,       272,0.29,2.574,0.168348,           Clst,3,11,7.7,11,11,2.3,11,8,6.4,11,2.8398699022248257,2.8398699022248257,1488.3938237121552,1488.3938237121552,1.0573891670351678,1.0789714052938861
    722.00, Eocene/Paleocene,      32.7,   28.4678,       274,0.42700000000000005,2.569,0.168348,           Clst,3,11,7.7,11,11,2.3,11,8,6.4,11,2.497227912842977,2.497227912842977,1858.0998997462402,1858.0998997462402,0.7658470410273741,0.8013519881604438
    722.25, Eocene/Paleocene,     32.71,   35.4526,       270,0.299,2.605,0.255657,           Clst,3,11,7.7,11,11,2.3,11,8,6.4,11,2.710242289490618,2.710242289490618,1469.3452720505616,1469.3452720505616,0.9982891483984789,1.0225255275872707
    722.50, Eocene/Paleocene,     32.71,   48.4798,       276,0.309,2.643,0.418498,           Clst,3,11,7.7,11,11,2.3,11,8,6.4,11,2.4742535552167455,2.4742535552167455,1423.5646374781215,1423.5646374781215,0.902501952005321,0.9296192578486071
    722.75, Eocene/Paleocene,   32.7125,   65.2601,       278,0.233,2.669,0.628252,           Clst,3,11,7.7,11,11,2.3,11,8,6.4,11,2.3779661695082317,2.3779661695082317,1135.2622092734507,1135.2622092734507,0.9682618893792746,0.988256648281614
    723.00, Eocene/Paleocene,     32.72,   73.8481,       277,0.40700000000000003,2.733,0.735601,           Clst,3,11,7.7,11,11,2.3,11,8,6.4,11,1.8288328925135058,1.8288328925135058,1538.7481686390272,1538.7481686390272,0.5488653322667929,0.5908703756695894
    723.25, Eocene/Paleocene,     32.73,   73.7203,       271,0.16699999999999998,2.737,0.734004,           Clst,3,11,7.7,11,11,2.3,11,8,6.4,11,2.428706397334769,2.428706397334769,893.5619170168717,893.5619170168717,1.0603267600280515,1.077622010875571
    723.50, Eocene/Paleocene,     32.74,   73.7203,       271,0.2925,2.732,0.734004,           Clst,3,11,7.7,11,11,2.3,11,8,6.4,11,2.114592256065956,2.114592256065956,1232.4028486921907,1232.4028486921907,0.7932571482471895,0.8232775550578093
    723.75, Eocene/Paleocene,     32.74,   68.3223,       272,0.287,2.736,0.666529,           Clst,3,11,7.7,11,11,2.3,11,8,6.4,11,2.2267537795888885,2.2267537795888885,1239.8011786510515,1239.8011786510515,0.8358341037876335,0.8658771995451597
    724.00, Eocene/Paleocene,     32.75,   50.2749,       273,0.2955,2.771,0.440936,           Clst,3,11,7.7,11,11,2.3,11,8,6.4,11,2.5471091509369144,2.5471091509369144,1328.0166713299018,1328.0166713299018,0.9209642072653133,0.9553701955865546
    724.25, Eocene/Paleocene,     32.76,   33.5952,       276,0.35700000000000004,2.731,0.232439,          Sltst,3,11,7.7,11,11,2.3,11,8,6.4,11,2.669764905791124,2.669764905791124,1582.5825827975004,1582.5825827975004,0.8854857867939094,0.9245357804191071
    724.50, Eocene/Paleocene,     32.77,   27.9054,       272,0.315,2.624,0.161317,            Sst,3,11,7.7,11,11,2.3,11,8,6.4,11,2.8157710383881565,2.8157710383881565,1537.885780425269,1537.885780425269,1.0074050335334692,1.0350619439912028
    724.75, Eocene/Paleocene,     32.78,   28.8735,       279,0.5539999999999999,2.543,0.173419,            Sst,3,11,7.7,11,11,2.3,11,8,6.4,11,2.160444742897504,2.160444742897504,2207.6153064094196,2207.6153064094196,0.49326516194503656,0.5401834661137679
    725.00, Eocene/Paleocene,     32.78,   28.8735,       272,0.46299999999999997,2.564,0.173419,            Sst,3,11,7.7,11,11,2.3,11,8,6.4,11,2.3978985221313165,2.3978985221313165,1954.94334596941,1954.94334596941,0.6869172310451037,0.7258031692641618
    725.25, Eocene/Paleocene,     32.79,   35.1648,       271,0.419,2.562,0.25206,            Sst,3,11,7.7,11,11,2.3,11,8,6.4,11,2.3937122706646408,2.3937122706646408,1809.9544213697702,1809.9544213697702,0.7445695644929871,0.778362625182217
    725.50, Eocene/Paleocene,      32.8,   54.6986,       270,0.361,2.58,0.496233,            Sst,3,11,7.7,11,11,2.3,11,8,6.4,11,2.1991950205403192,2.1991950205403192,1561.0525738251774,1561.0525738251774,0.756276526676216,0.7841079699765323
    725.75, Eocene/Paleocene,     32.81,   69.7496,       270,0.271,2.627,0.68437,            Sst,3,11,7.7,11,11,2.3,11,8,6.4,11,2.180196372726394,2.180196372726394,1234.3545533703898,1234.3545533703898,0.8617197957128282,0.8825173702098899
    726.00, Eocene/Paleocene,   32.8125,    75.961,       283,0.325,2.729,0.762013,            Sst,3,11,7.7,11,11,2.3,11,8,6.4,11,1.9923280748756802,1.9923280748756802,1310.9698580855002,1310.9698580855002,0.7112803749030634,0.7443458976038462
    726.25, Eocene/Paleocene,     32.82,   79.0777,       284,0.249,2.734,0.800971,            Sst,3,11,7.7,11,11,2.3,11,8,6.4,11,2.128055282818595,2.128055282818595,1091.261172780517,1091.261172780517,0.8551868155721101,0.8804968781046328
    726.50, Eocene/Paleocene,     32.83,   79.0777,       278,0.24350000000000002,2.727,0.800971,            Sst,3,11,7.7,11,11,2.3,11,8,6.4,11,2.1377951440059135,2.1377951440059135,1079.31115905567,1079.31115905567,0.8668910615067296,0.8911470739077095
    726.75, Eocene/Paleocene,     32.84,   76.9344,       277,0.295,2.739,0.774179,            Sst,3,11,7.7,11,11,2.3,11,8,6.4,11,2.054964628198402,2.054964628198402,1222.150354367174,1222.150354367174,0.7695552490053879,0.8001265335525156
    727.00, Eocene/Paleocene,     32.84,   72.1578,       278,0.1825,2.739,0.714473,            Sst,3,11,7.7,11,11,2.3,11,8,6.4,11,2.4192419975053205,2.4192419975053205,941.2388071761922,941.2388071761922,1.03627833802237,1.0554179394890177
    727.25, Eocene/Paleocene,     32.85,   60.2706,       279,0.361,2.731,0.565882,            Sst,3,11,7.7,11,11,2.3,11,8,6.4,11,2.1840182762169396,2.1840182762169396,1475.8705618792342,1475.8705618792342,0.7244091187275525,0.7622923291173275
    727.50, Eocene/Paleocene,     32.86,    43.459,       279,0.308,2.72,0.355738,            Sst,3,11,7.7,11,11,2.3,11,8,6.4,11,2.6092357115545814,2.6092357115545814,1412.0591488125003,1412.0591488125003,0.933345391383345,0.9659509540546841
    727.75, Eocene/Paleocene,     32.86,   31.6319,       279,0.31,2.705,0.355738,            Sst,3,11,7.7,11,11,2.3,11,8,6.4,11,2.595908863255258,2.595908863255258,1423.4518079812556,1423.4518079812556,0.9290893019525743,0.9608717616207405
    728.00, Eocene/Paleocene,     32.87,   31.6319,       280,0.40149999999999997,2.608,0.207898,            Sst,3,11,7.7,11,11,2.3,11,8,6.4,11,2.5257976344175526,2.5257976344175526,1760.0647070941018,1760.0647070941018,0.8020163581513554,0.8373596323339182
    728.25, Eocene/Paleocene,     32.88,    23.547,       277,0.434,2.607,0.106838,          Sltst,3,11,7.7,11,11,2.3,11,8,6.4,11,2.5888305999880865,2.5888305999880865,1883.2900324804252,1883.2900324804252,0.7790941940123297,0.8182329727554473
    728.50, Eocene/Paleocene,     32.89,   20.2518,       278,0.539,2.589,0.0656473,          Sltst,3,11,7.7,11,11,2.3,11,8,6.4,11,2.377099583376243,2.377099583376243,2186.840478191215,2186.840478191215,0.5744960127102894,0.6235269127643379
    728.75, Eocene/Paleocene,     32.89,   20.7957,       262,0.4,2.561,0.0724461,          Sltst,3,11,7.7,11,11,2.3,11,8,6.4,11,2.6965969714812794,2.6965969714812794,1822.6264056315702,1822.6264056315702,0.8671834852356548,0.8997821021038089
    729.00, Eocene/Paleocene,      32.9,   21.9584,       264,0.263,2.551,0.0869801,          Sltst,3,11,7.7,11,11,2.3,11,8,6.4,11,3.0101334272506515,3.0101334272506515,1453.8258661822017,1453.8258661822017,1.1520756822117915,1.1696512037703473
    729.25, Eocene/Paleocene,     32.91,   31.5164,       266,0.38299999999999995,2.529,0.0869801,          Sltst,3,11,7.7,11,11,2.3,11,8,6.4,11,2.70018215822909,2.70018215822909,1784.7333227832912,1784.7333227832912,0.8967103163655491,0.925269361705866
    729.50, Eocene/Paleocene,    32.915,   31.5164,       266,0.484,2.595,0.206455,          Sltst,3,11,7.7,11,11,2.3,11,8,6.4,11,2.3159504113121883,2.3159504113121883,1987.2183330194296,1987.2183330194296,0.6271129035886951,0.6701603135094134
    729.75, Eocene/Paleocene,     32.92,   50.1548,       285,0.508,2.626,0.439435,          Sltst,3,11,7.7,11,11,2.3,11,8,6.4,11,1.941239722151649,1.941239722151649,1957.1193641599111,1957.1193641599111,0.4694414771928441,0.5160133482515097
    730.00, Eocene/Paleocene,     32.93,   65.6735,       282,0.24050000000000002,2.746,0.633419,          Sltst,3,11,7.7,11,11,2.3,11,8,6.4,11,2.3949305455638483,2.3949305455638483,1122.6443452441802,1122.6443452441802,0.9499374296636318,0.9759830480939441
    730.25, Eocene/Paleocene,     32.94,   62.0218,       269,0.315,2.715,0.587772,          Sltst,3,11,7.7,11,11,2.3,11,8,6.4,11,2.2579694078642163,2.2579694078642163,1351.1261909697891,1351.1261909697891,0.8122835607664904,0.8441724855824551
    730.50, Eocene/Paleocene,   32.9433,    52.367,       263,0.1955,2.716,0.467087,          Sltst,3,11,7.7,11,11,2.3,11,8,6.4,11,2.7271864212860497,2.7271864212860497,1072.503978481007,1072.503978481007,1.121803473484813,1.1418900813408461
    730.75, Eocene/Paleocene,     32.95,     49.97,       264,0.384,2.704,0.467087,          Sltst,3,11,7.7,11,11,2.3,11,8,6.4,11,2.252885393748647,2.252885393748647,1583.2437997858672,1583.2437997858672,0.7206670446346739,0.7595580082718892
    731.00, Eocene/Paleocene,     32.96,     49.97,       266,0.28800000000000003,2.671,0.437125,          Sltst,3,11,7.7,11,11,2.3,11,8,6.4,11,2.5153826853147128,2.5153826853147128,1349.3949540542387,1349.3949540542387,0.9386682387597555,0.9654354899973672
    731.25, Eocene/Paleocene,     32.97,   46.4678,       272,0.273,2.663,0.393347,            Sst,3,11,7.7,11,11,2.3,11,8,6.4,11,2.6106026338289237,2.6106026338289237,1327.769107204682,1327.769107204682,0.9906192241422407,1.01548226000505
    731.50, Eocene/Paleocene,     32.98,   50.3465,       270,0.3975,2.731,0.441831,          Sltst,3,11,7.7,11,11,2.3,11,8,6.4,11,2.270494418843232,2.270494418843232,1617.5279933446584,1617.5279933446584,0.7034941453682972,0.7457673293128906
    731.75, Eocene/Paleocene,   32.9833,    52.664,       270,0.271,2.74,0.4708,          Sltst,3,11,7.7,11,11,2.3,11,8,6.4,11,2.5479812109472793,2.5479812109472793,1264.1928483316842,1264.1928483316842,0.9594372405518936,0.9890186096888225
    732.00, Eocene/Paleocene,     32.99,   51.4042,       269,0.33049999999999996,2.745,0.455053,          Sltst,3,11,7.7,11,11,2.3,11,8,6.4,11,2.425640103852882,2.425640103852882,1427.4246750835373,1427.4246750835373,0.840023508599476,0.8762194765684257
    732.25, Eocene/Paleocene,        33,   55.9393,       269,0.344,2.733,0.455053,          Sltst,3,11,7.7,11,11,2.3,11,8,6.4,11,2.3854585041225427,2.3854585041225427,1468.4775170158732,1468.4775170158732,0.8112949049417738,0.8480715974337404
    732.50, Eocene/Paleocene,     33.01,   55.9393,       271,0.245,2.713,0.511742,          Sltst,3,11,7.7,11,11,2.3,11,8,6.4,11,2.538996759655526,2.538996759655526,1190.834547591724,1190.834547591724,0.9960336802666713,1.0208566576227471
    732.75, Eocene/Paleocene,     33.02,   62.2716,       267,0.165,2.684,0.590895,          Sltst,3,11,7.7,11,11,2.3,11,8,6.4,11,2.608326580922279,2.608326580922279,959.8886155068195,959.8886155068195,1.1300613614852013,1.1441836973047552
    733.00, Eocene/Paleocene,     33.03,    62.248,       266,0.2395,2.651,0.5906,          Sltst,3,11,7.7,11,11,2.3,11,8,6.4,11,2.4055326409501,2.4055326409501,1173.199557036437,1173.199557036437,0.9716570053551091,0.9912697813548581
    733.25, Eocene/Paleocene,     33.03,   55.2157,       264,0.192,2.669,0.502696,          Sltst,3,11,7.7,11,11,2.3,11,8,6.4,11,2.658842839926504,2.658842839926504,1069.445509083894,1069.445509083894,1.1129589835810472,1.1292803971206349
    733.50, Eocene/Paleocene,     33.04,   50.1578,       277,0.282,2.721,0.439473,          Sltst,3,11,7.7,11,11,2.3,11,8,6.4,11,2.55480112348035,2.55480112348035,1312.3816775524724,1312.3816775524724,0.9503621962383667,0.9799313982486242
    733.75, Eocene/Paleocene,     33.05,   34.1496,       292,0.29,2.681,0.439473,          Sltst,3,11,7.7,11,11,2.3,11,8,6.4,11,2.51264770816319,2.51264770816319,1349.9192369262585,1349.9192369262585,0.9333378385152838,0.9609897926124431
    734.00, Eocene/Paleocene,   33.0525,   34.1496,       292,0.3925,2.613,0.23937,          Sltst,3,11,7.7,11,11,2.3,11,8,6.4,11,2.506001657157895,2.506001657157895,1722.8158102203724,1722.8158102203724,0.8067689693083931,0.8413693773002875
    734.25, Eocene/Paleocene,     33.06,   25.2811,       287,0.557,2.589,0.128513,            Sst,3,11,7.7,11,11,2.3,11,8,6.4,11,2.2427378061843233,2.2427378061843233,2213.0081239618753,2213.0081239618753,0.5074274508823802,0.5580342695930285
    734.50, Eocene/Paleocene,     33.07,   24.7334,       294,0.41350000000000003,2.586,0.121668,            Sst,3,11,7.7,11,11,2.3,11,8,6.4,11,2.6068104704702764,2.6068104704702764,1831.480758252025,1831.480758252025,0.8159337489370199,0.851423418253172
    734.75, Eocene/Paleocene,     33.07,    28.032,       286,0.439,2.556,0.1629,            Sst,3,11,7.7,11,11,2.3,11,8,6.4,11,2.4679839459564556,2.4679839459564556,1897.4474414093238,1897.4474414093238,0.7428031983580154,0.7786897785817702
    735.00, Eocene/Paleocene,     33.08,   25.1156,       301,0.325,2.536,0.126446,            Sst,3,11,7.7,11,11,2.3,11,8,6.4,11,2.7916477055316733,2.7916477055316733,1612.3530942445086,1612.3530942445086,1.0020795661004707,1.0248926866098067
    735.25, Eocene/Paleocene,     33.09,   29.2878,       305,0.342,2.526,0.126446,            Sst,3,11,7.7,11,11,2.3,11,8,6.4,11,2.7438991150332064,2.7438991150332064,1661.9963680341716,1661.9963680341716,0.9659028059389196,0.9897986400063955
    735.50, Eocene/Paleocene,      33.1,   29.2878,       301,0.4165,2.535,0.178598,            Sst,3,11,7.7,11,11,2.3,11,8,6.4,11,2.489686543404678,2.489686543404678,1839.964582702862,1839.964582702862,0.7835016954450382,0.8155267745522408
    735.75, Eocene/Paleocene,     33.09,   38.0411,       299,0.313,2.534,0.288013,            Sst,3,11,7.7,11,11,2.3,11,8,6.4,11,2.5897440301017434,2.5897440301017434,1524.040988717231,1524.040988717231,0.9536922631462399,0.9743510607958201
    736.00, Eocene/Paleocene,     33.11,   50.8549,       299,0.326,2.597,0.448186,            Sst,3,11,7.7,11,11,2.3,11,8,6.4,11,2.3640629627555776,2.3640629627555776,1477.2105267095644,1477.2105267095644,0.8527416571601432,0.8783254104482935
    736.25, Eocene/Paleocene,     33.12,   54.5283,       299,0.248,2.676,0.494103,            Sst,3,11,7.7,11,11,2.3,11,8,6.4,11,2.5360907453254415,2.5360907453254415,1219.9604545060142,1219.9604545060142,0.9977201459684165,1.0203952320146383
    736.50, Eocene/Paleocene,     33.12,   47.1461,       301,0.3035,2.673,0.401827,            Sst,3,11,7.7,11,11,2.3,11,8,6.4,11,2.5284178294195487,2.5284178294195487,1402.6254118498052,1402.6254118498052,0.9218338962258048,0.9505203662300494
    736.75, Eocene/Paleocene,     33.13,   36.5865,       301,0.6559999999999999,2.638,0.401827,            Sst,3,11,7.7,11,11,2.3,11,8,6.4,11,1.6344578064036592,1.6344578064036592,2362.7670698630513,2362.7670698630513,0.1716981340524677,0.23468566698815763
    737.00, Eocene/Paleocene,     33.13,   36.5865,       304,0.23600000000000002,2.622,0.269831,            Sst,3,11,7.7,11,11,2.3,11,8,6.4,11,2.855779835294534,2.855779835294534,1288.4373742025614,1288.4373742025614,1.125870751893055,1.1446482093798565
    737.25, Eocene/Paleocene,     33.14,   33.6031,       267,0.314,2.594,0.232538,            Sst,3,11,7.7,11,11,2.3,11,8,6.4,11,2.699888229211172,2.699888229211172,1522.1654911637152,1522.1654911637152,0.976946412804817,1.0020982557176996
    737.50,         Triletes,     33.15,   37.2121,       272,0.4285,2.569,0.277652,          Sltst,3,11,7.7,11,11,2.3,11,8,6.4,11,2.337529838995749,2.337529838995749,1823.6259367479336,1823.6259367479336,0.7126437008790085,0.7477858305876126
    737.75,         Triletes,   33.1575,   50.1627,       268,0.456,2.539,0.439534,          Sltst,3,11,7.7,11,11,2.3,11,8,6.4,11,2.021574132273535,2.021574132273535,1852.4642489053078,1852.4642489053078,0.5800545056422197,0.6152289209157038
    738.00,         Triletes,   33.1675,    63.062,       271,0.40299999999999997,2.559,0.600775,          Sltst,3,11,7.7,11,11,2.3,11,8,6.4,11,1.9341130154631392,1.9341130154631392,1645.3896349892857,1645.3896349892857,0.6190661950159209,0.6493309794539808
    738.25,         Triletes,     33.17,   72.2324,       297,0.191,2.574,0.600775,          Sltst,3,11,7.7,11,11,2.3,11,8,6.4,11,2.4683831771309386,2.4683831771309386,1070.3726005735016,1070.3726005735016,1.0702116746776158,1.0794312046090502
    738.50,         Triletes,     33.17,   72.2324,       329,0.22149999999999997,2.551,0.715405,          Sltst,3,11,7.7,11,11,2.3,11,8,6.4,11,2.21631802402722,2.21631802402722,1121.0945562363563,1121.0945562363563,0.952858164106,0.9631280639149802
    738.75,         Triletes,     33.18,    69.304,       297,0.287,2.611,0.6788,          Sltst,3,11,7.7,11,11,2.3,11,8,6.4,11,2.139530673649716,2.139530673649716,1285.6857307433468,1285.6857307433468,0.8302195944201185,0.8516096468417353
    739.00,         Triletes,     33.19,   64.7115,       300,0.2725,2.635,0.621393,          Sltst,3,11,7.7,11,11,2.3,11,8,6.4,11,2.27080525874704,2.27080525874704,1257.3494287063745,1257.3494287063745,0.8873424101194982,0.9091452932949362
    739.25,         Triletes,     33.19,   60.9363,       297,0.268,2.569,0.574203,          Sltst,3,11,7.7,11,11,2.3,11,8,6.4,11,2.3125004373002684,2.3125004373002684,1288.4025242964535,1288.4025242964535,0.91851006248803,0.9355303738431222
    739.50,         Triletes,    33.205,   68.5803,       305,0.252,2.55,0.669753,          Sltst,3,11,7.7,11,11,2.3,11,8,6.4,11,2.205245015721784,2.205245015721784,1219.4358209043137,1219.4358209043137,0.9088405504004939,0.922434584913074
    739.75,         Triletes,     33.21,   66.9344,       298,0.23399999999999999,2.636,0.669753,          Sltst,3,11,7.7,11,11,2.3,11,8,6.4,11,2.2978594046093677,2.2978594046093677,1136.5829277735425,1136.5829277735425,0.9471453552774303,0.9647781647745628
    740.00,         Triletes,     33.22,   66.9344,       300,0.248,2.496,0.64918,          Sltst,3,11,7.7,11,11,2.3,11,8,6.4,11,2.2144097218066103,2.2144097218066103,1237.6357992102048,1237.6357992102048,0.9267657600841268,0.9363280003806782
    740.25,         Triletes,     33.22,   61.7455,       302,0.26,2.417,0.584319,          Sltst,3,11,7.7,11,11,2.3,11,8,6.4,11,2.233140110554555,2.233140110554555,1324.4193757778753,1324.4193757778753,0.9309059158706531,0.9365938648883423
    740.50,         Triletes,     33.23,        55,       302,0.36450000000000005,2.396,0.5,          Sltst,3,11,7.7,11,11,2.3,11,8,6.4,11,2.082520518140572,2.082520518140572,1643.0237843933571,1643.0237843933571,0.7471048059324985,0.7626313248891294
    740.75,         Triletes,     33.24,   58.1704,       301,0.366,2.388,0.539629,          Sltst,3,11,7.7,11,11,2.3,11,8,6.4,11,2.0177872325172803,2.0177872325172803,1636.3044885466275,1636.3044885466275,0.7257807698491321,0.7407252510625337
    741.00,         Triletes,     33.25,   55.1568,       300,0.3675,2.395,0.50196,          Sltst,3,11,7.7,11,11,2.3,11,8,6.4,11,2.07172384757004,2.07172384757004,1650.786849564879,1650.786849564879,0.7398238876318051,0.7555847466112372
    741.25,         Triletes,     33.26,   58.3527,       299,0.45,2.401,0.50196,          Sltst,3,11,7.7,11,11,2.3,11,8,6.4,11,1.8704137392536067,1.8704137392536067,1869.8007880786986,1869.8007880786986,0.5642601986125133,0.5890247472721013
    741.50,         Triletes,     33.26,   58.3527,       298,0.21600000000000003,2.413,0.541909,          Sltst,3,11,7.7,11,11,2.3,11,8,6.4,11,2.400578506507514,2.400578506507514,1222.8712242432537,1222.8712242432537,1.0439442792628812,1.0449766338665993
    741.75,         Triletes,     33.27,   67.1903,       299,0.41200000000000003,2.443,0.652379,          Sltst,3,11,7.7,11,11,2.3,11,8,6.4,11,1.7734547794200335,1.7734547794200335,1697.9604767789012,1697.9604767789012,0.5763027469087016,0.5992837580492252
    742.00,         Triletes,     33.28,   69.6076,       299,0.40399999999999997,2.461,0.682595,          Sltst,3,11,7.7,11,11,2.3,11,8,6.4,11,1.7602205201207175,1.7602205201207175,1658.616402728424,1658.616402728424,0.5795019872779557,0.6027440879286411
    742.25,         Triletes,     33.28,   71.6825,       298,0.16399999999999998,2.478,0.708531,          Sltst,3,11,7.7,11,11,2.3,11,8,6.4,11,2.328054458560348,2.328054458560348,998.5107769637966,998.5107769637966,1.0783658853826428,1.0776613122278225
    742.50,         Triletes,     33.29,   70.3466,       298,0.254,2.478,0.691832,          Sltst,3,11,7.7,11,11,2.3,11,8,6.4,11,2.128622548544564,2.128622548544564,1245.9459241089507,1245.9459241089507,0.894482370486033,0.9032292442133734
    742.75,         Triletes,      33.3,   79.5553,       296,0.353,2.477,0.691832,          Sltst,3,11,7.7,11,11,2.3,11,8,6.4,11,1.8824772876339897,1.8824772876339897,1512.0562120190407,1512.0562120190407,0.6838059436628829,0.7027934277255771
    743.00,         Triletes,     33.31,   79.5553,       295,0.32,2.454,0.806942,          Sltst,3,11,7.7,11,11,2.3,11,8,6.4,11,1.787250508699604,1.787250508699604,1392.1798232117553,1392.1798232117553,0.7013636519089625,0.714786651842586
    743.25,         Triletes,     33.32,   78.3111,       292,0.307,2.435,0.791389,          Sltst,3,11,7.7,11,11,2.3,11,8,6.4,11,1.8310972669535641,1.8310972669535641,1370.3984048913412,1370.3984048913412,0.7361443984924014,0.7469810890547313
    743.50,         Triletes,     33.33,    69.926,       266,0.354,2.461,0.686575,          Sltst,3,11,7.7,11,11,2.3,11,8,6.4,11,1.8785751735329872,1.8785751735329872,1523.0182583049082,1523.0182583049082,0.6840832021619891,0.7020996523611486
    743.75,         Triletes,     33.33,   61.1851,       258,0.281,2.501,0.577314,          Sltst,3,11,7.7,11,11,2.3,11,8,6.4,11,2.237888636834951,2.237888636834951,1349.5102407837662,1349.5102407837662,0.8894220651141602,0.9031058016985234
    744.00,         Triletes,     33.34,   59.5453,       273,0.2815,2.476,0.556816,          Sltst,3,11,7.7,11,11,2.3,11,8,6.4,11,2.2519565146790423,2.2519565146790423,1368.1135051401964,1368.1135051401964,0.89773675785836,0.9098509397014353
    744.25,         Triletes,     33.35,   61.9592,       298,0.237,2.456,0.556816,          Sltst,3,11,7.7,11,11,2.3,11,8,6.4,11,2.351192905584134,2.351192905584134,1256.7118934009895,1256.7118934009895,0.9924347476930082,0.9985397563451286
    744.50,         Triletes,     33.36,   61.9592,       296,0.2695,2.464,0.586991,          Sltst,3,11,7.7,11,11,2.3,11,8,6.4,11,2.231972525428816,2.231972525428816,1330.0977859746868,1330.0977859746868,0.909466936349531,0.9193631160950592
    744.75,         Triletes,     33.37,   65.4304,       289,0.214,2.479,0.63038,            Sst,3,11,7.7,11,11,2.3,11,8,6.4,11,2.316099685379674,2.316099685379674,1159.8323176362892,1159.8323176362892,1.0077210876038127,1.012663117268531
    745.00,         Triletes,     33.38,   66.4533,       281,0.2865,2.561,0.643166,            Sst,3,11,7.7,11,11,2.3,11,8,6.4,11,2.1637358671244566,2.1637358671244566,1316.9777283479716,1316.9777283479716,0.8475877017588256,0.8656569811810162
    745.25,         Triletes,     33.39,    66.225,       281,0.315,2.565,0.640313,            Sst,3,11,7.7,11,11,2.3,11,8,6.4,11,2.09933845035032,2.09933845035032,1392.8678968357299,1392.8678968357299,0.7882437973667182,0.8095695053357792
    745.50,         Triletes,   33.3975,   60.1157,       277,0.215,2.511,0.563947,            Sst,3,11,7.7,11,11,2.3,11,8,6.4,11,2.4262654057360997,2.4262654057360997,1173.0628349169206,1173.0628349169206,1.035988992754952,1.0435508709974115
    745.75,         Triletes,      33.4,   62.3464,       283,0.33899999999999997,2.409,0.59183,          Sltst,3,11,7.7,11,11,2.3,11,8,6.4,11,2.021986392636361,2.021986392636361,1537.0171496614432,1537.0171496614432,0.7593537783630007,0.7726826642741612
    746.00,         Triletes,    33.415,   62.3464,       273,0.214,2.318,0.59183,          Sltst,3,11,7.7,11,11,2.3,11,8,6.4,11,2.281321098858231,2.281321098858231,1238.0769518302604,1238.0769518302604,1.0253593677861699,1.0194143775740647
    746.25,         Triletes,     33.42,   57.4002,       307,0.293,2.387,0.530002,          Sltst,3,11,7.7,11,11,2.3,11,8,6.4,11,2.2120571024100766,2.2120571024100766,1444.1704659666782,1444.1704659666782,0.8855327999170242,0.8928523782378393
    746.50,         Triletes,     33.43,   60.6762,       287,0.23800000000000002,2.564,0.570952,          Sltst,3,11,7.7,11,11,2.3,11,8,6.4,11,2.388771600371694,2.388771600371694,1211.0381166398033,1211.0381166398033,0.9838388760344892,0.9974067823659677
    746.75,         Triletes,     33.44,   68.5488,       272,0.32,2.58,0.66936,          Sltst,3,11,7.7,11,11,2.3,11,8,6.4,11,2.0538503881791352,2.0538503881791352,1390.0315708324854,1390.0315708324854,0.7643133241281332,0.7870531533461553
    747.00,         Triletes,     33.45,   66.1603,       273,0.29100000000000004,2.641,0.639504,          Sltst,3,11,7.7,11,11,2.3,11,8,6.4,11,2.202414389757975,2.202414389757975,1298.2129406523813,1298.2129406523813,0.8396870227711813,0.8637429549224311
    747.25,         Triletes,     33.46,   61.6027,       272,0.19399999999999998,2.671,0.582534,          Sltst,3,11,7.7,11,11,2.3,11,8,6.4,11,2.5410678699315694,2.5410678699315694,1045.8889303963706,1045.8889303963706,1.072173581226826,1.0884616778572407
    747.50,         Triletes,     33.47,   61.6027,       271,0.2975,2.806,0.582534,          Sltst,3,11,7.7,11,11,2.3,11,8,6.4,11,2.359606587605145,2.359606587605145,1269.4519578419258,1269.4519578419258,0.8519209531844418,0.8882693836883662
    747.75,         Triletes,     33.48,   58.0771,       278,0.37200000000000005,2.851,0.538463,          Sltst,3,11,7.7,11,11,2.3,11,8,6.4,11,2.26278161035814,2.26278161035814,1466.8529996183172,1466.8529996183172,0.7135459966201823,0.7609558735973473
    748.00,         Triletes,     33.49,   57.0911,       273,0.456,2.911,0.526138,          Sltst,3,11,7.7,11,11,2.3,11,8,6.4,11,2.1054540209591357,2.1054540209591357,1672.5447191273533,1672.5447191273533,0.540429457213871,0.6007706936212148
    748.25,         Triletes,      33.5,   57.6789,       274,0.392,2.929,0.533486,            Sst,3,11,7.7,11,11,2.3,11,8,6.4,11,2.263770665225753,2.263770665225753,1490.9555452798559,1490.9555452798559,0.6732622935048902,0.7281416440118502
    748.50,         Triletes,     33.51,   62.0008,       271,0.3815,2.931,0.58751,            Sst,3,11,7.7,11,11,2.3,11,8,6.4,11,2.2138408609834688,2.2138408609834688,1442.942291827237,1442.942291827237,0.6708884634425933,0.7245553844951362
    748.75,         Triletes,     33.51,   63.7574,       273,0.45,2.907,0.609467,            Sst,3,11,7.7,11,11,2.3,11,8,6.4,11,1.999196652422193,1.999196652422193,1628.6970333994993,1628.6970333994993,0.515071130193197,0.574116843483391
    749.00,         Triletes,     33.52,   63.7574,       298,0.29600000000000004,2.853,0.609467,            Sst,3,11,7.7,11,11,2.3,11,8,6.4,11,2.3511060086160507,2.3511060086160507,1237.061800265013,1237.061800265013,0.8427900163625415,0.8820859910766491
    749.25,         Triletes,     33.53,   65.2574,       304,0.353,2.814,0.628217,            Sst,3,11,7.7,11,11,2.3,11,8,6.4,11,2.1612005608633273,2.1612005608633273,1399.1057983642759,1399.1057983642759,0.7129125375357916,0.7553736066457697
    749.50,         Triletes,   33.5325,   62.8393,       306,0.19649999999999998,2.798,0.597991,            Sst,3,11,7.7,11,11,2.3,11,8,6.4,11,2.583636750111453,2.583636750111453,996.144326347328,996.144326347328,1.0597812282767882,1.0849885583879675
    749.75,         Triletes,     33.54,   62.7397,       305,0.24,2.768,0.596746,            Sst,3,11,7.7,11,11,2.3,11,8,6.4,11,2.4607727147091354,2.4607727147091354,1125.3832287156906,1125.3832287156906,0.9677809241128311,0.995461293898069
    750.00,         Triletes,     33.55,   62.5803,       304,0.305,2.778,0.594753,            Sst,3,11,7.7,11,11,2.3,11,8,6.4,11,2.3079493601652423,2.3079493601652423,1296.5238428152693,1296.5238428152693,0.8303699006842081,0.8655160934206669
    750.25,         Triletes,     33.56,   64.3488,       306,0.193,2.732,0.61686,            Sst,3,11,7.7,11,11,2.3,11,8,6.4,11,2.5285849068559005,2.5285849068559005,1006.6135651730165,1006.6135651730165,1.05859600712147,1.0788112253699906
    750.50,         Triletes,     33.56,   64.3488,       310,0.29600000000000004,2.563,0.61686,            Sst,3,11,7.7,11,11,2.3,11,8,6.4,11,2.1788235019737643,2.1788235019737643,1350.93740479914,1350.93740479914,0.8394074014367784,0.8587283917271165
    750.75,         Triletes,     33.57,    63.321,       310,0.244,2.401,0.604012,            Sst,3,11,7.7,11,11,2.3,11,8,6.4,11,2.235805892731279,2.235805892731279,1280.966616110697,1280.966616110697,0.9559442382783971,0.9587723850472811
    751.00,         Triletes,     33.57,   65.1314,       307,0.162,2.42,0.626642,            Sst,3,11,7.7,11,11,2.3,11,8,6.4,11,2.4175250720352257,2.4175250720352257,1045.2823902606913,1045.2823902606913,1.1200897082985763,1.115577731558691
    751.25,         Triletes,     33.58,   66.6639,       312,0.171,2.449,0.645799,          Sltst,3,11,7.7,11,11,2.3,11,8,6.4,11,2.384035116514547,2.384035116514547,1051.0421404019983,1051.0421404019983,1.0921721558353763,1.0905004171114325
    751.50,         Triletes,     33.58,   62.7576,       309,0.318,2.509,0.596969,          Sltst,3,11,7.7,11,11,2.3,11,8,6.4,11,2.1225172489876045,2.1225172489876045,1438.679229601981,1438.679229601981,0.801691404238048,0.819684872827948
    751.75,         Triletes,     33.59,   59.6474,       317,0.302,2.477,0.558093,          Sltst,3,11,7.7,11,11,2.3,11,8,6.4,11,2.1998379416291116,2.1998379416291116,1422.2825317559598,1422.2825317559598,0.8535275588637029,0.867839203427957
    752.00,         Triletes,      33.6,   59.6474,       311,0.29100000000000004,2.423,0.558093,          Sltst,3,11,7.7,11,11,2.3,11,8,6.4,11,2.197009708243483,2.197009708243483,1414.4486589087364,1414.4486589087364,0.8769360507329417,0.8863892668349247
    752.25,         Triletes,      33.6,   59.8328,       311,0.29,2.401,0.56041,          Sltst,3,11,7.7,11,11,2.3,11,8,6.4,11,2.183914650886268,2.183914650886268,1419.7850077193903,1419.7850077193903,0.8780039684656418,0.8858293669611861
    752.50,         Triletes,     33.61,   62.4133,       309,0.215,2.449,0.592667,          Sltst,3,11,7.7,11,11,2.3,11,8,6.4,11,2.350704570673983,2.350704570673983,1187.8494068642526,1187.8494068642526,1.022848359633362,1.0260108548919313
    752.75,         Triletes,     33.62,   63.8815,       307,0.09699999999999999,2.487,0.611019,          Sltst,3,11,7.7,11,11,2.3,11,8,6.4,11,2.6384293124486664,2.6384293124486664,849.4192644415148,849.4192644415148,1.2655608080875727,1.2589610381336276
    753.00,         Triletes,     33.63,   63.3559,       303,0.3435,2.472,0.604448,          Sltst,3,11,7.7,11,11,2.3,11,8,6.4,11,2.0279524380008502,2.0279524380008502,1519.3462174373567,1519.3462174373567,0.7440043003774635,0.7620736454522676
    753.25,         Triletes,   33.6325,   64.1187,       301,0.267,2.454,0.613983,          Sltst,3,11,7.7,11,11,2.3,11,8,6.4,11,2.1940795987952315,2.1940795987952315,1317.8971916999392,1317.8971916999392,0.9024370492097926,0.9112571402898368
    753.50,         Triletes,     33.65,   64.1187,       300,0.233,2.474,0.613983,          Sltst,3,11,7.7,11,11,2.3,11,8,6.4,11,2.2895767797921653,2.2895767797921653,1218.6106441206134,1218.6106441206134,0.9747905695328947,0.9814452334966597
    753.75,         Triletes,     33.66,   68.4945,       304,0.319,2.486,0.668681,          Sltst,3,11,7.7,11,11,2.3,11,8,6.4,11,2.0048763090915553,2.0048763090915553,1425.3422708798405,1425.3422708798405,0.7667520404970549,0.7829276875801996
    754.00,         Triletes,     33.67,   72.6563,       306,0.34299999999999997,2.527,0.720703,          Sltst,3,11,7.7,11,11,2.3,11,8,6.4,11,1.89397007581217,1.89397007581217,1454.9651087949537,1454.9651087949537,0.6918766687118123,0.7131236213811328
    754.25,         Triletes,     33.68,   67.9559,       307,0.31,2.548,0.661949,          Sltst,3,11,7.7,11,11,2.3,11,8,6.4,11,2.071386361437284,2.071386361437284,1378.6555949752697,1378.6555949752697,0.7889846219805976,0.8085180287326765
    754.50,         Triletes,     33.69,   63.3384,       304,0.2575,2.583,0.60423,          Sltst,3,11,7.7,11,11,2.3,11,8,6.4,11,2.303506791955215,2.303506791955215,1244.0218226724558,1244.0218226724558,0.9271158902606493,0.9438628181656772
    754.75,         Triletes,     33.69,   65.1823,       304,0.321,2.58,0.627279,          Sltst,3,11,7.7,11,11,2.3,11,8,6.4,11,2.1114193859716384,2.1114193859716384,1407.5375728987983,1407.5375728987983,0.7814391437020802,0.8044829257090901
    755.00,         Triletes,   33.7075,   65.1823,       303,0.222,2.646,0.627279,          Sltst,3,11,7.7,11,11,2.3,11,8,6.4,11,2.393815074992644,2.393815074992644,1115.319783759694,1115.319783759694,0.9921155705252303,1.0093880255205632
    755.25,         Triletes,     33.71,   67.5818,       291,0.335,2.643,0.657272,          Sltst,3,11,7.7,11,11,2.3,11,8,6.4,11,2.0690247846152534,2.0690247846152534,1409.24398472669,1409.24398472669,0.7379234324075821,0.7666144528305421
    755.50,         Triletes,   33.7225,   66.6433,       274,0.3225,2.613,0.645542,          Sltst,3,11,7.7,11,11,2.3,11,8,6.4,11,2.100041084342373,2.100041084342373,1391.8761568014481,1391.8761568014481,0.7698909699890442,0.7952732551403779
    755.75,         Triletes,     33.74,   65.6689,       272,0.307,2.653,0.633361,          Sltst,3,11,7.7,11,11,2.3,11,8,6.4,11,2.1781819319830547,2.1781819319830547,1338.4996360391372,1338.4996360391372,0.8084489935807931,0.83502535423376
    756.00,         Triletes,     33.74,    65.493,       276,0.264,2.68,0.631162,          Sltst,3,11,7.7,11,11,2.3,11,8,6.4,11,2.3030471251117737,2.3030471251117737,1213.0207288410575,1213.0207288410575,0.9009610532586021,0.9249265206572911
    756.25,         Triletes,     33.76,   68.2571,       269,0.23199999999999998,2.662,0.631162,          Sltst,3,11,7.7,11,11,2.3,11,8,6.4,11,2.3723903832472315,2.3723903832472315,1134.3648793269076,1134.3648793269076,0.9690584841509334,0.9884539827156387
    756.50,         Triletes,   33.7675,   68.2571,       268,0.2965,2.589,0.665714,          Sltst,3,11,7.7,11,11,2.3,11,8,6.4,11,2.122368565751862,2.122368565751862,1324.6286552200822,1324.6286552200822,0.8159905764843033,0.8369193689019967
    756.75,         Triletes,     33.78,   68.9961,       286,0.303,2.565,0.674952,          Sltst,3,11,7.7,11,11,2.3,11,8,6.4,11,2.079676709937475,2.079676709937475,1348.4599886797114,1348.4599886797114,0.7979315041916366,0.8178431116299996
    757.00,         Triletes,     33.79,   70.4168,       300,0.233,2.478,0.69271,          Sltst,3,11,7.7,11,11,2.3,11,8,6.4,11,2.179463971936064,2.179463971936064,1189.2742310261438,1189.2742310261438,0.9387695868113274,0.9453254556855437
    757.25,         Triletes,     33.79,   71.4703,       298,0.29100000000000004,2.441,0.705879,          Sltst,3,11,7.7,11,11,2.3,11,8,6.4,11,1.9961573388923304,1.9961573388923304,1355.1646274811942,1355.1646274811942,0.8093176103949442,0.8193067259752922
    757.50,         Triletes,    33.805,   66.6445,       297,0.2065,2.627,0.645557,          Sltst,3,11,7.7,11,11,2.3,11,8,6.4,11,2.395586627400199,2.395586627400199,1074.9123500972032,1074.9123500972032,1.0167372938297055,1.031002458476366
    757.75,         Triletes,     33.82,   66.8973,       280,0.174,2.742,0.645557,          Sltst,3,11,7.7,11,11,2.3,11,8,6.4,11,2.540344179660846,2.540344179660846,941.4945737316316,941.4945737316316,1.0858987470797294,1.1046867166368184
    758.00,         Triletes,     33.83,   66.8973,       272,0.28600000000000003,2.825,0.648716,          Sltst,3,11,7.7,11,11,2.3,11,8,6.4,11,2.3042888540676114,2.3042888540676114,1207.644283729864,1207.644283729864,0.8461123608217821,0.8822553851768221
    758.25,         Triletes,     33.84,    68.041,       291,0.311,2.846,0.663012,          Sltst,3,11,7.7,11,11,2.3,11,8,6.4,11,2.2335830460514057,2.2335830460514057,1261.2722511770553,1261.2722511770553,0.7863702091242564,0.826492648438423
    758.50,         Triletes,     33.85,   69.6163,       271,0.028999999999999998,2.827,0.682704,          Sltst,3,11,7.7,11,11,2.3,11,8,6.4,11,2.8944386888150624,2.8944386888150624,505.10059668611257,505.10059668611257,1.3774688833674407,1.3868253310538596
    758.75,         Triletes,     33.86,    74.133,       265,0.313,2.798,0.739163,          Sltst,3,11,7.7,11,11,2.3,11,8,6.4,11,2.0931844885252713,2.0931844885252713,1259.0970277502845,1259.0970277502845,0.7472717675750251,0.7839404871109972
    759.00,         Triletes,     33.87,   75.6549,       282,0.2205,2.694,0.758186,          Sltst,3,11,7.7,11,11,2.3,11,8,6.4,11,2.2375010665267046,2.2375010665267046,1045.9054923652175,1045.9054923652175,0.9354120644768609,0.9552071109234059
    759.25,         Triletes,     33.88,   73.7054,       293,0.298,2.677,0.758186,          Sltst,3,11,7.7,11,11,2.3,11,8,6.4,11,2.035767295871178,2.035767295871178,1260.7378417933853,1260.7378417933853,0.7704885990344961,0.7971852212678603
    759.50,         Triletes,     33.89,   73.7054,       302,0.315,2.651,0.733818,          Sltst,3,11,7.7,11,11,2.3,11,8,6.4,11,2.013868713059765,2.013868713059765,1325.3906519569252,1325.3906519569252,0.745461245137113,0.7722561588528738
    759.75,         Triletes,   33.8975,   72.1437,       303,0.233,2.629,0.714297,          Sltst,3,11,7.7,11,11,2.3,11,8,6.4,11,2.232871808101651,2.232871808101651,1121.0209669544497,1121.0209669544497,0.9288926074521435,0.9457284613967503
    760.00,         Triletes,      33.9,   72.6837,       302,0.2,2.56,0.721046,          Sltst,3,11,7.7,11,11,2.3,11,8,6.4,11,2.2666222671339047,2.2666222671339047,1057.7883570011659,1057.7883570011659,0.9960301257848738,1.0046531604007947
    760.25,         Triletes,   33.9175,   69.4655,       301,0.193,2.51,0.680819,          Sltst,3,11,7.7,11,11,2.3,11,8,6.4,11,2.31350611767514,2.31350611767514,1073.2526181589049,1073.2526181589049,1.029332018478581,1.0339792118001563
    760.50,         Triletes,     33.92,   57.2203,       307,0.261,2.647,0.527754,          Sltst,3,11,7.7,11,11,2.3,11,8,6.4,11,2.439648554060179,2.439648554060179,1254.6466489068366,1254.6466489068366,0.9546587873294577,0.9765338522216098
    760.75,         Triletes,    33.925,   47.6049,       306,0.22899999999999998,2.571,0.527754,          Sltst,3,11,7.7,11,11,2.3,11,8,6.4,11,2.4766452763432527,2.4766452763432527,1199.2867235662686,1199.2867235662686,1.022756218221789,1.036073338391138
    761.00,         Triletes,     33.94,   47.6049,       306,0.311,2.446,0.407561,          Sltst,3,11,7.7,11,11,2.3,11,8,6.4,11,2.375032631440869,2.375032631440869,1511.9106099275052,1511.9106099275052,0.9032500096654565,0.9170821525365775
    761.25,         Triletes,     33.94,   49.0849,       309,0.374,2.344,0.426061,          Sltst,3,11,7.7,11,11,2.3,11,8,6.4,11,2.135464809251971,2.135464809251971,1715.450411925929,1715.450411925929,0.7607186482803918,0.7740101159502086
    761.50,         Triletes,     33.95,    53.632,       304,0.3015,2.526,0.4829,          Sltst,3,11,7.7,11,11,2.3,11,8,6.4,11,2.335706106259734,2.335706106259734,1427.744555971216,1427.744555971216,0.8889956072071794,0.9069813833334719
    761.75,         Triletes,     33.96,    59.676,       306,0.287,2.501,0.55845,          Sltst,3,11,7.7,11,11,2.3,11,8,6.4,11,2.2499235119634577,2.2499235119634577,1372.258209906754,1372.258209906754,0.8852848867663353,0.8996830075320632
    762.00,         Contorta,     33.97,   59.0951,       303,0.23199999999999998,2.555,0.551189,          Sltst,3,11,7.7,11,11,2.3,11,8,6.4,11,2.4268382497813596,2.4268382497813596,1205.5105157225075,1205.5105157225075,1.0056495653707422,1.0180676804283477
    762.25,         Contorta,     33.97,    58.074,       301,0.23199999999999998,2.617,0.551189,          Sltst,3,11,7.7,11,11,2.3,11,8,6.4,11,2.461415581209771,2.461415581209771,1180.6079760886787,1180.6079760886787,1.0056495653707422,1.0223306891370858
    762.50,         Contorta,     33.98,    58.074,       300,0.32799999999999996,2.581,0.538425,          Sltst,3,11,7.7,11,11,2.3,11,8,6.4,11,2.221407162623462,2.221407162623462,1457.220201579669,1457.220201579669,0.8071973507287056,0.8314607512273855
    762.75,         Contorta,     33.98,   55.8292,       300,0.32299999999999995,2.566,0.510365,          Sltst,3,11,7.7,11,11,2.3,11,8,6.4,11,2.265486773607792,2.265486773607792,1459.708879250512,1459.708879250512,0.83067622908947,0.8535208216605825
    763.00,         Contorta,     33.99,   50.9436,       297,0.27699999999999997,2.539,0.449295,          Sltst,3,11,7.7,11,11,2.3,11,8,6.4,11,2.4516873212320056,2.4516873212320056,1368.6034765974077,1368.6034765974077,0.9565084330980144,0.9729963277606877
    763.25,         Contorta,     33.99,   44.5766,       297,0.24,2.547,0.369707,          Sltst,3,11,7.7,11,11,2.3,11,8,6.4,11,2.6615064151745047,2.6615064151745047,1294.118063938025,1294.118063938025,1.0716610147567258,1.0852238950247584
    763.50,         Contorta,        34,   42.0287,       299,0.341,2.519,0.337859,          Sltst,3,11,7.7,11,11,2.3,11,8,6.4,11,2.440789085800812,2.440789085800812,1587.6585920382647,1587.6585920382647,0.8713003259281669,0.8936068423637171
    763.75,         Contorta,     34.01,    44.694,       301,0.363,2.49,0.337859,          Sltst,3,11,7.7,11,11,2.3,11,8,6.4,11,2.37004080409316,2.37004080409316,1658.352917246173,1658.352917246173,0.8244833421896891,0.8470868414675703
    764.00,         Contorta,     34.01,    44.694,       299,0.45799999999999996,2.44,0.371175,          Sltst,3,11,7.7,11,11,2.3,11,8,6.4,11,2.0589490213378374,2.0589490213378374,1921.6737378604648,1921.6737378604648,0.6070755937726875,0.6359758132409734
    764.25,         Contorta,     34.01,   48.2179,       298,0.319,2.441,0.415224,          Sltst,3,11,7.7,11,11,2.3,11,8,6.4,11,2.3414635594353523,2.3414635594353523,1532.6911663228193,1532.6911663228193,0.8827195004238939,0.897004545506396
    764.50,         Contorta,    34.015,   51.1776,       295,0.312,2.402,0.45222,          Sltst,3,11,7.7,11,11,2.3,11,8,6.4,11,2.284284705710883,2.284284705710883,1516.5371871705063,1516.5371871705063,0.8806885549717605,0.8913874127107212
    764.75,         Contorta,     34.02,   59.1863,       292,0.303,2.453,0.552329,          Sltst,3,11,7.7,11,11,2.3,11,8,6.4,11,2.1921977264993946,2.1921977264993946,1436.6363881968987,1436.6363881968987,0.8540367916313553,0.8668297441350477
    765.00,         Contorta,     34.03,   58.9381,       293,0.2925,2.459,0.549227,          Sltst,3,11,7.7,11,11,2.3,11,8,6.4,11,2.2260176464048302,2.2260176464048302,1407.137855288867,1407.137855288867,0.8778005593303377,0.8899273727497525
    765.25,         Contorta,     34.03,   61.4096,       295,0.39899999999999997,2.415,0.580121,          Sltst,3,11,7.7,11,11,2.3,11,8,6.4,11,1.893200408266836,1.893200408266836,1699.7669915609936,1699.7669915609936,0.6370284656773688,0.6570736020722729
    765.50,         Contorta,     34.03,   61.4096,       296,0.3525,2.34,0.580121,          Sltst,3,11,7.7,11,11,2.3,11,8,6.4,11,1.9667247248907862,1.9667247248907862,1605.088491207355,1605.088491207355,0.7359825449427877,0.7460285368013344
    765.75,         Contorta,   34.0325,   67.9315,       295,0.25,2.37,0.661644,          Sltst,3,11,7.7,11,11,2.3,11,8,6.4,11,2.121392140656586,2.121392140656586,1289.2218764939737,1289.2218764939737,0.9168068554991954,0.9178546478836532
    766.00,         Contorta,     34.04,   69.1846,       300,0.2615,2.445,0.677308,          Sltst,3,11,7.7,11,11,2.3,11,8,6.4,11,2.112339146887977,2.112339146887977,1284.4456927474357,1284.4456927474357,0.8851673887229398,0.8924952203306322
    766.25,         Contorta,     34.04,   71.4927,       296,0.494,2.516,0.706158,          Sltst,3,11,7.7,11,11,2.3,11,8,6.4,11,1.5340080860684655,1.5340080860684655,1869.7792122605797,1869.7792122605797,0.37719687869257656,0.4134809471000631
    766.50,         Contorta,     34.04,   73.9559,       318,0.2525,2.541,0.736949,          Sltst,3,11,7.7,11,11,2.3,11,8,6.4,11,2.103096543570046,2.103096543570046,1200.7244037018,1200.7244037018,0.8770314729161175,0.8897396770838948
    766.75,         Contorta,     34.05,    74.808,       299,0.22399999999999998,2.509,0.7476,          Sltst,3,11,7.7,11,11,2.3,11,8,6.4,11,2.1407506280342936,2.1407506280342936,1133.3338750506975,1133.3338750506975,0.9328074574933866,0.9402969752899875
    767.00,         Contorta,     34.05,    74.808,       288,0.292,2.465,0.7476,          Sltst,3,11,7.7,11,11,2.3,11,8,6.4,11,1.9475254704643994,1.9475254704643994,1333.513585669596,1333.513585669596,0.7881004168471826,0.7996457560564232
    767.25,         Contorta,   34.0567,   72.0109,       293,0.319,2.557,0.712636,          Sltst,3,11,7.7,11,11,2.3,11,8,6.4,11,1.9817490481767672,1.9817490481767672,1381.342696054467,1381.342696054467,0.7466407407456801,0.7674895041127308
    767.50,         Contorta,     34.06,   82.7504,       296,0.256,2.603,0.84688,          Sltst,3,11,7.7,11,11,2.3,11,8,6.4,11,1.9721197058727882,1.9721197058727882,1146.4949057534598,1146.4949057534598,0.8192851639161163,0.8360988521879289
    767.75,         Contorta,     34.06,   89.8949,       269,0.198,2.688,0.936186,          Sltst,3,11,7.7,11,11,2.3,11,8,6.4,11,2.0359638337792596,2.0359638337792596,925.2306325263572,925.2306325263572,0.9018504279670772,0.918044670271286
    768.00,         Contorta,     34.07,   93.1039,       261,0.2555,2.661,0.976299,          Sltst,3,11,7.7,11,11,2.3,11,8,6.4,11,1.8210253831992023,1.8210253831992023,1076.272115508036,1076.272115508036,0.7611344370411123,0.7812694994806635
    768.25,         Contorta,     34.07,   88.6702,       267,0.32,2.611,0.920878,          Sltst,3,11,7.7,11,11,2.3,11,8,6.4,11,1.7122223106154064,1.7122223106154064,1288.9887982101247,1288.9887982101247,0.6492330399541761,0.6729100634660615
    768.50,         Contorta,     34.07,   88.6702,       272,0.242,2.599,0.920878,          Sltst,3,11,7.7,11,11,2.3,11,8,6.4,11,1.8990231545670466,1.8990231545670466,1084.4624480705406,1084.4624480705406,0.8152205277542337,0.8299499200170097
    768.75,         Contorta,     34.08,    83.628,       269,0.26899999999999996,2.541,0.857849,          Sltst,3,11,7.7,11,11,2.3,11,8,6.4,11,1.8896407153608679,1.8896407153608679,1202.4248970281005,1202.4248970281005,0.7866017941512489,0.8004541438928597
    769.00,         Contorta,     34.08,    82.119,       269,0.191,2.511,0.838988,            Sst,3,11,7.7,11,11,2.3,11,8,6.4,11,2.0933176680099193,2.0933176680099193,1011.7716753222683,1011.7716753222683,0.9612189992669855,0.9649756297914289
    769.25,         Contorta,     34.08,   76.1238,       265,0.214,2.525,0.764047,              C,3,11,7.7,11,11,2.3,11,8,6.4,11,2.1510107293435863,2.1510107293435863,1094.2750750540674,1094.2750750540674,0.9465626959790371,0.9540328976328203
    769.50,         Contorta,     34.08,   70.7226,       266,0.20199999999999999,2.482,0.696533,              C,3,11,7.7,11,11,2.3,11,8,6.4,11,2.2531404938245947,2.2531404938245947,1103.1193571583353,1103.1193571583353,1.0029897863439894,1.006574348766098
    769.75,         Contorta,     34.08,    61.475,       264,0.136,2.509,0.696533,              C,3,11,7.7,11,11,2.3,11,8,6.4,11,2.4319234053071517,2.4319234053071517,915.1356134383158,915.1356134383158,1.1434407375594227,1.1420088591557596
    770.00,         Contorta,     34.09,    61.475,       274,0.28,2.533,0.580938,              C,3,11,7.7,11,11,2.3,11,8,6.4,11,2.2530442278582297,2.2530442278582297,1332.6969198168008,1332.6969198168008,0.889891974229523,0.905654630107211
    770.25,         Contorta,     34.09,   62.9874,       273,0.252,2.585,0.599842,              C,3,11,7.7,11,11,2.3,11,8,6.4,11,2.324527628910901,2.324527628910901,1230.0024974979983,1230.0024974979983,0.9408278345983864,0.9571603722305939
    770.50,         Contorta,     34.09,   65.0547,       269,0.2415,2.657,0.625684,          Sltst,3,11,7.7,11,11,2.3,11,8,6.4,11,2.353852523690762,2.353852523690762,1163.7999428970752,1163.7999428970752,0.9513484795581176,0.9714154817161802
    770.75,         Contorta,      34.1,   69.2279,       271,0.278,2.674,0.677849,          Sltst,3,11,7.7,11,11,2.3,11,8,6.4,11,2.1983489250807313,2.1983489250807313,1236.5611750267908,1236.5611750267908,0.8498071201907116,0.8745962399401194
    771.00,         Contorta,      34.1,   72.8106,       264,0.32549999999999996,2.693,0.722632,              C,3,11,7.7,11,11,2.3,11,8,6.4,11,2.0272073477239734,2.0272073477239734,1340.6424228205667,1340.6424228205667,0.7282348509075343,0.7590641427988023
    771.25,         Contorta,     34.11,   67.9372,       265,0.285,2.718,0.722632,              C,3,11,7.7,11,11,2.3,11,8,6.4,11,2.141617459080917,2.141617459080917,1221.9020895392387,1221.9020895392387,0.814420661880641,0.842751439948082
    771.50,         Contorta,     34.11,   67.9372,       266,0.273,2.821,0.661715,              C,3,11,7.7,11,11,2.3,11,8,6.4,11,2.3157573284701964,2.3157573284701964,1169.7812639312647,1169.7812639312647,0.867829341496877,0.9022818530126946
    771.75,         Contorta,     34.12,   72.6185,       264,0.426,2.848,0.720231,              C,3,11,7.7,11,11,2.3,11,8,6.4,11,1.8677683229313127,1.8677683229313127,1548.9662938920528,1548.9662938920528,0.5154649176006145,0.5674287032850925
    772.00,         Contorta,     34.12,   72.6052,       264,0.2865,2.819,0.720066,          Sltst,3,11,7.7,11,11,2.3,11,8,6.4,11,2.197885711394049,2.197885711394049,1186.264752781409,1186.264752781409,0.8124026499813095,0.8478463937200309
    772.25,         Contorta,     34.13,   60.2153,       265,0.235,2.806,0.565192,          Sltst,3,11,7.7,11,11,2.3,11,8,6.4,11,2.5393963128173276,2.5393963128173276,1107.8149336795072,1107.8149336795072,0.9928584574919392,1.0227807951507657
    772.50,         Contorta,     34.13,   47.8943,       265,0.203,2.792,0.411179,          Sltst,3,11,7.7,11,11,2.3,11,8,6.4,11,2.8307472587689877,2.8307472587689877,1081.8000498785261,1081.8000498785261,1.1314234485846684,1.157782166776749
    772.75,         Contorta,     34.13,      37.2,       266,0.332,2.804,0.411179,          Sltst,3,11,7.7,11,11,2.3,11,8,6.4,11,2.517431610142146,2.517431610142146,1423.2066054352458,1423.2066054352458,0.8569056802999576,0.8975229165649558
    773.00,         Contorta,     34.14,      37.2,       269,0.302,2.705,0.2775,          Sltst,3,11,7.7,11,11,2.3,11,8,6.4,11,2.7274001221608235,2.7274001221608235,1429.5379617007538,1429.5379617007538,0.9819109039015259,1.0132317892216043
    773.25,         Contorta,     34.14,      38.7,       271,0.366,2.62,0.29625,            Sst,3,11,7.7,11,11,2.3,11,8,6.4,11,2.4944757481715123,2.4944757481715123,1628.8455167677587,1628.8455167677587,0.8371371120670787,0.8691891596042906
    773.50,         Contorta,     34.15,      42.8,       268,0.2325,2.508,0.3475,            Sst,3,11,7.7,11,11,2.3,11,8,6.4,11,2.6900507148459574,2.6900507148459574,1297.4750340677172,1297.4750340677172,1.0977820061016126,1.1079877515016716
    773.75,         Contorta,     34.15,      50.2,       266,0.374,2.501,0.44,              C,3,11,7.7,11,11,2.3,11,8,6.4,11,2.2031325517269527,2.2031325517269527,1647.4810589558674,1647.4810589558674,0.7543409572956481,0.7783612750894227
    774.00,         Contorta,     34.15,      57.6,       267,0.2825,2.627,0.5325,          Sltst,3,11,7.7,11,11,2.3,11,8,6.4,11,2.368387351105379,2.368387351105379,1318.7124558262424,1318.7124558262424,0.9067343271744712,0.9294505952919537
    774.25,         Contorta,     34.16,      48.6,       265,0.239,2.75,0.5325,          Sltst,3,11,7.7,11,11,2.3,11,8,6.4,11,2.5448940014088084,2.5448940014088084,1152.5582669796183,1152.5582669796183,0.999304272293734,1.0259479255681119
    774.50,         Contorta,     34.16,      48.6,       266,0.20850000000000002,2.736,0.42,            Sst,3,11,7.7,11,11,2.3,11,8,6.4,11,2.7732847807149295,2.7732847807149295,1115.9472602024523,1115.9472602024523,1.1156832164116943,1.138722332115433
    774.75,         Contorta,     34.17,      39.8,       266,0.187,2.722,0.31,            Sst,3,11,7.7,11,11,2.3,11,8,6.4,11,2.975781912480399,2.975781912480399,1102.6110155751803,1102.6110155751803,1.2117659007512152,1.23212582318639
    775.00,         Contorta,     34.17,      35.5,       272,0.38299999999999995,2.705,0.25625,            Sst,3,11,7.7,11,11,2.3,11,8,6.4,11,2.5567886412300065,2.5567886412300065,1654.420764861926,1654.420764861926,0.8192620693450682,0.8591187962298535
    775.25,         Contorta,     34.17,      38.4,       268,0.23600000000000002,2.698,0.2925,            Sst,3,11,7.7,11,11,2.3,11,8,6.4,11,2.865816238012281,2.865816238012281,1249.9270400858195,1249.9270400858195,1.1154987110771317,1.1393941504834924
    775.50,         Contorta,   34.1775,      49.2,       268,0.539,2.687,0.4275,            Sst,3,11,7.7,11,11,2.3,11,8,6.4,11,1.9153894703469698,1.9153894703469698,2020.0240045519388,2020.0240045519388,0.40893286595692113,0.46298384587633024
    775.75,         Contorta,     34.18,      51.5,       261,0.212,2.685,0.45625,            Sst,3,11,7.7,11,11,2.3,11,8,6.4,11,2.684430918246838,2.684430918246838,1133.057107749434,1133.057107749434,1.0916491284782621,1.111373918566494
    776.00,         Contorta,     34.18,      51.5,       261,0.37450000000000006,2.685,0.45625,            Sst,3,11,7.7,11,11,2.3,11,8,6.4,11,2.2813200209974216,2.2813200209974216,1569.1950171667781,1569.1950171667781,0.7458418622281422,0.7824885956275273
    776.25,         Contorta,     34.19,      56.4,       264,0.336,2.708,0.5175,            Sst,3,11,7.7,11,11,2.3,11,8,6.4,11,2.3022494839680596,2.3022494839680596,1435.051921471426,1435.051921471426,0.7997470789411822,0.8336752121938644
    776.50,         Contorta,     34.19,        52,       257,0.318,2.717,0.4625,            Sst,3,11,7.7,11,11,2.3,11,8,6.4,11,2.430406179878336,2.430406179878336,1402.4988767427972,1402.4988767427972,0.8632167452974865,0.8961504341862944
    776.75,         Contorta,      34.2,        49,       260,0.245,2.709,0.425,            Sst,3,11,7.7,11,11,2.3,11,8,6.4,11,2.6605469902701286,2.6605469902701286,1222.994062392575,1222.994062392575,1.0357218696201862,1.060681700555203
    777.00,         Contorta,     34.21,      57.8,       279,0.2675,2.659,0.535,            Sst,3,11,7.7,11,11,2.3,11,8,6.4,11,2.4198764468436225,2.4198764468436225,1264.720079980214,1264.720079980214,0.9375111405652802,0.9608537746859241
    777.25,         Contorta,     34.22,      46.3,       285,0.319,2.637,0.535,            Sst,3,11,7.7,11,11,2.3,11,8,6.4,11,2.279851925277969,2.279851925277969,1411.7786332269156,1411.7786332269156,0.8279168377229345,0.8551097456757148
    777.50,         Contorta,    34.235,      46.3,       279,0.22699999999999998,2.594,0.39125,            Sst,3,11,7.7,11,11,2.3,11,8,6.4,11,2.689225226240844,2.689225226240844,1232.7612670800006,1232.7612670800006,1.089468748586735,1.1048072140723308
    777.75,         Contorta,     34.25,      34.5,       284,0.23600000000000002,2.529,0.24375,            Sst,3,11,7.7,11,11,2.3,11,8,6.4,11,2.8411314829384997,2.8411314829384997,1334.9776235290547,1334.9776235290547,1.1378039292065714,1.1503107168569455
    778.00,         Contorta,   -999.25,      47.7,       272,0.385,2.554,0.40875,            Sst,3,11,7.7,11,11,2.3,11,8,6.4,11,2.2499969054578957,2.2499969054578957,1666.7236883910998,1666.7236883910998,0.7452306821760502,0.7741890579742785
    778.25,         Contorta,   -999.25,      49.2,       272,0.401,2.525,0.4275,            Sst,3,11,7.7,11,11,2.3,11,8,6.4,11,2.1673764268743216,2.1673764268743216,1714.7101983867535,1714.7101983867535,0.7026030366800999,0.7311445524577962
    778.50,         Contorta,   -999.25,      48.3,       283,0.2845,2.453,0.41625,            Sst,3,11,7.7,11,11,2.3,11,8,6.4,11,2.432275386229273,2.432275386229273,1434.9145016691807,1434.9145016691807,0.9556676040523644,0.9671802169943549
    778.75,         Contorta,   -999.25,      46.7,       277,0.307,2.608,0.41625,            Sst,3,11,7.7,11,11,2.3,11,8,6.4,11,2.462903359796537,2.462903359796537,1433.0464785039321,1433.0464785039321,0.9077865979561939,0.9322997709746506
    779.00,         Contorta,   -999.25,      46.7,       266,0.1885,2.704,0.39625,            Sst,3,11,7.7,11,11,2.3,11,8,6.4,11,2.838943367620837,2.838943367620837,1083.48707002558,1083.48707002558,1.1691107554491285,1.187979682566143
    779.25,         Contorta,   -999.25,      49.2,       280,0.159,2.77,0.4275,            Sst,3,11,7.7,11,11,2.3,11,8,6.4,11,2.904337807502002,2.904337807502002,966.7950071143313,966.7950071143313,1.2175898578033557,1.2377764551469164
    779.50,         Contorta,   -999.25,      54.5,       275,0.3225,2.736,0.49375,            Sst,3,11,7.7,11,11,2.3,11,8,6.4,11,2.3852455686243887,2.3852455686243887,1395.9380157675419,1395.9380157675419,0.8393423273286116,0.8739026420257945
    779.75,         Contorta,   -999.25,        52,       277,0.251,2.725,0.4625,            Sst,3,11,7.7,11,11,2.3,11,8,6.4,11,2.601073494819379,2.601073494819379,1219.4626308625368,1219.4626308625368,1.0057957412283054,1.032302448360967
    780.00,         Contorta,   -999.25,      53.9,       285,0.2595,2.757,0.48625,            Sst,3,11,7.7,11,11,2.3,11,8,6.4,11,2.563942756026508,2.563942756026508,1221.0576766806435,1221.0576766806435,0.9768407164178026,1.0063200592259376
    780.25,         Contorta,   -999.25,      54.3,       274,0.23600000000000002,2.741,0.49125,            Sst,3,11,7.7,11,11,2.3,11,8,6.4,11,2.6061806000924874,2.6061806000924874,1162.6507505702211,1162.6507505702211,1.024562052549416,1.0504703486979483
    780.50,          Postera,   -999.25,      54.3,       272,0.248,2.636,0.49125,            Sst,3,11,7.7,11,11,2.3,11,8,6.4,11,2.5178540268864493,2.5178540268864493,1237.0315135586789,1237.0315135586789,0.9990255159647917,1.0189638210195928
    780.75,          Postera,   -999.25,      53.8,       272,0.26,2.616,0.485,          Mrlst,3,11,7.7,11,11,2.3,11,8,6.4,11,2.485850623518839,2.485850623518839,1279.4731185614767,1279.4731185614767,0.9763486227300956,0.9961910616638676
    781.00,          Postera,   -999.25,      48.2,       286,0.174,2.704,0.415,          Mrlst,3,11,7.7,11,11,2.3,11,8,6.4,11,2.8481569715241153,2.8481569715241153,1037.9658872438024,1037.9658872438024,1.1913884737724316,1.208658410222615
    781.25,          Postera,   -999.25,      48.2,       263,0.204,2.752,0.415,          Mrlst,3,11,7.7,11,11,2.3,11,8,6.4,11,2.8005060450980803,2.8005060450980803,1099.2042696132708,1099.2042696132708,1.127547132310871,1.1512415136729055
    781.50,          Postera,   -999.25,        53,       264,0.3025,2.764,0.475,          Mrlst,3,11,7.7,11,11,2.3,11,8,6.4,11,2.4772310780924025,2.4772310780924025,1337.6174572512923,1337.6174572512923,0.8904821516861032,0.9249740280557948
    781.75,          Postera,   -999.25,      46.9,       264,0.28300000000000003,2.735,0.39875,          Mrlst,3,11,7.7,11,11,2.3,11,8,6.4,11,2.618240036780082,2.618240036780082,1323.7862008519928,1323.7862008519928,0.9668666725052412,0.9976959938362608
    782.00,          Postera,   -999.25,      46.9,       216,0.267,2.744,0.39875,          Mrlst,3,11,7.7,11,11,2.3,11,8,6.4,11,2.662950245939931,2.662950245939931,1277.228506523806,1277.228506523806,1.000915387951407,1.0306973725550683
    782.25,          Postera,   -999.25,        48,       183,0.19,2.726,0.4125,          Mrlst,3,11,7.7,11,11,2.3,11,8,6.4,11,2.824302933617618,2.824302933617618,1072.9528799729105,1072.9528799729105,1.1584836156662373,1.1789442642179209
    782.50,          Postera,   -999.25,      51.7,       173,0.22949999999999998,2.774,0.45875,          Mrlst,3,11,7.7,11,11,2.3,11,8,6.4,11,2.6870866714935766,2.6870866714935766,1143.3980434783539,1143.3980434783539,1.0532644886190474,1.0809192510565109
    782.75,          Postera,   -999.25,      57.2,       159,0.153,2.799,0.5275,          Mrlst,3,11,7.7,11,11,2.3,11,8,6.4,11,2.7926949485300394,2.7926949485300394,903.8207627356232,903.8207627356232,1.1846038324968169,1.205684766779302
    783.00,          Postera,   -999.25,      58.4,       141,0.2075,2.775,0.5425,          Mrlst,3,11,7.7,11,11,2.3,11,8,6.4,11,2.622707948607663,2.622707948607663,1054.4509911946768,1054.4509911946768,1.0617622514684877,1.0867971221617947
    783.25,          Postera,   -999.25,      57.5,       121,0.262,2.763,0.5425,          Mrlst,3,11,7.7,11,11,2.3,11,8,6.4,11,2.480818368648241,2.480818368648241,1205.5447825800043,1205.5447825800043,0.9457838144799857,0.9756689461625085
    783.50,          Postera,   -999.25,      57.5,        99,0.23399999999999999,2.783,0.53125,          Mrlst,3,11,7.7,11,11,2.3,11,8,6.4,11,2.577485229903659,2.577485229903659,1126.324345559426,1126.324345559426,1.0105164245406466,1.0389143589104342
    783.75,          Postera,   -999.25,      59.7,        73,0.258,2.784,0.55875,          Mrlst,3,11,7.7,11,11,2.3,11,8,6.4,11,2.479263989196381,2.479263989196381,1180.6506556121171,1180.6506556121171,0.946860920631714,0.9776962728472411
    784.00,          Postera,   -999.25,      55.5,        73,0.301,2.763,0.50625,          Mrlst,3,11,7.7,11,11,2.3,11,8,6.4,11,2.435800583625993,2.435800583625993,1322.9861199987854,1322.9861199987854,0.8793760020095404,0.9134945298734485
    784.25,          Postera,   -999.25,        56,        62,0.17300000000000001,2.779,,          Mrlst,3,5,13.4,5,5,6.6,5,5,7.7,5,2.6041403640381042,2.6041403640381042,933.9906676181847,933.9906676181847,1.1224335725817411,1.1224335725817411
    784.50,          Postera,   -999.25,      62.5,        56,0.157,2.751,,          Mrlst,3,5,13.4,5,5,6.6,5,5,7.7,5,2.655065460483202,2.655065460483202,908.9214954058757,908.9214954058757,1.1615891360185924,1.1615891360185924
    784.75,          Postera,   -999.25,      59.8,        51,0.0,2.714,,          Mrlst,3,5,13.4,5,5,6.6,5,5,7.7,5,3.186519096082672,3.186519096082672,542.5462354468195,542.5462354468195,1.529481681473017,1.529481681473017
    785.00,          Postera,   -999.25,      59.8,        47,,2.628,,          Mrlst,3,1,15.8,1,1,10.0,1,1,19.6,1,2.8325829142512133,2.8325829142512133,831.9582154653544,831.9582154653544,1.302133255366554,1.302133255366554
    785.25,          Postera,   -999.25,      58.7,        47,,2.544,,          Mrlst,3,1,15.8,1,1,10.0,1,1,19.6,1,2.658255679583886,2.658255679583886,991.5972266592244,991.5972266592244,1.1968019219442283,1.1968019219442283
    785.50,          Postera,   -999.25,      53.2,        47,,2.462,,          Mrlst,3,1,15.8,1,1,10.0,1,1,19.6,1,2.4880790933610197,2.4880790933610197,1147.4353090151444,1147.4353090151444,1.0939784774129104,1.0939784774129104
    785.75,          Postera,   -999.25,      51.8,        47,,2.48,,          Mrlst,3,1,15.8,1,1,10.0,1,1,19.6,1,2.5254349293611607,2.5254349293611607,1113.226949473601,1113.226949473601,1.1165494774319802,1.1165494774319802
    786.00,          Postera,   -999.25,      49.7,        47,,2.518,,          Mrlst,3,1,15.8,1,1,10.0,1,1,19.6,1,2.6042972498059034,2.6042972498059034,1041.0093015525654,1041.0093015525654,1.1641993663611272,1.1641993663611272
